cik,company,event_seq,event_date,edgar_date,lopucki_date,date_discrepancy_days,intra_event_spread_days,source,chapter,sic,is_primary_filer,n_filings
1000234,"Imperial Capital Bancorp, Inc.",1,2009-12-18,2009-12-22,2009-12-18,4,906,8K_FTS+8K_SUBMISSIONS+LOPUCKI,11,6022,1,51
1000285,SOLUTION TECHNOLOGY INTERNATIONAL INC,1,2009-05-14,2009-05-14,,,0,8K_FTS+8K_SUBMISSIONS,,7372,1,2
1000368,FIRSTPLUS FINANCIAL GROUP INC,1,2009-06-29,2009-06-29,,,25,8K_FTS+8K_SUBMISSIONS,,6141,1,4
1001065,PURCHASE POINT MEDIA CORP,1,2009-01-29,2009-01-29,,,0,8K_FTS+8K_SUBMISSIONS,,5500,1,2
1001136,"Stockwalk Group, Inc.",1,2002-02-11,,2002-02-11,,0,LOPUCKI,11,6211,1,1
1001233,"SANGAMO THERAPEUTICS, INC",1,2026-06-23,2026-06-23,,,66,8K_SUBMISSIONS,,2836.0,1,3
1001430,Thaxton Group Inc.,1,2003-10-17,,2003-10-17,,0,LOPUCKI,11,6141,1,1
1001430,THAXTON GROUP INC,2,2007-04-05,2007-04-05,,,12,8K_SUBMISSIONS,,6141.0,1,2
1001463,"Acacia Diversified Holdings, Inc.",1,2006-12-08,2006-12-08,,,0,8K_SUBMISSIONS,,5010.0,1,1
100166,Tultex Corporation,1,1999-12-03,,1999-12-03,,0,LOPUCKI,11,2253,1,1
1001903,ELINEAR INC,1,2006-09-18,2006-09-18,,,0,8K_SUBMISSIONS,,7373.0,1,1
1002063,"Complete Management, Inc.",1,1999-10-12,,1999-10-12,,0,LOPUCKI,11,8742,1,1
1002130,ContiFinancial Corp.,1,2000-05-17,,2000-05-17,,0,LOPUCKI,11,6162,1,1
1002131,Lernout & Hauspie Speech Products NV,1,2000-11-29,,2000-11-29,,0,LOPUCKI,11,7372,1,1
1002178,SCHLOTZSKYS INC,1,2006-04-13,2006-04-13,,,18,8K_SUBMISSIONS,,5812.0,1,2
1002682,HORIZON FINANCIAL CORP,1,2010-01-11,2010-01-11,,,0,8K_FTS+8K_SUBMISSIONS,,6022,1,2
1002813,POINT WEST CAPITAL CORP,1,2004-09-24,2004-09-24,,,0,8K_SUBMISSIONS,,6199.0,1,1
1002816,"Highlands Insurance Group, Inc.",1,2002-10-31,,2002-10-31,,0,LOPUCKI,11,6331,1,1
1002902,VELOCITY EXPRESS CORP,1,2009-09-25,2009-09-25,,,0,8K_FTS+8K_SUBMISSIONS,,4513,1,2
1003111,Globix Corp.,1,2002-03-01,,2002-03-01,,0,LOPUCKI,11,7370,1,1
1003114,Impath Inc.,1,2003-09-28,,2003-09-28,,0,LOPUCKI,11,8071,1,1
1003390,SILVERSTAR HOLDINGS LTD,1,2009-05-04,2009-05-04,,,0,8K_FTS+8K_SUBMISSIONS,,7372,1,2
1003429,REUNION INDUSTRIES INC,1,2007-11-29,2007-11-29,,,0,8K_SUBMISSIONS,,3089.0,1,1
1003429,REUNION INDUSTRIES INC,2,2010-06-11,2010-06-11,,,0,8K_FTS+8K_SUBMISSIONS,,3089,1,2
1003515,"Hines Horticulture, Inc.",1,2008-08-20,,2008-08-20,,0,LOPUCKI,11,100,1,1
1004153,AmeriTruck Distribution Corp.,1,1998-11-09,,1998-11-09,,0,LOPUCKI,11,4213,1,1
1004740,CAPITAL CORP OF THE WEST,1,2009-02-09,2009-02-09,2009-05-11,-91,92,8K_FTS+8K_SUBMISSIONS+LOPUCKI,11,6022,1,5
1004967,"Pacific Gateway Exchange, Inc.",1,2000-12-29,,2000-12-29,,0,LOPUCKI,11,4813,1,1
1004969,PFF BANCORP INC,1,2008-11-24,2008-11-24,2008-12-05,-11,11,8K_SUBMISSIONS+LOPUCKI,11,6035.0,1,3
1004980,"PG&E Corp  (PCG, PCG-PA, PCG-PB, PCG-PC, PCG-PD, PCG-PE, PCG-PG, PCG-PH, PCG-PI)",1,2019-01-14,2019-01-14,2019-01-29,-15,15,8K_FTS+8K_SUBMISSIONS+LOPUCKI,11,4931,1,5
1004980,"PG&E Corp  (PCG, PCG-PA, PCG-PB, PCG-PC, PCG-PD, PCG-PE, PCG-PG, PCG-PH, PCG-PI)",2,2020-06-24,2020-06-24,,,0,8K_FTS+8K_SUBMISSIONS,,4931,1,2
1005015,Audio Visual Services Corp.,1,2001-12-17,,2001-12-17,,0,LOPUCKI,11,7389,1,1
100517,UAL Corporation,1,2002-12-09,,2002-12-09,,0,LOPUCKI,11,4512,1,1
100517,"United Airlines Holdings, Inc.",2,2006-01-23,2006-01-23,,,0,8K_SUBMISSIONS,,4512.0,1,1
1005214,AMERICAN WAGERING INC,1,2004-08-25,2004-08-25,,,202,8K_SUBMISSIONS,,7990.0,1,6
1005414,"Toys R Us, Inc.",1,2017-09-19,,2017-09-19,,0,LOPUCKI,11,5945,1,1
1005653,New American Healthcare Corp.,1,2000-04-19,,2000-04-19,,0,LOPUCKI,11,8062,1,1
1006269,Loral Space & Communications Ltd.,1,2003-07-15,,2003-07-15,,0,LOPUCKI,11,3663,1,1
1006269,LORAL SPACE & COMMUNICATIONS INC.,2,2005-08-05,2005-08-05,,,0,8K_SUBMISSIONS,,3663.0,1,1
1006384,"Golden Elephant Glass Technology, Inc.",1,2005-09-07,2005-09-07,,,0,8K_SUBMISSIONS,,3231.0,1,1
1006637,TICKETMASTER ENTERTAINMENT LLC,1,2009-05-18,2009-05-18,,,0,8K_SUBMISSIONS,,7990.0,1,1
1006837,PRIMUS TELECOMMUNICATIONS GROUP INC  (VATE),1,2009-03-16,2009-03-16,2009-03-16,0,91,8K_FTS+8K_SUBMISSIONS+LOPUCKI,11,4813,1,11
1006868,LONG ISLAND PHYSICIAN HOLDINGS CORP,1,2007-09-07,2007-09-07,,,276,8K_SUBMISSIONS,,8000.0,1,2
1006918,TRUMP ATLANTIC CITY FUNDING INC,1,2004-11-24,2004-11-24,,,138,8K_SUBMISSIONS,,7990.0,1,2
100716,UNICO AMERICAN CORP  (UNAM),1,2023-06-02,2023-06-02,,,10,8K_FTS+8K_SUBMISSIONS,,6331,1,4
1007184,Einstein Noah Bagel Corp,1,2000-04-27,,2000-04-27,,0,LOPUCKI,11,5812,1,1
1007588,DecisionOne Holdings Corp.,1,2000-02-14,,2000-02-14,,0,LOPUCKI,11,7373,1,1
1008597,"Planet Hollywood International, Inc.",1,1999-10-12,,1999-10-12,,0,LOPUCKI,11,5812,1,1
1008654,TUPPERWARE BRANDS CORP  (TUP),1,2024-09-18,2024-09-18,,,0,8K_FTS+8K_SUBMISSIONS,,3089,1,2
1008848,"Acorda Therapeutics, Inc.",1,2024-04-02,2024-04-02,,,129,8K_FTS+8K_SUBMISSIONS,,2836,1,4
1009403,"marchFIRST, Inc.",1,2001-04-12,,2001-04-12,,0,LOPUCKI,11,8742,1,1
1009672,CARBO CERAMICS INC,1,2020-03-30,2020-03-30,,,4,8K_FTS+8K_SUBMISSIONS,,3290,1,4
1009759,Capstone Green Energy Corp,1,2023-09-28,2023-09-28,,,50,8K_FTS+8K_SUBMISSIONS,,3510,1,4
100979,ARIS INDUSTRIES INC,1,2004-10-21,2004-10-21,,,5,8K_SUBMISSIONS,,2300.0,1,2
1009833,GABRIEL TECHNOLOGIES CORP,1,2013-03-04,2013-03-04,,,0,8K_FTS+8K_SUBMISSIONS,,7310,1,2
1009891,AIR INDUSTRIES GROUP,1,2005-01-14,2005-01-14,,,0,8K_SUBMISSIONS,,3728.0,1,1
1010002,COLUMBIA BANCORP \OR\,1,2010-01-26,2010-01-26,,,0,8K_SUBMISSIONS,,6022.0,1,1
1010026,3DFX INTERACTIVE INC,1,2005-12-09,2005-12-09,,,0,8K_SUBMISSIONS,,7372.0,1,1
1010086,SIGA TECHNOLOGIES INC  (SIGA),1,2014-09-18,2014-09-18,,,0,8K_FTS+8K_SUBMISSIONS,,2834,1,2
1010086,SIGA TECHNOLOGIES INC  (SIGA),2,2016-04-14,2016-04-14,,,0,8K_FTS+8K_SUBMISSIONS,,2834,1,2
1010286,Advanced Radio Telecom Corp.,1,2001-04-20,,2001-04-20,,0,LOPUCKI,11,4812,1,1
1010286,FiberTower Corporation,2,2012-07-17,2012-07-18,2012-07-17,1,1,8K_FTS+8K_SUBMISSIONS+LOPUCKI,11,4812,1,3
1010286,FiberTower CORP,3,2014-03-31,2014-03-31,,,0,8K_FTS+8K_SUBMISSIONS,,4812,1,2
1010610,TLC VISION CORP,1,2009-12-24,2009-12-24,,,138,8K_FTS+8K_SUBMISSIONS,,8093,1,4
101063,"Chiquita Brands International, Inc.",1,2001-11-28,,2001-11-28,,0,LOPUCKI,11,100,1,1
1010775,Mirant Corp.,1,2003-07-14,,2003-07-14,,0,LOPUCKI,11,4911,1,1
1010775,MIRANT CORP,2,2005-12-15,2005-12-15,,,0,8K_SUBMISSIONS,,4911.0,1,1
1011308,Footstar Inc.,1,2004-03-02,,2004-03-02,,0,LOPUCKI,11,5661,1,1
1011308,FOOTSTAR INC,2,2006-02-02,2006-02-02,,,0,8K_SUBMISSIONS,,2834.0,1,1
1011509,Apex Silver Mines Limited,1,2009-01-12,2009-01-13,2009-01-12,1,57,8K_FTS+8K_SUBMISSIONS+LOPUCKI,11,1040,1,5
1011584,Fine Host Corporation,1,1999-01-07,,1999-01-07,,0,LOPUCKI,11,5812,1,1
1011630,ProMedCo Management Company,1,2001-04-04,,2001-04-04,,0,LOPUCKI,11,8011,1,1
1011836,Southern Pacific Funding Corporation,1,1998-10-01,,1998-10-01,,0,LOPUCKI,11,6159,1,1
1012477,AVADEL PHARMACEUTICALS PLC  (AVDL),1,2019-02-12,2019-02-12,,,0,8K_FTS+8K_SUBMISSIONS,,2834,1,2
1012493,FERRELLGAS PARTNERS FINANCE CORP,1,2021-01-11,2021-01-11,,,0,8K_FTS+8K_SUBMISSIONS,,5900,1,2
1013148,XYBERNAUT CORP,1,2005-07-26,2005-07-26,,,0,8K_SUBMISSIONS,,3576.0,1,1
1013148,XYBERNAUT CORP,2,2006-12-11,2006-12-11,,,0,8K_SUBMISSIONS,,3576.0,1,1
1013218,Alterra HealthCare Corp,1,2003-01-22,,2003-01-22,,0,LOPUCKI,11,8300,1,1
1013238,ARADIGM CORP,1,2019-02-19,2019-02-19,,,0,8K_FTS+8K_SUBMISSIONS,,3845,1,2
1013240,"ICG Communications, Inc.",1,2000-11-14,,2000-11-14,,0,LOPUCKI,11,4813,1,1
1013243,aaiPharma Inc.,1,2005-05-10,2005-05-12,2005-05-10,2,2,8K_SUBMISSIONS+LOPUCKI,11,8734,1,2
1013453,"VALCOM, INC",1,2008-08-15,2008-08-15,,,0,8K_SUBMISSIONS,,7819.0,1,1
1013606,ENDOLOGIX INC /DE/,1,2020-07-09,2020-07-09,,,0,8K_FTS+8K_SUBMISSIONS,,3841,1,2
1013740,"Exodus Communications, Inc.",1,2001-09-26,,2001-09-26,,0,LOPUCKI,11,7389,1,1
1013871,"NRG Energy, Inc. (2002)",1,2002-11-22,,2002-11-22,,173,LOPUCKI,no order for relief,4911,1,2
1013871,"NRG ENERGY, INC.  (NRG)",2,2017-06-14,2017-06-14,,,187,8K_FTS+8K_SUBMISSIONS,,4911,1,4
1014052,"Digerati Technologies, Inc.  (DTGI)",1,2013-06-05,2013-06-05,,,310,8K_FTS+8K_SUBMISSIONS,,4813,1,8
1014133,COMMUNITY CENTRAL BANK CORP,1,2011-05-04,2011-05-04,,,0,8K_FTS+8K_SUBMISSIONS,,6022,1,2
1014653,PROFILE TECHNOLOGIES INC,1,2011-05-10,2011-05-10,,,0,8K_FTS+8K_SUBMISSIONS,,3559,1,2
1014763,"AMARILLO BIOSCIENCES INC  (AIMD, AIMDW)",1,2013-11-01,2013-11-01,,,474,8K_FTS+8K_SUBMISSIONS,,2834,1,10
1015155,CHARLES & COLVARD LTD,1,2026-03-04,2026-03-04,,,0,8K_SUBMISSIONS,,3910.0,1,1
1015360,Dailey International Inc.,1,1999-05-28,,1999-05-28,,0,LOPUCKI,11,1389,1,1
1015535,"AMF Bowling Worldwide, Inc.",1,2001-07-02,,2001-07-02,,0,LOPUCKI,11,7900,1,1
1015611,"United Australia-Pacific, Inc.",1,2002-03-29,,2002-03-29,,0,LOPUCKI,11,4841,1,1
1015629,"Pegasus Satellite Communications, Inc.",1,2004-06-02,,2004-06-02,,0,LOPUCKI,11,4833,1,1
1015868,TL  ADMINISTRATION CORP,1,2005-08-04,2005-08-04,,,0,8K_SUBMISSIONS,,2833.0,1,1
1015979,Bio Nitrogen Holdings Corp,1,2015-11-04,2015-11-04,,,0,8K_FTS+8K_SUBMISSIONS,,5040,1,2
1016177,"Dura Automotive Systems, Inc.",1,2006-10-30,2006-11-03,2006-10-30,4,17,8K_SUBMISSIONS+LOPUCKI,11,3714,1,3
1016177,DURA AUTOMOTIVE SYSTEMS INC,2,2008-05-19,2008-05-19,,,0,8K_SUBMISSIONS,,3714.0,1,1
1016466,"Majestic Star Casino, LLC",1,2009-11-23,,2009-11-23,,0,LOPUCKI,11,7900,1,1
1016546,ALTAIR NANOTECHNOLOGIES INC,1,2008-09-05,2008-09-05,,,19,8K_SUBMISSIONS,,2890.0,1,2
1016577,Sunterra Corp.,1,2000-05-31,,2000-05-31,,0,LOPUCKI,11,7000,1,1
1016741,"Grand Court Lifestyles, Inc.",1,2000-03-20,,2000-03-20,,0,LOPUCKI,11,8050,1,1
1016900,PNG VENTURES INC,1,2009-09-10,2009-09-10,,,188,8K_FTS+8K_SUBMISSIONS,,1311,1,4
1016933,R&G FINANCIAL CORP,1,2010-04-30,2010-04-30,,,17,8K_FTS+8K_SUBMISSIONS,,6022,1,4
1017156,STEAKHOUSE PARTNERS INC,1,2008-05-20,2008-05-20,,,0,8K_SUBMISSIONS,,5812.0,1,1
1017491,"SEELOS THERAPEUTICS, INC.  (SEEL)",1,2024-11-22,2024-11-22,,,0,8K_FTS+8K_SUBMISSIONS,,2834,1,2
1017522,"Benedek Communications Corp. (Stations Holding Co, Inc.)",1,2002-03-22,,2002-03-22,,0,LOPUCKI,11,4833,1,1
1017616,"TONNER-ONE WORLD HOLDINGS, INC.",1,2004-11-01,2004-11-01,,,0,8K_SUBMISSIONS,,3942.0,1,1
1017648,"Adelphia Business Solutions, Inc.",1,2002-03-27,,2002-03-27,,0,LOPUCKI,11,4813,1,1
1018005,COLDWATER CREEK INC,1,2014-04-11,2014-04-11,2014-04-11,0,0,8K_FTS+8K_SUBMISSIONS+LOPUCKI,11,5621,1,3
1018099,MILLENNIUM CHEMICALS INC,1,2009-01-07,2009-01-07,,,0,8K_FTS+8K_SUBMISSIONS,,2810,1,2
1018214,"Goss Graphic Systems, Inc. (1999)",1,1999-07-30,,1999-07-30,,0,LOPUCKI,11,3555,1,1
1018221,"Florida Coast Paper Company, LLC",1,1999-04-02,,1999-04-02,,0,LOPUCKI,11,2631,1,1
1018693,Prosoft Learning CORP,1,2006-04-14,2006-04-14,,,53,8K_SUBMISSIONS,,8200.0,1,2
1018710,INTROGEN THERAPEUTICS INC,1,2008-12-05,2008-12-05,,,0,8K_SUBMISSIONS,,2834.0,1,1
1018730,"Smartalk Teleservices, Inc.",1,1999-01-19,,1999-01-19,,0,LOPUCKI,11,4899,1,1
1018980,"Costilla Energy, Inc.",1,1999-09-03,,1999-09-03,,0,LOPUCKI,11,1311,1,1
1019101,"Texas Petrochemical Holdings, Inc.",1,2003-07-20,,2003-07-20,,0,LOPUCKI,11,2890,1,1
1019285,"Superior Telecom, Inc.",1,2003-03-03,,2003-03-03,,0,LOPUCKI,11,3357,1,1
1019825,MOONEY AEROSPACE GROUP LTD,1,2005-01-06,2005-01-06,,,47,8K_SUBMISSIONS,,3721.0,1,2
1019883,APPALACHIAN BANCSHARES INC,1,2010-03-24,2010-03-24,,,274,8K_FTS+8K_SUBMISSIONS,,6022,1,4
1020448,IMPERIAL PETROLEUM RECOVERY CORP,1,2013-04-05,2013-04-05,,,0,8K_FTS+8K_SUBMISSIONS,,3533,1,2
1020475,"GRANDPARENTS.COM, INC.",1,2017-04-17,2017-04-17,,,0,8K_FTS+8K_SUBMISSIONS,,7374,1,2
1020477,"Rotate Black, Inc.",1,2006-12-01,2006-12-01,,,0,8K_SUBMISSIONS,,7011.0,1,1
1020616,"Lason, Inc.",1,2001-12-05,,2001-12-05,,0,LOPUCKI,11,8742,1,1
1020620,At Home Corp,1,2001-09-28,,2001-09-28,,0,LOPUCKI,11,7370,1,1
1020676,ATMOSPHERIC GLOW TECHNOLOGIES INC,1,2008-03-28,2008-03-28,,,161,8K_SUBMISSIONS,,8711.0,1,3
1021010,Edge Petroleum Corporation,1,2009-10-01,2009-10-02,2009-10-01,1,78,8K_FTS+8K_SUBMISSIONS+LOPUCKI,11,1311,1,5
1021096,ROOMLINX INC,1,2016-07-12,2016-07-12,,,0,8K_FTS+8K_SUBMISSIONS,,4841,1,2
1021096,"Troika Media Group, Inc.",2,2023-12-07,2023-12-07,,,116,8K_FTS+8K_SUBMISSIONS,,4841,1,6
1021352,JCC Holding Co.,1,2001-01-04,,2001-01-04,,0,LOPUCKI,11,7900,1,1
1021649,"Orbcomm Global, LP",1,2000-09-15,,2000-09-15,,0,LOPUCKI,11,4812,1,1
1021706,"Kevco, Inc.",1,2001-02-05,,2001-02-05,,0,LOPUCKI,11,3440,1,1
1021848,DELTA FINANCIAL CORP,1,2007-12-17,2007-12-17,2007-12-17,0,0,8K_SUBMISSIONS+LOPUCKI,11,6163.0,1,2
1022080,MIDWAY GAMES INC,1,2009-02-12,2009-02-12,,,0,8K_FTS+8K_SUBMISSIONS,,7372,1,2
1022329,"IMPSAT Fiber Networks, Inc.",1,2002-06-11,,2002-06-11,,0,LOPUCKI,11,4899,1,1
1022581,Consolidated Freightways Corp.,1,2002-09-03,,2002-09-03,,0,LOPUCKI,11,4213,1,1
1022646,Ultra Petroleum Corp. (2016),1,2016-04-29,2016-05-03,2016-04-29,4,321,8K_FTS+8K_SUBMISSIONS+LOPUCKI,11,1311,1,5
1022646,Ultra Petroleum Corp. (2020),2,2020-05-14,2020-05-15,2020-05-14,1,103,8K_FTS+8K_SUBMISSIONS+LOPUCKI,11,1311,1,7
1022974,DECODE GENETICS INC,1,2009-11-18,2009-11-18,,,197,8K_FTS+8K_SUBMISSIONS,,8731,1,4
1023052,LINENS N THINGS INC,1,2008-05-02,2008-05-02,,,413,8K_FTS+8K_SUBMISSIONS,,5700.0,1,5
1023139,EAGLE BROADBAND INC,1,2007-11-15,2007-11-15,,,0,8K_SUBMISSIONS,,3663.0,1,1
1023291,Energy Future Holdings Corp.,1,2014-04-29,,2014-04-29,,0,LOPUCKI,11,4911,1,1
1023291,Energy Future Holdings Corp /TX/,2,2015-12-11,2015-12-11,,,263,8K_FTS+8K_SUBMISSIONS,,4911,1,4
1023294,"Prime Succession, Inc.",1,2000-07-12,,2000-07-12,,0,LOPUCKI,11,7200,1,1
1023362,POWERWAVE TECHNOLOGIES INC,1,2013-01-28,2013-01-28,2013-01-28,0,0,8K_FTS+8K_SUBMISSIONS+LOPUCKI,11,3663,1,3
1023519,MCSI Inc.,1,2003-06-03,,2003-06-03,,0,LOPUCKI,11,5040,1,1
1023734,"BPZ Resources, Inc.",1,2015-03-09,2015-03-10,2015-03-09,1,297,8K_FTS+8K_SUBMISSIONS+LOPUCKI,11,1311,1,9
1023994,"SG BLOCKS, INC.  (SGBX)",1,2016-07-07,2016-07-07,,,32,8K_FTS+8K_SUBMISSIONS,,5030,1,4
1023994,OLENOX INDUSTRIES INC.,2,2026-05-04,2026-05-04,,,0,8K_SUBMISSIONS,,5030.0,1,1
1024109,Crusader Energy Group Inc.,1,2009-03-31,2009-03-31,,,0,8K_FTS+8K_SUBMISSIONS,,1311,1,2
1024126,"PERNIX THERAPEUTICS HOLDINGS, INC.",1,2019-02-19,2019-02-19,,,127,8K_FTS+8K_SUBMISSIONS,,2834,1,4
1024132,FIRST GEORGIA COMMUNITY CORP,1,2008-12-11,2008-12-11,,,0,8K_SUBMISSIONS,,6022.0,1,1
1024321,"Wilshire Financial Services Group, Inc.",1,1999-03-03,,1999-03-03,,0,LOPUCKI,11,6199,1,1
1024338,"Cornerstone Propane Partners, L.P.",1,2004-06-03,,2004-06-03,,0,LOPUCKI,11,5990,1,1
1024401,Enron Corp.,1,2001-12-02,,2001-12-02,,0,LOPUCKI,11,6211,1,1
1024452,SMF ENERGY CORP,1,2012-04-16,2012-04-16,,,296,8K_FTS+8K_SUBMISSIONS,,5172,1,8
1025707,"INCENTRA SOLUTIONS, INC.",1,2009-02-05,2009-02-05,,,0,8K_FTS+8K_SUBMISSIONS,,7389,1,2
1025953,"NOVATION COMPANIES, INC.",1,2008-09-15,2008-09-15,,,0,8K_SUBMISSIONS,,6531.0,1,1
1025953,"NOVATION COMPANIES, INC.",2,2016-07-22,2016-07-22,,,329,8K_FTS+8K_SUBMISSIONS,,6531.0,1,3
1025953,"NOVATION COMPANIES, INC.",3,2023-08-16,2023-08-16,,,0,8K_FTS+8K_SUBMISSIONS,,6531,1,2
1026214,FEDERAL HOME LOAN MORTGAGE CORP,1,2008-09-11,2008-09-11,,,0,8K_SUBMISSIONS,,6111.0,1,1
1026304,BUCKHEAD COMMUNITY BANCORP INC,1,2009-12-08,2009-12-08,,,76,8K_FTS+8K_SUBMISSIONS,,6022,1,4
1026486,Star Telecommunications Inc.,1,2001-03-13,,2001-03-13,,0,LOPUCKI,11,4813,1,1
1027574,Outsourcing Solutions Inc.,1,2003-05-02,,2003-05-02,,0,LOPUCKI,11,8741,1,1
1027702,"EPIX Pharmaceuticals, Inc.",1,2009-07-21,2009-07-21,,,0,8K_FTS+8K_SUBMISSIONS,,2834,1,2
1028965,Special Metals Corp.,1,2002-03-27,,2002-03-27,,0,LOPUCKI,11,3310,1,1
1028985,"Spectrum Brands, Inc.",1,2009-02-03,2009-02-03,2009-02-03,0,163,8K_FTS+8K_SUBMISSIONS+LOPUCKI,11,3690,1,5
1029253,Clark Material Handling Company,1,2000-04-17,,2000-04-17,,0,LOPUCKI,11,3537,1,1
1029738,LIFESTREAM TECHNOLOGIES INC,1,2006-12-01,2006-12-01,,,0,8K_SUBMISSIONS,,3841.0,1,1
1029744,SONIC FOUNDRY INC  (SOFO),1,2024-03-22,2024-03-22,,,6,8K_FTS+8K_SUBMISSIONS,,3663,1,4
1029893,Radnor Holdings Corporation,1,2006-08-21,2006-08-23,2006-08-21,2,2,8K_SUBMISSIONS+LOPUCKI,11,3086,1,2
1030058,WORLDGATE COMMUNICATIONS INC,1,2012-03-30,2012-03-30,,,0,8K_FTS+8K_SUBMISSIONS,,4841,1,2
1030339,NANOGEN INC,1,2009-05-15,2009-05-15,,,0,8K_FTS+8K_SUBMISSIONS,,3826,1,2
1030749,"GulfMark Offshore, Inc.",1,2017-05-17,2017-05-18,2017-05-17,1,141,8K_FTS+8K_SUBMISSIONS+LOPUCKI,11,3533,1,5
1031107,"Peregrine Systems, Inc.",1,2002-09-22,,2002-09-22,,0,LOPUCKI,11,7372,1,1
1031296,FIRSTENERGY CORP  (FE),1,2018-04-05,2018-04-05,,,0,8K_FTS+8K_SUBMISSIONS,,4911,1,2
1031754,"Wherehouse Entertainment, Inc. (2003)",1,2003-01-20,,2003-01-20,,0,LOPUCKI,11,5735,1,1
1031999,Eastern 1996D Limited Partnership,1,2013-09-18,2013-09-18,,,460,8K_FTS+8K_SUBMISSIONS,,1381,1,6
103341,QUAKER FABRIC CORP /DE/,1,2007-08-17,2007-08-17,,,0,8K_SUBMISSIONS,,2221.0,1,1
1033671,Safelite Glass Corporation,1,2000-06-09,,2000-06-09,,0,LOPUCKI,11,7500,1,1
1034258,"Noble International, Ltd.",1,2009-04-15,2009-04-16,2009-04-15,1,1,8K_FTS+8K_SUBMISSIONS+LOPUCKI,11,3714,1,3
1034682,HERITAGE WORLDWIDE INC,1,2009-05-29,2009-05-29,,,0,8K_FTS+8K_SUBMISSIONS,,9995,1,2
1035270,CORNERSTONE MINISTRIES INVESTMENTS INC,1,2008-02-12,2008-02-12,,,0,8K_SUBMISSIONS,,6199.0,1,1
1035423,Atlantic Express Transportation Corp.,1,2002-08-16,,2002-08-16,,0,LOPUCKI,11,4100,1,1
1035426,CRESCENT OPERATING INC,1,2005-01-21,2005-01-21,,,12,8K_SUBMISSIONS,,6798.0,1,2
1035815,Journal Register Company,1,2009-02-21,,2009-02-21,,0,LOPUCKI,11,2711,1,1
1035826,NETBANK INC,1,2007-09-28,2007-09-28,2007-09-28,0,360,8K_SUBMISSIONS+LOPUCKI,11,6036.0,1,3
1036297,"RSL Communications, Ltd.",1,2001-03-19,,2001-03-19,,0,LOPUCKI,11,4813,1,1
1036712,"OpTel, Inc.",1,1999-10-28,,1999-10-28,,0,LOPUCKI,11,4841,1,1
1036848,Mega Matrix Corp.,1,2013-03-14,2013-03-14,,,0,8K_SUBMISSIONS,,7812.0,1,1
1036848,AEROCENTURY CORP  (MPU),2,2021-03-30,2021-03-30,,,185,8K_FTS+8K_SUBMISSIONS,,7359,1,6
1037016,NII HOLDINGS INC,1,2014-09-15,2014-09-15,2014-09-15,0,280,8K_FTS+8K_SUBMISSIONS+LOPUCKI,11,4812,1,5
1037067,"Kasper A.S.L., Ltd.",1,2002-02-05,,2002-02-05,,0,LOPUCKI,11,2330,1,1
1037131,PLAYERS NETWORK,1,2020-06-22,2020-06-22,,,0,8K_FTS+8K_SUBMISSIONS,,4841,1,2
1037676,ARCH COAL INC  (ARCH),1,2016-01-11,2016-01-11,2016-01-11,0,248,8K_FTS+8K_SUBMISSIONS+LOPUCKI,11,1221,1,5
1037759,PONY EXPRESS USA INC,1,2005-05-02,2005-05-02,,,0,8K_SUBMISSIONS,,5961.0,1,1
1037927,Globalstar LP,1,2002-02-15,,2002-02-15,,0,LOPUCKI,11,4812,1,1
1038217,Tarragon Corporation,1,2009-01-12,2009-01-16,2009-01-12,4,4,8K_FTS+8K_SUBMISSIONS+LOPUCKI,11,6798,1,3
1038274,ANVIL HOLDINGS INC,1,2006-10-06,2006-10-06,,,0,8K_SUBMISSIONS,,2253.0,1,1
1038363,"Metals USA, Inc.",1,2001-11-14,,2001-11-14,,0,LOPUCKI,11,5051,1,1
1039184,TRAILER BRIDGE INC,1,2011-11-16,2011-11-16,,,126,8K_FTS+8K_SUBMISSIONS,,4400,1,4
1039387,NATURAL GOLF CORP,1,2005-05-17,2005-05-17,,,0,8K_SUBMISSIONS,,3949.0,1,1
1039690,Encompass Services Corporation,1,2002-11-19,,2002-11-19,,0,LOPUCKI,11,1700,1,1
1039780,"Friede Goldman Halter, Inc.",1,2001-04-19,,2001-04-19,,0,LOPUCKI,11,3533,1,1
1039971,"Eagle Geophysical, Inc.",1,1999-09-29,,1999-09-29,,0,LOPUCKI,11,1382,1,1
1040475,"Oxford Automotive, Inc.",1,2002-01-18,,2002-01-18,,0,LOPUCKI,11,3460,1,1
1040570,Orbital Imaging Corp.,1,2002-04-05,,2002-04-05,,0,LOPUCKI,11,4899,1,1
1040599,Neenah Foundry Company (2003),1,2003-08-05,,2003-08-05,,0,LOPUCKI,11,3220,1,1
1040599,NEENAH FOUNDRY CO,2,2010-02-04,2010-02-04,,,0,8K_FTS+8K_SUBMISSIONS,,3320,1,2
1040719,Walter Investment Management Corp.,1,2017-11-30,2017-12-01,2017-11-30,1,50,8K_FTS+8K_SUBMISSIONS+LOPUCKI,11,6162,1,5
1040719,DITECH HOLDING Corp,2,2019-02-11,2019-02-11,2019-02-11,0,0,8K_FTS+8K_SUBMISSIONS+LOPUCKI,11,6162,1,3
1040792,Helios & Matheson Analytics Inc.,1,2020-01-29,2020-01-29,,,0,8K_FTS+8K_SUBMISSIONS,,7380,1,2
1041454,"UPC Polska, Inc.",1,2003-07-07,,2003-07-07,,0,LOPUCKI,11,4841,1,1
1041830,"Reliant Building Products, Inc.",1,2000-07-11,,2000-07-11,,0,LOPUCKI,11,3442,1,1
1041858,RCN Corporation,1,2004-05-27,,2004-05-27,,0,LOPUCKI,11,4813,1,1
1041954,"ITC DeltaCom, Inc.",1,2002-06-25,,2002-06-25,,0,LOPUCKI,11,4813,1,1
1042418,"Inhibitor Therapeutics, Inc.",1,2008-10-21,2008-10-21,,,0,8K_SUBMISSIONS,,2834.0,1,1
1042418,COMMONWEALTH BIOTECHNOLOGIES INC  (INTI),2,2011-01-25,2011-01-25,,,0,8K_FTS+8K_SUBMISSIONS,,8731,1,2
1042418,COMMONWEALTH BIOTECHNOLOGIES INC  (INTI),3,2013-04-18,2013-04-18,,,0,8K_FTS+8K_SUBMISSIONS,,8731,1,2
1042422,"Hedstrom Holdings, Inc.",1,2000-04-11,,2000-04-11,,0,LOPUCKI,11,3944,1,1
1042582,Eastern 1997D Limited Partnership,1,2013-09-18,2013-09-18,,,460,8K_FTS+8K_SUBMISSIONS,,1381,1,6
1043055,"Leiner Health Products, Inc. (2002)",1,2002-02-28,,2002-02-28,,0,LOPUCKI,11,2834,1,1
1043055,LEINER HEALTH PRODUCTS INC,2,2008-03-10,2008-03-10,2008-03-10,0,0,8K_SUBMISSIONS+LOPUCKI,11,2834.0,1,2
1043156,STAR BUFFET INC,1,2011-09-30,2011-09-30,,,0,8K_FTS+8K_SUBMISSIONS,,5812,1,2
1043156,STAR BUFFET INC,2,2012-12-20,2012-12-20,,,0,8K_FTS+8K_SUBMISSIONS,,5812,1,2
1043310,Startec Global Communications Corporation,1,2001-12-14,,2001-12-14,,0,LOPUCKI,11,4813,1,1
1043382,"Solutia, Inc.",1,2003-12-17,,2003-12-17,,0,LOPUCKI,11,2800,1,1
1043382,SOLUTIA INC,2,2007-12-05,2007-12-05,,,0,8K_SUBMISSIONS,,2800.0,1,1
1043438,"U.S.A. Floral Products, Inc.",1,2001-04-02,,2001-04-02,,0,LOPUCKI,11,5190,1,1
1043497,Creditrust Corporation,1,2000-06-21,,2000-06-21,,0,LOPUCKI,11,7389,1,1
1043533,"Metromedia Fiber Network, Inc.",1,2002-05-20,,2002-05-20,,0,LOPUCKI,11,4813,1,1
1043769,"Covad Communications Group, Inc.",1,2001-08-15,,2001-08-15,,0,LOPUCKI,11,4813,1,1
1044324,TROPICAL SPORTSWEAR INTERNATIONAL CORP,1,2004-12-16,2004-12-16,,,0,8K_SUBMISSIONS,,2320.0,1,1
1044378,BIOCEPT INC  (BIOCQ),1,2023-10-16,2023-10-16,,,0,8K_FTS+8K_SUBMISSIONS,,8071,1,2
1044434,SYNDICATED FOOD SERVICE INTERNATIONAL INC,1,2005-12-23,2005-12-23,,,0,8K_SUBMISSIONS,,6770.0,1,1
1044583,"Williams Communications Group, Inc.",1,2002-04-22,,2002-04-22,,0,LOPUCKI,11,4813,1,1
1044649,"Cambridge Industries, Inc.",1,2000-05-10,,2000-05-10,,0,LOPUCKI,11,3080,1,1
1045014,GAMETECH INTERNATIONAL INC,1,2012-07-02,2012-07-02,,,93,8K_FTS+8K_SUBMISSIONS,,7990,1,6
1045151,CLICKABLE ENTERPRISES INC,1,2008-09-04,2008-09-04,,,8,8K_SUBMISSIONS,,5900.0,1,2
1045309,W.R. Grace & Company,1,2001-04-02,,2001-04-02,,0,LOPUCKI,11,2800,1,1
1045309,W R GRACE & CO,2,2014-02-07,2014-02-07,,,0,8K_FTS+8K_SUBMISSIONS,,2800,1,2
1045425,RAIT Financial Trust,1,2019-08-30,2019-09-03,2019-08-30,4,154,8K_FTS+8K_SUBMISSIONS+LOPUCKI,11,6798,1,5
1045550,BARON CAPITAL TRUST,1,2004-12-27,2004-12-27,,,277,8K_SUBMISSIONS,,6513.0,1,2
1045739,"ETELOS, INC.",1,2007-02-14,2007-02-14,,,0,8K_SUBMISSIONS,,7372.0,1,1
1045742,LIVE VENTURES Inc,1,2019-12-13,2019-12-13,,,0,8K_SUBMISSIONS,,5900.0,1,1
1045742,LIVE VENTURES Inc  (LIVE),2,2022-03-03,2022-03-03,,,0,8K_FTS+8K_SUBMISSIONS,,5900,1,2
104599,"Circuit City Stores, Inc.",1,2008-11-10,2008-11-12,2008-11-10,2,2,8K_SUBMISSIONS+LOPUCKI,11,5731,1,2
104599,CIRCUIT CITY STORES INC,2,2010-11-05,2010-11-05,,,0,8K_FTS+8K_SUBMISSIONS,,5731,1,2
1046356,Building Materials Holding Corporation,1,2009-06-16,,2009-06-16,,0,LOPUCKI,11,5211,1,1
1046558,"Convergent Communications, Inc.",1,2001-04-19,,2001-04-19,,0,LOPUCKI,11,4813,1,1
1046578,"TOUSA, Inc.",1,2008-01-29,2008-01-31,2008-01-29,2,2,8K_SUBMISSIONS+LOPUCKI,11,1520,1,2
1046859,"Remy International, Inc.",1,2007-10-08,,2007-10-08,,0,LOPUCKI,11,3714,1,1
1046880,Central European Distribution Corporation,1,2013-04-07,2013-04-08,2013-04-07,1,65,8K_FTS+8K_SUBMISSIONS+LOPUCKI,11,5180,1,5
1047021,Teligent Inc,1,2001-05-21,,2001-05-21,,0,LOPUCKI,11,4812,1,1
1047040,Perkins & Marie Callenders Inc.,1,2011-06-13,,2011-06-13,,0,LOPUCKI,11,5812,1,1
1047153,CERTIFIED DIABETIC SERVICES INC,1,2010-05-13,2010-05-13,,,0,8K_FTS+8K_SUBMISSIONS,,8090,1,2
1047290,"Newark Group, Inc.",1,2010-06-09,,2010-06-09,,0,LOPUCKI,11,2631,1,1
1047368,Glenoit Corp.,1,2000-08-08,,2000-08-08,,0,LOPUCKI,11,2250,1,1
1047739,INLAND FIBER GROUP LLC,1,2006-08-24,2006-08-24,,,14,8K_SUBMISSIONS,,800.0,1,3
1047919,AMBIENT CORP /NY,1,2014-07-29,2014-07-29,,,0,8K_FTS+8K_SUBMISSIONS,,4813,1,2
1048268,"Integrated Electrical Services, Inc.",1,2006-02-14,2006-02-15,2006-02-14,1,76,8K_SUBMISSIONS+LOPUCKI,11,1731,1,3
1048339,TOMS FOODS INC,1,2005-04-06,2005-04-06,,,0,8K_SUBMISSIONS,,2090.0,1,1
1048566,FOG CUTTER CAPITAL GROUP INC,1,2009-04-08,2009-04-08,,,0,8K_FTS+8K_SUBMISSIONS,,5812,1,2
104897,"WSI INDUSTRIES, INC.",1,2017-10-23,2017-10-23,,,0,8K_FTS+8K_SUBMISSIONS,,3540,1,2
1049442,Pliant Corporation (2006),1,2006-01-03,2006-01-06,2006-01-03,3,3,8K_SUBMISSIONS+LOPUCKI,11,2673,1,2
1049442,Pliant Corporation (2009),2,2009-02-11,2009-02-17,2009-02-11,6,6,8K_FTS+8K_SUBMISSIONS+LOPUCKI,11,2673,1,3
1050112,ANTHRACITE CAPITAL INC,1,2010-03-15,2010-03-15,2010-03-15,0,0,8K_FTS+8K_SUBMISSIONS+LOPUCKI,7,6798,1,3
1050504,Pentacon Inc.,1,2002-05-23,,2002-05-23,,0,LOPUCKI,11,5072,1,1
1051009,SHOE PAVILION INC,1,2008-07-16,2008-07-16,,,0,8K_SUBMISSIONS,,5661.0,1,1
1051251,J CREW GROUP INC,1,2020-05-04,2020-05-04,2020-05-04,0,0,8K_FTS+8K_SUBMISSIONS+LOPUCKI,11,5600,1,3
1051379,MIDWEST BANC HOLDINGS INC,1,2010-05-20,2010-05-20,2010-08-20,-92,382,8K_FTS+8K_SUBMISSIONS+LOPUCKI,11,6021,1,9
1051381,National Equipment Services Inc.,1,2003-06-27,,2003-06-27,,0,LOPUCKI,11,7359,1,1
1051985,"Flagship Global Health, Inc.",1,2008-08-20,2008-08-20,,,0,8K_SUBMISSIONS,,8090.0,1,1
1052163,Anchor Glass Container Corp. (1996),1,1996-09-13,,1996-09-13,,0,LOPUCKI,11,3221,1,1
1052163,Anchor Glass Container Corp. (2002),2,2002-04-15,,2002-04-15,,0,LOPUCKI,11,3221,1,1
1052163,Anchor Glass Container Corporation (2005),3,2005-08-08,2005-08-09,2005-08-08,1,255,8K_SUBMISSIONS+LOPUCKI,11,3221,1,3
1052245,"eToys, Inc.",1,2001-03-07,,2001-03-07,,0,LOPUCKI,11,5961,1,1
1052517,TRUMP ATLANTIC CITY FUNDING II INC,1,2004-11-24,2004-11-24,,,138,8K_SUBMISSIONS,,7990.0,1,2
1052519,TRUMP ATLANTIC CITY FUNDING III INC,1,2004-11-24,2004-11-24,,,138,8K_SUBMISSIONS,,7990.0,1,2
1052743,Frontline Capital Group,1,2002-06-12,,2002-06-12,,0,LOPUCKI,11,6531,1,1
105319,"WW INTERNATIONAL, INC.  (WW)",1,2025-05-07,2025-05-07,,,42,8K_FTS+8K_SUBMISSIONS,,7200,1,8
1053303,"Fruit of the Loom, Ltd.",1,1999-12-29,,1999-12-29,,0,LOPUCKI,11,2250,1,1
1054422,"U.S. Aggregates, Inc.",1,2002-03-11,,2002-03-11,,0,LOPUCKI,11,1400,1,1
1054524,HYDROMAID INTERNATIONAL INC,1,2007-07-30,2007-07-30,,,0,8K_SUBMISSIONS,,3630.0,1,1
1054588,Loews Cineplex Entertainment Corp,1,2001-02-15,,2001-02-15,,0,LOPUCKI,11,7830,1,1
1055454,SCHOOL SPECIALTY INC,1,2013-01-28,2013-01-28,2013-01-28,0,140,8K_FTS+8K_SUBMISSIONS+LOPUCKI,11,5000,1,7
1055468,Fountain View Inc.,1,2001-10-02,,2001-10-02,,0,LOPUCKI,11,8051,1,1
1055684,Unicapital Corporation,1,2000-12-11,,2000-12-11,,0,LOPUCKI,11,6159,1,1
105608,B-E Holdings Inc.,1,1994-02-18,,1994-02-18,,0,LOPUCKI,11,3532,1,1
105608,AG&E HOLDINGS INC.,2,2018-10-18,2018-10-18,,,0,8K_FTS+8K_SUBMISSIONS,,3663,1,2
1056087,MCCLATCHY CO,1,2020-02-13,2020-02-13,2020-02-13,0,0,8K_FTS+8K_SUBMISSIONS+LOPUCKI,11,2711,1,3
1056112,"Werner Holding Co. (PA), Inc.",1,2006-06-12,,2006-06-12,,0,LOPUCKI,11,3440,1,1
1056312,"Vlasic Foods International, Inc.",1,2001-01-29,,2001-01-29,,0,LOPUCKI,11,2000,1,1
1056386,Internap Corp,1,2020-03-16,2020-03-16,2020-03-16,0,53,8K_FTS+8K_SUBMISSIONS+LOPUCKI,11,7370,1,5
1056756,NBC ACQUISITION CORP,1,2011-06-27,2011-06-27,,,344,8K_FTS+8K_SUBMISSIONS,,5190,1,4
1056758,"Nebraska Book Company, Inc.",1,2011-06-27,,2011-06-27,,0,LOPUCKI,11,5190,1,1
1057725,Neff Corp.,1,2010-05-16,,2010-05-16,,0,LOPUCKI,11,7359,1,1
1058033,Northwest Airlines Corporation,1,2005-09-14,,2005-09-14,,0,LOPUCKI,11,4512,1,1
1058033,NORTHWEST AIRLINES CORP,2,2007-05-21,2007-05-21,,,0,8K_SUBMISSIONS,,4512.0,1,1
1058623,Cumulus Media Inc.,1,2017-11-29,2017-11-30,2017-11-29,1,1,8K_FTS+8K_SUBMISSIONS+LOPUCKI,11,4832,1,3
1058623,CUMULUS MEDIA INC,2,2026-03-05,2026-03-05,,,43,8K_SUBMISSIONS,,4832.0,1,2
1058703,Allegiance Telecom Inc.,1,2003-05-14,,2003-05-14,,0,LOPUCKI,11,4813,1,1
1058767,BIOMODA INC/NM,1,2013-11-25,2013-11-25,,,123,8K_FTS+8K_SUBMISSIONS,,8060,1,4
1058956,"DTI Holdings, Inc.",1,2001-12-31,,2001-12-31,,0,LOPUCKI,11,4813,1,1
1058986,"Pinnacle Holdings, Inc.",1,2002-05-21,,2002-05-21,,0,LOPUCKI,11,6798,1,1
1059130,Focal Communications Corporation,1,2002-12-19,,2002-12-19,,0,LOPUCKI,11,4812,1,1
1059364,"Eagle Picher Holdings, Inc. (2005)",1,2005-04-11,2005-04-13,2005-04-11,2,2,8K_SUBMISSIONS+LOPUCKI,11,3711,1,2
1059397,KOLORFUSION INTERNATIONAL INC,1,2010-08-02,2010-08-02,,,0,8K_FTS+8K_SUBMISSIONS,,2750,1,2
1059567,DAISY PARTS INC,1,2005-04-13,2005-04-13,,,0,8K_SUBMISSIONS,,3714.0,1,1
1059570,EAGLE PICHER FAR EAST INC,1,2005-04-13,2005-04-13,,,0,8K_SUBMISSIONS,,3714.0,1,1
1059572,EAGLE PICHER FILTRATION & MINERALS INC,1,2005-04-13,2005-04-13,,,0,8K_SUBMISSIONS,,3714.0,1,1
1059573,HILLSDALE TOOL & MANUFACTURING CO,1,2005-04-13,2005-04-13,,,0,8K_SUBMISSIONS,,3714.0,1,1
1059576,EAGLE PICHER TECHNOLOGIES LLC,1,2005-04-13,2005-04-13,,,0,8K_SUBMISSIONS,,3714.0,1,1
1059677,"Industrial Enterprises of America, Inc.",1,2009-05-29,2009-05-29,,,0,8K_FTS+8K_SUBMISSIONS,,2990,1,2
1059706,Transportation Components Inc.,1,2001-05-07,,2001-05-07,,0,LOPUCKI,11,5013,1,1
1059888,"Holt Group, Inc.",1,2001-03-21,,2001-03-21,,0,LOPUCKI,11,4400,1,1
1060009,"Vencor, Inc.",1,1999-09-13,,1999-09-13,,0,LOPUCKI,11,8050,1,1
1060024,Aurora Foods Inc.,1,2003-12-08,,2003-12-08,,0,LOPUCKI,11,2040,1,1
1060242,Imperial Home Decor Group Inc.,1,2000-01-05,,2000-01-05,,0,LOPUCKI,11,2673,1,1
1060390,TWEETER HOME ENTERTAINMENT GROUP INC,1,2007-06-11,2007-06-11,2007-06-11,0,0,8K_SUBMISSIONS+LOPUCKI,11,5731.0,1,2
1060791,LEXINGTON RESOURCES INC,1,2008-03-11,2008-03-11,,,0,8K_SUBMISSIONS,,1311.0,1,1
1060948,"MMH Holdings, Inc.",1,2000-05-17,,2000-05-17,,0,LOPUCKI,11,3537,1,1
1060990,QUICKSILVER RESOURCES INC,1,2015-03-17,2015-03-17,2015-03-17,0,0,8K_FTS+8K_SUBMISSIONS+LOPUCKI,11,1311,1,3
1060990,QUICKSILVER RESOURCES INC,2,2016-08-22,2016-08-22,,,10,8K_FTS+8K_SUBMISSIONS,,1311,1,4
1061029,BRAVO! BRANDS INC.,1,2007-09-21,2007-09-21,,,0,8K_SUBMISSIONS,,2020.0,1,1
1061322,Global Crossing Ltd.,1,2002-01-28,,2002-01-28,,0,LOPUCKI,11,4813,1,1
1061499,Key Plastics L.L.C.,1,2000-03-23,,2000-03-23,,0,LOPUCKI,11,3714,1,1
1061580,UCBH HOLDINGS INC,1,2009-11-16,2009-11-16,2009-11-24,-8,8,8K_FTS+8K_SUBMISSIONS+LOPUCKI,7,6022,1,3
1061583,"Verado Holdings, Inc.",1,2002-02-15,,2002-02-15,,0,LOPUCKI,11,4813,1,1
1061800,"Talon Automotive Group, Inc.",1,2001-06-29,,2001-06-29,,0,LOPUCKI,11,3460,1,1
1061822,COMPOSITE SOLUTIONS INC,1,2004-10-12,2004-10-12,,,209,8K_SUBMISSIONS,,7200.0,1,3
1061822,COMPOSITE SOLUTIONS INC,2,2007-05-11,2007-05-11,,,0,8K_SUBMISSIONS,,7200.0,1,1
1061985,CONSOLIDATED ENERGY INC,1,2007-07-17,2007-07-17,,,0,8K_SUBMISSIONS,,1220.0,1,1
1062515,"NationsRent, Inc.",1,2001-12-17,,2001-12-17,,0,LOPUCKI,11,7359,1,1
1062613,FAIRPOINT COMMUNICATIONS INC,1,2009-10-26,2009-10-26,2009-10-26,0,0,8K_FTS+8K_SUBMISSIONS+LOPUCKI,11,4813,1,3
1062613,FAIRPOINT COMMUNICATIONS INC,2,2011-01-14,2011-01-14,,,11,8K_FTS+8K_SUBMISSIONS,,4813,1,4
1062834,BARON CAPITAL PROPERTIES LP,1,2004-12-27,2004-12-27,,,277,8K_SUBMISSIONS,,6513.0,1,2
1063262,MEGA MEDIA GROUP INC,1,2009-08-10,2009-08-10,,,113,8K_FTS+8K_SUBMISSIONS,,4832,1,4
1063537,NUTRACEA  (RIBT),1,2009-11-17,2009-11-17,,,350,8K_FTS+8K_SUBMISSIONS,,2040,1,4
1063574,"WKI Holding Company, Inc.",1,2002-05-31,,2002-05-31,,0,LOPUCKI,11,3231,1,1
1063842,IMAGE INNOVATIONS HOLDINGS INC,1,2006-07-11,2006-07-11,,,0,8K_SUBMISSIONS,,5900.0,1,1
1063997,"Harrington West Financial Group, Inc.",1,2010-09-10,,2010-09-10,,0,LOPUCKI,11,6035,1,1
1064015,AMERITRANS CAPITAL CORP,1,2013-05-01,2013-05-01,,,0,8K_FTS+8K_SUBMISSIONS,,,1,2
1064063,MIIX GROUP INC,1,2004-12-21,2004-12-21,,,0,8K_SUBMISSIONS,,6399.0,1,1
1064526,"Grove Worldwide, LLC",1,2001-05-07,,2001-05-07,,0,LOPUCKI,11,3531,1,1
106455,Westmoreland Coal Co. (1994),1,1994-11-08,,1994-11-08,,0,LOPUCKI,11,1220,1,1
106455,WESTMORELAND COAL Co,2,2018-10-09,2018-10-09,2018-10-09,0,157,8K_FTS+8K_SUBMISSIONS+LOPUCKI,11,1221,1,9
1064728,PEABODY ENERGY CORP  (BTU),1,2016-04-13,2016-04-13,2016-04-13,0,341,8K_FTS+8K_SUBMISSIONS+LOPUCKI,11,1221,1,5
1065049,Leap Wireless International Inc.,1,2003-04-13,,2003-04-13,,0,LOPUCKI,11,4813,1,1
1065059,USEC INC  (LEU),1,2014-03-05,2014-03-05,2014-03-05,0,184,8K_FTS+8K_SUBMISSIONS+LOPUCKI,11,1400,1,5
1065298,SUPERIOR BANCORP,1,2011-04-19,2011-04-19,,,0,8K_FTS+8K_SUBMISSIONS,,6022,1,2
1065458,Logix Communications Enterprises Inc.,1,2002-02-28,,2002-02-28,,0,LOPUCKI,11,4813,1,1
1065581,TIGER TELEMATICS INC,1,2006-01-23,2006-01-23,,,227,8K_SUBMISSIONS,,4899.0,1,5
1065581,TIGER TELEMATICS INC,2,2007-09-18,2007-09-18,,,0,8K_SUBMISSIONS,,4899.0,1,1
1065633,Network Plus Corp.,1,2002-02-04,,2002-02-04,,0,LOPUCKI,11,4813,1,1
1065869,"Rhythms NetConnections, Inc.",1,2001-08-01,,2001-08-01,,0,LOPUCKI,11,7370,1,1
1066048,Fine Air Services Corp.,1,2000-09-27,,2000-09-27,,0,LOPUCKI,11,4522,1,1
1066134,"Corinthian Colleges, Inc.",1,2015-05-04,2015-05-06,2015-05-04,2,2,8K_FTS+8K_SUBMISSIONS+LOPUCKI,11,8200,1,3
1066138,"Lodgian, Inc.",1,2001-12-20,,2001-12-20,,0,LOPUCKI,11,7011,1,1
106618,WHX Corporation,1,2005-03-07,2005-03-08,2005-03-07,1,143,8K_SUBMISSIONS+LOPUCKI,11,3470,1,3
1066281,DURAVEST INC,1,2007-03-26,2007-03-26,,,0,8K_SUBMISSIONS,,6770.0,1,1
1066281,DURAVEST INC,2,2008-06-23,2008-06-23,,,0,8K_SUBMISSIONS,,6770.0,1,1
1066719,"Taihe Group, Inc.  (TIHE)",1,2023-08-18,2023-08-18,,,0,8K_FTS+8K_SUBMISSIONS,,8071,1,2
1066923,Future FinTech Group Inc.,1,2004-10-13,2004-10-13,,,0,8K_SUBMISSIONS,,7389.0,1,2
1066961,"Infosmart Group, Inc.",1,2010-06-18,2010-06-18,,,0,8K_FTS+8K_SUBMISSIONS,,3652,1,2
1067447,Derby Cycle Corp,1,2001-08-20,,2001-08-20,,0,LOPUCKI,11,3751,1,1
1067837,"AUDACY, INC.  (AUDAQ)",1,2024-01-08,2024-01-08,,,267,8K_FTS+8K_SUBMISSIONS,,4832,1,6
1068078,American Commercial Lines LLC,1,2003-01-31,,2003-01-31,,0,LOPUCKI,11,4400,1,1
1068084,PRIVATE MEDIA GROUP INC,1,2011-08-26,2011-08-26,,,229,8K_FTS+8K_SUBMISSIONS,,2721,1,8
1068292,Clarent Corp.,1,2002-12-13,,2002-12-13,,0,LOPUCKI,11,7372,1,1
1068660,Knight Energy Corp.,1,2009-04-08,2009-04-08,,,0,8K_FTS+8K_SUBMISSIONS,,1311,1,2
1068874,IMPLANT SCIENCES CORP,1,2016-10-11,2016-10-11,,,294,8K_FTS+8K_SUBMISSIONS,,3829,1,4
1068912,FIRST PLACE FINANCIAL CORP /DE/,1,2012-10-29,2012-10-29,2012-10-29,0,151,8K_FTS+8K_SUBMISSIONS+LOPUCKI,11,6035,1,7
1069201,CROSS MEDIA MARKETING CORP,1,2004-08-23,2004-08-23,,,0,8K_SUBMISSIONS,,7389.0,1,1
1069353,"Conexant Systems, Inc.",1,2013-02-28,,2013-02-28,,0,LOPUCKI,11,3674,1,1
1069602,"Classic Communications, Inc.",1,2001-11-13,,2001-11-13,,0,LOPUCKI,11,4841,1,1
1069996,FedNat Holding Co,1,2022-12-12,2022-12-12,,,0,8K_FTS+8K_SUBMISSIONS,,6331,1,2
1070510,SARS CORP.,1,2010-04-27,2010-04-27,,,0,8K_FTS+8K_SUBMISSIONS,,7372,1,2
1070630,THINKPATH INC,1,2008-03-14,2008-03-14,,,0,8K_SUBMISSIONS,,7370.0,1,1
1071411,"Fusion Connect, Inc.",1,2019-06-03,2019-06-03,,,0,8K_FTS+8K_SUBMISSIONS,,7372,1,2
1071598,PAC-WEST TELECOMM INC,1,2007-05-01,2007-05-01,,,0,8K_SUBMISSIONS,,4813.0,1,1
1071645,"World Access, Inc.",1,2001-04-04,,2001-04-04,,0,LOPUCKI,11,3669,1,1
1071645,WORLD ACCESS INC /NEW/,2,2004-09-22,2004-09-22,,,26,8K_SUBMISSIONS,,4813.0,1,2
1072048,"SpectraSite Holdings, Inc.",1,2002-11-15,,2002-11-15,,0,LOPUCKI,11,4899,1,1
1072258,American Plumbing & Mechanical Inc.,1,2003-10-13,,2003-10-13,,0,LOPUCKI,11,1700,1,1
1072342,Delphi Corporation,1,2005-10-08,2005-10-14,2005-10-08,6,6,8K_SUBMISSIONS+LOPUCKI,11,3714,1,2
1072342,DELPHI CORP,2,2008-01-30,2008-01-30,,,0,8K_SUBMISSIONS,,3714.0,1,1
1072548,Geo Specialty Chemicals Inc.,1,2004-03-18,,2004-03-18,,0,LOPUCKI,11,2810,1,1
1073429,US CONCRETE INC,1,2010-04-29,2010-04-29,2010-04-29,0,92,8K_FTS+8K_SUBMISSIONS+LOPUCKI,11,3272,1,5
1073876,VISUAL BIBLE INTERNATIONAL INC,1,2005-04-18,2005-04-18,,,0,8K_SUBMISSIONS,,2731.0,1,1
1074436,"a21, Inc.",1,2008-12-04,2008-12-04,,,43,8K_FTS+8K_SUBMISSIONS,,7389.0,1,3
1074458,HORIZON BANCORPORATION INC,1,2010-09-17,2010-09-17,,,0,8K_FTS+8K_SUBMISSIONS,,6021,1,2
1074530,BOYDS COLLECTION LTD,1,2005-10-21,2005-10-21,,,248,8K_SUBMISSIONS,,5190.0,1,2
1074663,QUARK TECHNOLOGY GLOBAL INC.,1,2005-09-19,2005-09-19,,,0,8K_SUBMISSIONS,,3711.0,1,1
1074874,DIOMED HOLDINGS INC,1,2008-03-14,2008-03-14,,,0,8K_SUBMISSIONS,,3841.0,1,1
1074908,Valley Media Inc.,1,2001-11-20,,2001-11-20,,0,LOPUCKI,11,5099,1,1
1075043,PATRON SYSTEMS INC,1,2007-11-30,2007-11-30,,,0,8K_SUBMISSIONS,,7372.0,1,1
1075348,FIRST FEDERAL BANKSHARES INC,1,2009-09-08,2009-09-08,,,0,8K_FTS+8K_SUBMISSIONS,,6035,1,2
1076462,ALPHATRADE COM,1,2011-03-28,2011-03-28,,,0,8K_FTS+8K_SUBMISSIONS,,7389,1,2
1076682,"POLARITYTE, INC.  (RGTPQ)",1,2023-06-07,2023-06-07,,,0,8K_FTS+8K_SUBMISSIONS,,2836,1,2
1076700,"KIT digital, Inc.",1,2013-04-25,2013-04-26,2013-04-25,1,111,8K_FTS+8K_SUBMISSIONS+LOPUCKI,11,8900,1,5
1076732,"USInterNetworking, Inc.",1,2002-01-07,,2002-01-07,,0,LOPUCKI,11,7371,1,1
107681,"Winn-Dixie Stores, Inc.",1,2005-02-21,2005-02-24,2005-02-21,3,3,8K_SUBMISSIONS+LOPUCKI,11,5411,1,2
107681,WINN DIXIE STORES INC,2,2006-12-11,2006-12-11,,,0,8K_SUBMISSIONS,,5411.0,1,1
1076930,GSI GROUP INC  (NOVT),1,2009-11-20,2009-11-20,2009-11-20,0,189,8K_FTS+8K_SUBMISSIONS+LOPUCKI,11,3690,1,5
1077050,HERBORIUM,1,2005-01-05,2005-01-05,,,588,8K_SUBMISSIONS,,2833.0,1,4
1077552,"GenTek, Inc.",1,2002-10-11,,2002-10-11,,0,LOPUCKI,11,3714,1,1
1078203,"Stamford Industrial Group, Inc.",1,2009-09-14,2009-09-14,,,0,8K_FTS+8K_SUBMISSIONS,,3460,1,2
1078207,BOWFLEX INC.  (BFXXQ),1,2024-03-05,2024-03-05,,,169,8K_FTS+8K_SUBMISSIONS,,3949,1,6
1078420,Advanced GlassFiber Yarns LLC,1,2002-12-10,,2002-12-10,,0,LOPUCKI,11,3220,1,1
1079797,New Century Energy Corp.,1,2008-07-29,2008-07-29,,,0,8K_SUBMISSIONS,,1311.0,1,1
1080029,"Dougherty's Pharmacy, Inc.",1,2007-11-09,2007-11-09,,,0,8K_SUBMISSIONS,,5912.0,1,1
1080029,"Dougherty's Pharmacy, Inc.",2,2019-08-30,2019-08-30,,,0,8K_FTS+8K_SUBMISSIONS,,5912,1,2
1080504,Eastern 1998D Limited Partnership,1,2013-09-18,2013-09-18,,,460,8K_FTS+8K_SUBMISSIONS,,1311,1,6
1080558,"NorthPoint Communications Group, Inc.",1,2001-01-16,,2001-01-16,,0,LOPUCKI,11,4813,1,1
1081074,"Armada Oil, Inc.",1,2015-08-31,2015-08-31,,,0,8K_FTS+8K_SUBMISSIONS,,1311,1,2
1081158,EQUISTAR CHEMICALS LP,1,2009-01-07,2009-01-07,,,0,8K_FTS+8K_SUBMISSIONS,,2870,1,2
1081290,Redback Networks Inc.,1,2003-11-03,,2003-11-03,,0,LOPUCKI,11,7389,1,1
1081748,MUNICIPAL PAYMENTS SYSTEMS INC,1,2005-02-24,2005-02-24,,,0,8K_SUBMISSIONS,,7389.0,1,1
1081878,New World Pasta Co.,1,2004-05-10,,2004-05-10,,0,LOPUCKI,11,2090,1,1
1082084,BROOKE CAPITAL CORP,1,2008-10-29,2008-10-29,,,1,8K_SUBMISSIONS,,6311.0,1,2
1082368,BANK OF FLORIDA CORP,1,2010-06-01,2010-06-01,,,0,8K_FTS+8K_SUBMISSIONS,,6021,1,2
1082368,BANK OF FLORIDA CORP,2,2011-06-28,2011-06-28,,,0,8K_FTS+8K_SUBMISSIONS,,6021,1,2
1082484,TEAM FINANCIAL INC /KS,1,2009-03-24,2009-03-24,2009-04-05,-12,20,8K_FTS+8K_SUBMISSIONS+LOPUCKI,11,6021,1,5
1082735,GREATER ATLANTIC FINANCIAL CORP,1,2009-12-09,2009-12-09,,,0,8K_FTS+8K_SUBMISSIONS,,6036,1,2
1083036,ELECTRONIC GAME CARD INC,1,2010-09-29,2010-09-29,,,0,8K_FTS+8K_SUBMISSIONS,,3990,1,2
1083132,IMMUNICON CORP,1,2008-06-11,2008-06-11,,,0,8K_SUBMISSIONS,,3826.0,1,1
1083753,THERMOVIEW INDUSTRIES INC,1,2005-09-26,2005-09-26,,,0,8K_SUBMISSIONS,,3089.0,1,1
1084103,NETWOLVES CORP,1,2007-05-22,2007-05-22,,,0,8K_SUBMISSIONS,,4899.0,1,1
1084384,PARETEUM Corp,1,2022-05-19,2022-05-19,,,224,8K_FTS+8K_SUBMISSIONS,,7373,1,4
1084557,TASKER PRODUCTS CORP,1,2008-10-24,2008-10-24,,,0,8K_SUBMISSIONS,,2844.0,1,1
1084577,CYREN Ltd.,1,2023-02-22,2023-02-22,,,6,8K_FTS+8K_SUBMISSIONS,,7372,1,4
1084727,Nexity Financial Corporation,1,2010-07-22,,2010-07-22,,0,LOPUCKI,11,6022,1,1
1084887,W HOLDING CO INC,1,2010-05-04,2010-05-04,,,0,8K_FTS+8K_SUBMISSIONS,,6022,1,2
1085129,"ZEALOUS, INC.",1,2009-02-26,2009-02-26,,,77,8K_FTS+8K_SUBMISSIONS,,6200,1,4
1085254,"HII Technologies, Inc.",1,2005-03-11,2005-03-11,,,270,8K_SUBMISSIONS,,1382.0,1,3
1085254,"HII Technologies, Inc.",2,2015-09-21,2015-09-21,,,245,8K_FTS+8K_SUBMISSIONS,,1382,1,6
1085320,Muzak Holdings LLC,1,2009-02-10,,2009-02-10,,0,LOPUCKI,11,7389,1,1
1085475,CHARTER COMMUNICATIONS HOLDINGS CAPITAL CORP,1,2009-03-27,2009-03-27,,,0,8K_FTS+8K_SUBMISSIONS,,4841,1,2
1085476,CHARTER COMMUNICATIONS HOLDINGS LLC,1,2009-03-27,2009-03-27,,,0,8K_FTS+8K_SUBMISSIONS,,4841,1,2
1085734,Blockbuster Inc.,1,2010-09-23,2010-09-24,2010-09-23,1,1,8K_FTS+8K_SUBMISSIONS+LOPUCKI,11,7841,1,3
1085776,Liberate Technologies,1,2004-04-30,,2004-04-30,,0,LOPUCKI,11,7372,1,1
1086303,PACIFIC WEBWORKS INC  (HCIL),1,2016-03-07,2016-03-07,,,0,8K_FTS+8K_SUBMISSIONS,,7372,1,2
1086385,"Panolam Industries International, Inc.",1,2009-11-04,2009-11-06,2009-11-04,2,54,8K_FTS+8K_SUBMISSIONS+LOPUCKI,11,2590,1,7
1086411,JOHN D. OIL & GAS CO,1,2011-11-28,2011-11-28,,,0,8K_FTS+8K_SUBMISSIONS,,1381,1,2
1087008,Orius Corp.,1,2002-11-15,,2002-11-15,,0,LOPUCKI,11,1731,1,1
1088022,IPIX CORP,1,2006-07-31,2006-07-31,,,0,8K_SUBMISSIONS,,3861.0,1,1
1088162,MAD CATZ INTERACTIVE INC,1,2017-03-31,2017-03-31,,,0,8K_FTS+8K_SUBMISSIONS,,3944,1,2
1088341,Venture Holdings Co LLC,1,2003-03-28,,2003-03-28,,0,LOPUCKI,11,3714,1,1
1088787,"CD INTERNATIONAL ENTERPRISES, INC.",1,2017-12-12,2017-12-12,,,0,8K_FTS+8K_SUBMISSIONS,,8742,1,2
1088914,SleepMaster LLC,1,2001-11-16,,2001-11-16,,0,LOPUCKI,11,2510,1,1
1089104,QUEST OIL CORP,1,2009-05-29,2009-05-29,,,0,8K_FTS+8K_SUBMISSIONS,,1311,1,2
1089393,JACOBSON RESONANCE ENTERPRISES INC,1,2005-10-19,2005-10-19,,,0,8K_SUBMISSIONS,,3841.0,1,1
108976,York Research Corporation (2002),1,2001-12-20,,2001-12-20,,0,LOPUCKI,11,4991,1,1
1089775,"THEATER XTREME ENTERTAINMENT GROUP, INC",1,2008-12-16,2008-12-16,,,0,8K_SUBMISSIONS,,5731.0,1,1
1089787,BAY NATIONAL CORP,1,2010-07-15,2010-07-15,,,0,8K_FTS+8K_SUBMISSIONS,,6021,1,2
1090870,21ST CENTURY TECHNOLOGIES INC,1,2005-11-04,2005-11-04,,,0,8K_SUBMISSIONS,,3480.0,1,1
1091325,"CHINA YIDA HOLDING, CO.",1,2006-07-07,2006-07-07,,,95,8K_SUBMISSIONS,,7310.0,1,4
1091596,"Nuo Therapeutics, Inc.  (AURX)",1,2016-02-01,2016-02-01,,,87,8K_FTS+8K_SUBMISSIONS,,3841,1,8
1091667,CHARTER COMMUNICATIONS INC /MO/  (CHTR),1,2009-03-27,2009-03-27,2009-03-27,0,241,8K_FTS+8K_SUBMISSIONS+LOPUCKI,11,4841,1,5
1091862,Chemtura Corporation,1,2009-03-18,2009-03-23,2009-03-18,5,5,8K_FTS+8K_SUBMISSIONS+LOPUCKI,11,2820,1,3
1091862,Chemtura CORP,2,2010-11-04,2010-11-04,,,0,8K_FTS+8K_SUBMISSIONS,,2820,1,2
1091953,"Choice One Communications, Inc.",1,2004-10-05,2004-10-07,2004-10-05,2,38,8K_SUBMISSIONS+LOPUCKI,11,4813,1,3
1092050,MICROISLET INC,1,2008-11-14,2008-11-14,,,0,8K_SUBMISSIONS,,2836.0,1,1
1092302,JAVO BEVERAGE CO INC,1,2011-01-24,2011-01-24,,,0,8K_FTS+8K_SUBMISSIONS,,2080,1,2
1092319,"CTC Communications Group, Inc.",1,2002-10-03,,2002-10-03,,0,LOPUCKI,11,7385,1,1
1092536,FN ESTATE INC,1,2005-03-30,2005-03-30,,,0,8K_SUBMISSIONS,,7389.0,1,1
1092605,EMERGE INTERACTIVE INC,1,2007-02-14,2007-02-14,,,98,8K_SUBMISSIONS,,7389.0,1,3
109265,Zenith Electronics Corp.,1,1999-08-23,,1999-08-23,,0,LOPUCKI,11,3651,1,1
1092657,"WebVan Group, Inc.",1,2001-07-13,,2001-07-13,,0,LOPUCKI,11,7389,1,1
1092839,DUNE ENERGY INC,1,2015-03-12,2015-03-12,,,203,8K_FTS+8K_SUBMISSIONS,,1389,1,4
1093207,CROSSROADS SYSTEMS INC,1,2017-08-14,2017-08-14,,,0,8K_FTS+8K_SUBMISSIONS,,3577,1,2
1093273,Magna Entertainment Corp.,1,2009-03-05,2009-03-10,2009-03-05,5,5,8K_FTS+8K_SUBMISSIONS+LOPUCKI,11,7948,1,3
1093273,MAGNA ENTERTAINMENT CORP,2,2010-08-12,2010-08-12,,,5,8K_FTS+8K_SUBMISSIONS,,7948,1,4
1093942,CO & PA 1999D Limited Partnership,1,2013-09-18,2013-09-18,,,460,8K_FTS+8K_SUBMISSIONS,,1381,1,6
1094572,"ICOP DIGITAL, INC",1,2011-01-25,2011-01-25,,,8,8K_FTS+8K_SUBMISSIONS,,3663,1,4
1095079,ARTISTDIRECT INC,1,2008-03-12,2008-03-12,,,0,8K_SUBMISSIONS,,7389.0,1,1
1095274,FIRST NATIONAL BANCSHARES INC /SC/,1,2010-07-21,2010-07-21,2010-12-31,-163,168,8K_FTS+8K_SUBMISSIONS+LOPUCKI,7,6021,1,5
1095701,Philip Services Corp. (2003),1,2003-06-02,,2003-06-02,,0,LOPUCKI,11,4950,1,1
1095751,"SKYE INTERNATIONAL, INC",1,2009-12-17,2009-12-17,,,369,8K_FTS+8K_SUBMISSIONS,,5500,1,6
1095792,AVALON DIGITAL MARKETING SYSTEMS INC,1,2005-01-14,2005-01-14,,,0,8K_SUBMISSIONS,,7389.0,1,1
1095827,"American Tissue, Inc.",1,2001-09-10,,2001-09-10,,0,LOPUCKI,11,2621,1,1
1095996,William Lyon Homes,1,2011-12-19,,2011-12-19,,0,LOPUCKI,11,1531,1,1
1096050,GLOBAL ENTERTAINMENT HOLDINGS/EQUITIES INC,1,2007-11-07,2007-11-07,,,0,8K_SUBMISSIONS,,7829.0,1,1
1096132,"PETRONE WORLDWIDE, INC.",1,2018-07-31,2018-07-31,,,0,8K_FTS+8K_SUBMISSIONS,,8742,1,2
1096287,"Xpedior, Inc.",1,2001-04-20,,2001-04-20,,0,LOPUCKI,11,7389,1,1
1096339,SARATOGA RESOURCES INC /TX,1,2009-04-02,2009-04-02,,,385,8K_FTS+8K_SUBMISSIONS,,1382,1,6
1096339,SARATOGA RESOURCES INC /TX,2,2015-06-19,2015-06-19,,,0,8K_FTS+8K_SUBMISSIONS,,1382,1,2
1096339,SARATOGA RESOURCES INC /TX,3,2016-11-03,2016-11-03,,,0,8K_FTS+8K_SUBMISSIONS,,1382,1,2
1096352,HOLLYWOOD CASINO SHREVEPORT,1,2004-11-03,2004-11-03,,,251,8K_SUBMISSIONS,,7011.0,1,4
1096353,SHREVEPORT CAPITAL CORP,1,2004-11-03,2004-11-03,,,251,8K_SUBMISSIONS,,7011.0,1,4
1096354,HWCC LOUISIANA INC,1,2004-11-03,2004-11-03,,,251,8K_SUBMISSIONS,,,1,4
1096481,ANGIOTECH PHARMACEUTICALS INC,1,2011-02-01,2011-02-01,,,0,8K_FTS+8K_SUBMISSIONS,,3841,1,2
1096509,"Trinsic, Inc.",1,2007-02-08,2007-02-08,,,0,8K_SUBMISSIONS,,4813.0,1,1
1096560,SULPHCO INC,1,2011-09-16,2011-09-16,,,0,8K_FTS+8K_SUBMISSIONS,,1389,1,2
1096789,PROJECT GROUP INC,1,2005-07-19,2005-07-19,,,0,8K_SUBMISSIONS,,7389.0,1,1
1096791,Oilsands Quest Inc,1,2011-12-05,2011-12-05,,,0,8K_FTS+8K_SUBMISSIONS,,1090,1,2
1096936,Marketing Concepts International,1,2005-09-14,2005-09-14,,,15,8K_SUBMISSIONS,,7389.0,1,2
1097081,1ST CENTENNIAL BANCORP,1,2009-01-28,2009-01-28,2009-03-25,-56,56,8K_FTS+8K_SUBMISSIONS+LOPUCKI,7,6022,1,5
1097181,MOLECULAR IMAGING CORP,1,2008-12-09,2008-12-09,,,0,8K_SUBMISSIONS,,5047.0,1,1
1097516,"divine, inc.",1,2003-02-25,,2003-02-25,,0,LOPUCKI,11,7389,1,1
1097523,ANC Rental Corp.,1,2001-11-13,,2001-11-13,,0,LOPUCKI,11,7510,1,1
1097570,DESERT HEALTH PRODUCTS INC,1,2006-02-22,2006-02-22,,,225,8K_SUBMISSIONS,,2834.0,1,2
1097575,"AcuNetx, Inc.",1,2012-08-07,2012-08-07,,,0,8K_FTS+8K_SUBMISSIONS,,3841,1,2
1097805,UNIVERSAL FOOD & BEVERAGE COMPNY,1,2007-09-04,2007-09-04,,,36,8K_SUBMISSIONS,,2870.0,1,2
1098278,PLATINA ENERGY GROUP INC.,1,2008-12-03,2008-12-03,,,0,8K_SUBMISSIONS,,1311.0,1,1
1098311,"Republic Technologies International Holdings, LLC (2001)",1,2001-04-02,,2001-04-02,,0,LOPUCKI,11,3312,1,1
1098341,"Goss Holdings, Inc. (2001)",1,2001-09-10,,2001-09-10,,0,LOPUCKI,11,3821,1,1
1098685,"Dynamic Response Group, Inc.",1,2010-01-15,2010-01-15,,,0,8K_FTS+8K_SUBMISSIONS,,5961,1,2
109870,GLASSMASTER CO,1,2007-05-02,2007-05-02,,,0,8K_SUBMISSIONS,,2820.0,1,1
1098880,IntelGenx Technologies Corp.,1,2025-02-28,2025-02-28,,,0,8K_FTS+8K_SUBMISSIONS,,2834,1,2
1099132,MANHATTAN SCIENTIFICS INC,1,2025-04-08,2025-04-08,,,0,8K_FTS+8K_SUBMISSIONS,,3690,1,2
1099231,"Pathnet Telecommunications, Inc.",1,2001-04-02,,2001-04-02,,0,LOPUCKI,11,4813,1,1
1099730,EPIXTAR CORP,1,2005-10-12,2005-10-12,,,0,8K_SUBMISSIONS,,7374.0,1,1
1099980,TAMALPAIS BANCORP,1,2010-04-19,2010-04-19,2010-09-24,-158,158,8K_FTS+8K_SUBMISSIONS+LOPUCKI,7,6022,1,3
1100202,LENCO MOBILE INC.,1,2014-09-11,2014-09-11,,,21,8K_FTS+8K_SUBMISSIONS,,7310,1,4
1100395,AMERICA ONLINE LATIN AMERICA INC,1,2005-06-24,2005-06-24,,,0,8K_SUBMISSIONS,,7370.0,1,1
1100592,"ASSURED PHARMACY, INC.",1,2015-03-09,2015-03-09,,,0,8K_FTS+8K_SUBMISSIONS,,5912,1,2
1100981,VUBOTICS INC,1,2008-12-12,2008-12-12,,,0,8K_SUBMISSIONS,,7372.0,1,1
1100983,PEOPLES COMMUNITY BANCORP INC /MD/,1,2009-08-07,2009-08-07,,,0,8K_FTS+8K_SUBMISSIONS,,6021,1,2
1101152,ONLINE POWER SUPPLY INC,1,2004-08-26,2004-08-26,,,0,8K_SUBMISSIONS,,4911.0,1,1
1101169,ViaSystems Group Inc.,1,2002-10-01,,2002-10-01,,0,LOPUCKI,11,3672,1,1
1101396,"DELTA APPAREL, INC  (DLAPQ)",1,2024-07-01,2024-07-01,,,0,8K_FTS+8K_SUBMISSIONS,,5130,1,2
1101661,SONORAN ENERGY INC,1,2009-06-19,2009-06-19,,,206,8K_FTS+8K_SUBMISSIONS,,1311,1,6
1101680,DZS INC.  (DZSI),1,2025-03-14,2025-03-14,,,0,8K_FTS+8K_SUBMISSIONS,,3661,1,2
1102542,SCO GROUP INC,1,2007-09-14,2007-09-14,,,0,8K_SUBMISSIONS,,7372.0,1,1
1102542,SCO GROUP INC,2,2009-08-06,2009-08-06,,,22,8K_FTS+8K_SUBMISSIONS,,7372,1,4
1102752,"FLAG Telecom Holdings, Ltd",1,2002-04-12,,2002-04-12,,0,LOPUCKI,11,4813,1,1
1103078,RASER TECHNOLOGIES INC,1,2011-05-03,2011-05-03,,,0,8K_FTS+8K_SUBMISSIONS,,4911,1,2
1103345,BEACON POWER CORP,1,2011-10-31,2011-10-31,,,101,8K_FTS+8K_SUBMISSIONS,,4911,1,4
1103764,INTEGRITY BANCSHARES INC,1,2008-09-04,2008-09-04,2008-10-10,-36,43,8K_SUBMISSIONS+LOPUCKI,7,6021.0,1,3
1104161,IMPART MEDIA GROUP INC,1,2008-06-12,2008-06-12,,,260,8K_FTS+8K_SUBMISSIONS,,8741.0,1,3
1104252,DDI Corp.,1,2003-08-20,,2003-08-20,,0,LOPUCKI,11,3672,1,1
1104332,"Oasys Mobile, Inc.",1,2007-07-19,2007-07-19,,,0,8K_SUBMISSIONS,,7389.0,1,1
1104358,"Broadview Networks Holdings, Inc.",1,2012-08-22,2012-08-23,2012-08-22,1,43,8K_FTS+8K_SUBMISSIONS+LOPUCKI,11,4813,1,5
1105055,"Dynegy Holdings, LLC",1,2011-11-07,2011-11-08,2011-11-07,1,311,8K_FTS+8K_SUBMISSIONS+LOPUCKI,11,4911,1,5
1105533,ARGOS THERAPEUTICS INC,1,2018-12-03,2018-12-03,,,0,8K_FTS+8K_SUBMISSIONS,,2834,1,2
1106836,SGD HOLDINGS LTD,1,2005-01-21,2005-01-21,,,0,8K_SUBMISSIONS,,5094.0,1,1
1106836,SGD HOLDINGS LTD,2,2009-04-15,2009-04-15,,,0,8K_FTS+8K_SUBMISSIONS,,5094,1,2
1106935,IVANHOE ENERGY INC,1,2015-02-26,2015-02-26,,,96,8K_FTS+8K_SUBMISSIONS,,1311,1,8
1107080,ENVIRO ENERGY CORP,1,2004-10-27,2004-10-27,,,0,8K_SUBMISSIONS,,1731.0,1,1
1107332,DENDREON CORP,1,2014-11-10,2014-11-10,2014-11-10,0,205,8K_FTS+8K_SUBMISSIONS+LOPUCKI,11,2834,1,5
1107601,ATHEROGENICS INC,1,2008-10-07,2008-10-07,,,258,8K_FTS+8K_SUBMISSIONS,,2834.0,1,3
1107802,"HEADLINERS ENTERTAINMENT GROUP, INC.",1,2007-03-09,2007-03-09,,,0,8K_SUBMISSIONS,,7900.0,1,1
1107978,OSULLIVAN INDUSTRIES INC,1,2005-10-19,2005-10-19,,,154,8K_SUBMISSIONS,,2510.0,1,2
1108727,"iPCS, Inc.",1,2003-02-23,,2003-02-23,,0,LOPUCKI,11,4812,1,1
1108730,PUBLIC MEDIA WORKS INC,1,2011-09-26,2011-09-26,,,0,8K_FTS+8K_SUBMISSIONS,,7812,1,2
1108951,LARGE SCALE BIOLOGY CORP,1,2006-01-13,2006-01-13,,,333,8K_SUBMISSIONS,,2834.0,1,2
1108955,SOYO GROUP INC,1,2009-05-18,2009-05-18,,,0,8K_FTS+8K_SUBMISSIONS,,5064,1,2
1108967,"Orbital Infrastructure Group, Inc.",1,2023-08-24,2023-08-24,,,105,8K_FTS+8K_SUBMISSIONS,,5065,1,4
1109153,"TRISTAR WELLNESS SOLUTIONS, INC.",1,2016-01-15,2016-01-15,,,0,8K_FTS+8K_SUBMISSIONS,,9995,1,2
1109153,"TRISTAR WELLNESS SOLUTIONS, INC.",2,2017-12-28,2017-12-28,,,0,8K_FTS+8K_SUBMISSIONS,,9995,1,2
1109189,BASIC ENERGY SERVICES INC,1,2016-10-25,2016-10-25,2016-10-25,0,48,8K_FTS+8K_SUBMISSIONS+LOPUCKI,11,1389,1,5
1109189,"Basic Energy Services, Inc. (2021)",2,2021-08-17,2021-08-18,2021-08-17,1,52,8K_FTS+8K_SUBMISSIONS+LOPUCKI,11,1389,1,5
1109196,"MABVAX THERAPEUTICS HOLDINGS, INC.",1,2019-03-25,2019-03-25,,,0,8K_FTS+8K_SUBMISSIONS,,2834,1,2
1109279,TVIA INC,1,2008-10-16,2008-10-16,,,431,8K_FTS+8K_SUBMISSIONS,,3674.0,1,5
1109304,ARMSTRONG HOLDINGS INC /PA/,1,2006-08-18,2006-08-18,,,0,8K_SUBMISSIONS,,3089.0,1,1
1110418,IDI GLOBAL INC,1,2006-04-21,2006-04-21,,,0,8K_SUBMISSIONS,,7372.0,1,1
1110794,Genuity Inc.,1,2002-11-27,,2002-11-27,,0,LOPUCKI,11,7370,1,1
1111335,Visteon Corporation,1,2009-05-28,2009-06-04,2009-05-28,7,7,8K_FTS+8K_SUBMISSIONS+LOPUCKI,11,3714,1,3
1111335,VISTEON CORP  (VC),2,2010-09-07,2010-09-07,,,0,8K_FTS+8K_SUBMISSIONS,,3714,1,2
1111634,"XO Communications, Inc.",1,2002-06-17,,2002-06-17,,0,LOPUCKI,11,4813,1,1
1111697,DOBI MEDICAL INTERNATIONAL INC,1,2007-06-19,2007-06-19,,,223,8K_SUBMISSIONS,,3845.0,1,2
1111938,APW Ltd.,1,2002-05-16,,2002-05-16,,0,LOPUCKI,11,5065,1,1
1112263,PROXIM CORP,1,2005-06-13,2005-06-13,,,1,8K_SUBMISSIONS,,3669.0,1,2
1112412,Endeavour International Corporation,1,2014-10-10,2014-10-14,2014-10-10,4,4,8K_FTS+8K_SUBMISSIONS+LOPUCKI,11,1311,1,3
1112424,HIENERGY TECHNOLOGIES INC,1,2007-03-15,2007-03-15,,,0,8K_SUBMISSIONS,,3826.0,1,1
1112485,PRIMEHOLDINGS COM INC,1,2011-06-27,2011-06-27,,,0,8K_FTS+8K_SUBMISSIONS,,7389,1,2
1113148,"INFINITY PHARMACEUTICALS, INC.  (INFIQ)",1,2023-09-29,2023-09-29,,,0,8K_FTS+8K_SUBMISSIONS,,2834,1,2
1113247,"BearingPoint, Inc.",1,2009-02-18,2009-02-23,2009-02-18,5,316,8K_FTS+8K_SUBMISSIONS+LOPUCKI,11,8742,1,9
1113527,AT&T Latin America Corp.,1,2003-04-11,,2003-04-11,,0,LOPUCKI,11,4813,1,1
1113836,"Asia Global Crossing, Ltd.",1,2002-11-17,,2002-11-17,,0,LOPUCKI,11,4813,1,1
1113920,Horizon PCS Inc.,1,2003-08-15,,2003-08-15,,0,LOPUCKI,11,4812,1,1
1114241,INYX INC,1,2007-07-03,2007-07-03,,,0,8K_SUBMISSIONS,,2834.0,1,1
1114365,CURON MEDICAL INC,1,2006-11-15,2006-11-15,,,0,8K_SUBMISSIONS,,3845.0,1,1
1114605,AMERICAN SCIENTIFIC RESOURCES INC,1,2012-03-19,2012-03-19,,,0,8K_FTS+8K_SUBMISSIONS,,3841,1,2
1114908,"Challenger Powerboats, Inc.",1,2008-04-28,2008-04-28,,,0,8K_SUBMISSIONS,,3730.0,1,1
1115568,WGNB CORP,1,2010-02-02,2010-02-02,,,0,8K_FTS+8K_SUBMISSIONS,,6021,1,2
1116112,US FUEL CORP,1,2014-12-30,2014-12-30,,,0,8K_FTS+8K_SUBMISSIONS,,2911,1,2
1116181,"IWO Holdings, Inc.",1,2005-01-04,2005-01-05,2005-01-04,1,41,8K_SUBMISSIONS+LOPUCKI,11,4812,1,3
1116521,AVAYA INC,1,2017-01-19,2017-01-19,2017-01-19,0,0,8K_FTS+8K_SUBMISSIONS+LOPUCKI,11,3661,1,3
1116563,Velocita Corp.,1,2002-05-30,,2002-05-30,,0,LOPUCKI,11,4813,1,1
1116694,CAPITAL GROWTH SYSTEMS INC /FL/,1,2010-07-23,2010-07-23,,,0,8K_FTS+8K_SUBMISSIONS,,7389,1,2
1117042,Mpower Holding Corp.,1,2002-04-08,,2002-04-08,,0,LOPUCKI,11,4813,1,1
1117258,SECURITY INTELLIGENCE TECHNOLOGIES INC,1,2008-06-02,2008-06-02,,,0,8K_SUBMISSIONS,,3990.0,1,1
1117458,O2DIESEL CORP,1,2009-07-24,2009-07-24,,,69,8K_FTS+8K_SUBMISSIONS,,2890,1,8
1118326,CERTIFIED SERVICES INC,1,2006-05-23,2006-05-23,,,0,8K_SUBMISSIONS,,8741.0,1,1
1119190,"TAP REAL ESTATE TECHNOLOGIES, INC.",1,2007-09-07,2007-09-07,,,143,8K_SUBMISSIONS,,5000.0,1,2
1119307,"NewPower Holdings, Inc.",1,2002-06-11,,2002-06-11,,0,LOPUCKI,11,4931,1,1
1119664,NORTEL NETWORKS LTD,1,2009-01-14,2009-01-14,,,2,8K_FTS+8K_SUBMISSIONS,,3661,1,4
1120427,SONOMA VALLEY BANCORP,1,2010-08-25,2010-08-25,,,0,8K_FTS+8K_SUBMISSIONS,,6021,1,3
1120830,"China Natural Gas, Inc.",1,2013-02-08,2013-02-14,2013-02-08,6,140,8K_FTS+8K_SUBMISSIONS+LOPUCKI,11,4923,1,5
1121131,REDLINE PERFORMANCE PRODUCTS INC,1,2004-08-31,2004-08-31,,,0,8K_SUBMISSIONS,,3790.0,1,1
1121702,"YIELD10 BIOSCIENCE, INC.  (YTEN)",1,2024-12-06,2024-12-06,,,0,8K_FTS+8K_SUBMISSIONS,,0100,1,2
1121745,ATLAS AMERICA PUBLIC #9 LTD.,1,2016-07-28,2016-07-28,,,0,8K_FTS+8K_SUBMISSIONS,,1382,1,2
1121783,AMERICAN SPECTRUM REALTY INC,1,2014-02-21,2014-02-21,2015-02-13,-357,357,8K_FTS+8K_SUBMISSIONS+LOPUCKI,11,6798,1,3
1121785,"SLM International, Inc.",1,1995-10-24,,1995-10-24,,0,LOPUCKI,11,3944,1,1
1121785,SLS INTERNATIONAL INC,2,2009-03-04,2009-03-04,,,0,8K_FTS+8K_SUBMISSIONS,,3651,1,2
1121811,ENERGY & ENGINE TECHNOLOGY CORP,1,2006-05-11,2006-05-11,,,0,8K_SUBMISSIONS,,4581.0,1,1
1122101,"EPIC ENERGY RESOURCES, INC.",1,2011-03-24,2011-03-24,,,0,8K_FTS+8K_SUBMISSIONS,,8742,1,2
1122211,Trenwick Group Ltd,1,2003-08-20,,2003-08-20,,0,LOPUCKI,11,6331,1,1
1122380,Osiris CORP,1,2006-08-22,2006-08-22,,,20,8K_SUBMISSIONS,,3531.0,1,2
1122771,"American Southwest Music Distribution, Inc",1,2006-03-14,2006-03-14,,,0,8K_SUBMISSIONS,,7011.0,1,1
1122887,JAVA DETOUR INC.,1,2010-09-10,2010-09-10,,,0,8K_FTS+8K_SUBMISSIONS,,5400,1,2
1123028,RIVERSTONE NETWORKS INC,1,2006-02-08,2006-02-08,,,0,8K_SUBMISSIONS,,3576.0,1,1
1123541,"Penson Worldwide, Inc.",1,2013-01-11,,2013-01-11,,0,LOPUCKI,11,6211,1,1
1123606,SEQUIAM CORP,1,2008-03-20,2008-03-20,,,33,8K_SUBMISSIONS,,7373.0,1,2
1123647,ATP Oil & Gas Corporation,1,2012-08-17,2012-08-20,2012-08-17,3,3,8K_FTS+8K_SUBMISSIONS+LOPUCKI,11,1311,1,3
1124024,FAR EAST ENERGY CORP,1,2015-11-10,2015-11-10,,,0,8K_FTS+8K_SUBMISSIONS,,1311,1,2
1124394,HydroGen CORP,1,2008-10-23,2008-10-23,,,0,8K_SUBMISSIONS,,3510.0,1,1
1124566,Ziff Davis Holdings Inc.,1,2008-03-05,,2008-03-05,,0,LOPUCKI,11,2721,1,1
1124608,RESPONSE GENETICS INC,1,2015-08-11,2015-08-11,,,0,8K_FTS+8K_SUBMISSIONS,,2835,1,2
1125052,"Halo Technology Holdings, Inc.",1,2007-08-21,2007-08-21,,,0,8K_SUBMISSIONS,,7372.0,1,1
1125532,"VERTICAL BRANDING, INC.",1,2010-03-05,2010-03-05,,,0,8K_FTS+8K_SUBMISSIONS,,5960,1,2
1125557,"POWDER RIVER PETROLEUM INTERNATIONAL, INC.",1,2008-07-15,2008-07-15,,,0,8K_SUBMISSIONS,,1311.0,1,1
1126294,"GenOn Energy, Inc.",1,2017-06-14,2017-06-14,2017-06-14,0,397,8K_FTS+8K_SUBMISSIONS+LOPUCKI,11,4911,1,15
1127005,"PGMI, INC.",1,2008-07-16,2008-07-16,,,0,8K_SUBMISSIONS,,7900.0,1,1
1127342,GMX RESOURCES INC,1,2013-04-01,2013-04-01,2013-04-01,0,302,8K_FTS+8K_SUBMISSIONS+LOPUCKI,11,1311,1,5
1127358,Colorado 2000B Limited Partnership,1,2013-09-18,2013-09-18,,,460,8K_FTS+8K_SUBMISSIONS,,1381,1,6
1127360,Colorado 2000C Limited Partnership,1,2013-09-18,2013-09-18,,,460,8K_FTS+8K_SUBMISSIONS,,1381,1,6
1127362,Colorado 2000D Limited Partnership,1,2013-09-18,2013-09-18,,,460,8K_FTS+8K_SUBMISSIONS,,1381,1,6
1127442,CITIZENS FIRST BANCORP INC,1,2010-05-06,2010-05-06,,,0,8K_FTS+8K_SUBMISSIONS,,6036,1,2
1127783,TRENWICK AMERICA CORP,1,2005-10-05,2005-10-05,,,0,8K_SUBMISSIONS,,6331.0,1,1
1127993,"GALAXY NEXT GENERATION, INC.  (GAXYQ)",1,2024-12-12,2024-12-12,,,0,8K_FTS+8K_SUBMISSIONS,,7830,1,2
1128709,Geneva Steel Holdings Corp. (2002),1,2002-01-25,,2002-01-25,,0,LOPUCKI,11,6770,1,1
1128723,SKYWAY COMMUNICATIONS HOLDING CORP,1,2005-06-17,2005-06-17,,,0,8K_SUBMISSIONS,,4813.0,1,2
1129048,"WeedHire International, Inc.",1,2016-04-08,2016-04-08,,,0,8K_FTS+8K_SUBMISSIONS,,7389,1,2
1129650,TORCH OFFSHORE INC,1,2005-01-10,2005-01-10,,,0,8K_SUBMISSIONS,,1389.0,1,1
1129695,"BioAuthorize Holdings, Inc.",1,2010-02-18,2010-02-18,,,112,8K_FTS+8K_SUBMISSIONS,,6552,1,4
1129900,DONINI INC,1,2004-11-18,2004-11-18,,,0,8K_SUBMISSIONS,,5812.0,1,1
1129981,Oglebay Norton Company,1,2004-02-23,2004-11-19,2004-02-23,270,270,8K_SUBMISSIONS+LOPUCKI,11,1400,1,2
1129989,"PG&E National Energy Group, Inc.",1,2003-07-08,,2003-07-08,,0,LOPUCKI,11,4911,1,1
1130128,"CHINA IVY SCHOOL, INC.",1,2005-05-13,2005-05-13,,,347,8K_SUBMISSIONS,,8200.0,1,5
1130131,WIRELESS AGE COMMUNICATIONS INC,1,2009-01-12,2009-01-12,,,0,8K_FTS+8K_SUBMISSIONS,,4813,1,2
1131072,TETON ENERGY CORP,1,2009-11-09,2009-11-09,,,74,8K_FTS+8K_SUBMISSIONS,,1381,1,4
1131227,"Hornbeck Offshore Services, Inc.",1,2020-05-19,2020-05-22,2020-05-19,3,37,8K_FTS+8K_SUBMISSIONS+LOPUCKI,11,4400,1,5
1131806,"CO LIQUIDATION, INC.",1,2004-10-07,2004-10-07,,,0,8K_SUBMISSIONS,,7373.0,1,1
1132143,LEGEND INTERNATIONAL HOLDINGS INC,1,2016-05-09,2016-05-09,,,0,8K_FTS+8K_SUBMISSIONS,,1040,1,2
1132487,AMERICHIP INTERNATIONAL INC,1,2009-06-22,2009-06-22,,,93,8K_FTS+8K_SUBMISSIONS,,3550,1,4
1132590,"GEM SOLUTIONS, INC.",1,2007-09-27,2007-09-27,,,231,8K_SUBMISSIONS,,7373.0,1,2
1132645,Transmeridian Exploration Incorporated,1,2009-03-20,2009-03-23,2009-03-20,3,3,8K_FTS+8K_SUBMISSIONS+LOPUCKI,11,1311,1,3
1132784,GALAXY ENERGY CORP,1,2008-03-17,2008-03-17,,,289,8K_SUBMISSIONS,,1311.0,1,2
1133324,INPHONIC INC,1,2007-11-08,2007-11-08,2007-11-08,0,0,8K_SUBMISSIONS+LOPUCKI,11,4899.0,1,2
1133494,FOOTHILLS RESOURCES INC,1,2009-02-11,2009-02-11,,,0,8K_FTS+8K_SUBMISSIONS,,1311,1,2
1133598,"DealerAdvance, Inc.",1,2007-02-09,2007-02-09,,,360,8K_SUBMISSIONS,,3576.0,1,2
1133754,"Teleplus World, Corp.",1,2009-03-05,2009-03-05,,,172,8K_FTS+8K_SUBMISSIONS,,4899,1,6
1134016,MIDWEST GENERATION LLC,1,2012-12-21,2012-12-21,,,0,8K_FTS+8K_SUBMISSIONS,,4991,1,2
1134016,MIDWEST GENERATION LLC,2,2014-03-17,2014-03-17,,,0,8K_FTS+8K_SUBMISSIONS,,4991,1,2
1135185,Atlas Air Worldwide Holdings Inc.,1,2004-01-30,,2004-01-30,,0,LOPUCKI,11,4522,1,1
1135361,Illinois Power Generating Co,1,2016-12-09,2016-12-09,2016-12-09,0,52,8K_FTS+8K_SUBMISSIONS+LOPUCKI,11,4911,1,5
1135906,"EPIRUS Biopharmaceuticals, Inc.",1,2016-07-25,2016-07-25,,,0,8K_FTS+8K_SUBMISSIONS,,2834,1,2
1136294,Global Power Equipment Group Inc.,1,2006-09-28,2006-10-04,2006-09-28,6,6,8K_SUBMISSIONS+LOPUCKI,11,3443,1,2
1136294,Williams Industrial Services Group Inc.  (WLMSQ),2,2023-07-24,2023-07-24,,,0,8K_FTS+8K_SUBMISSIONS,,1600,1,2
1137157,MEGA C POWER CORP,1,2005-07-22,2005-07-22,,,0,8K_SUBMISSIONS,,6770.0,1,1
1137204,"HIPCRICKET, INC.",1,2015-01-22,2015-01-22,,,116,8K_FTS+8K_SUBMISSIONS,,3669,1,4
1137239,AMERICAS ENERGY Co - AECO,1,2011-12-13,2011-12-13,,,0,8K_FTS+8K_SUBMISSIONS,,1000,1,2
1137469,"NOVA BIOSOURCE FUELS, INC.",1,2009-04-01,2009-04-01,,,0,8K_FTS+8K_SUBMISSIONS,,2911,1,2
1137469,"NOVA BIOSOURCE FUELS, INC.",2,2010-04-14,2010-04-14,,,0,8K_FTS+8K_SUBMISSIONS,,2911,1,2
1137778,"WCI Communities, Inc.",1,2008-08-04,2008-08-06,2008-08-04,2,2,8K_SUBMISSIONS+LOPUCKI,11,1531,1,2
1138173,SHEARSON FINANCIAL NETWORK INC,1,2008-06-19,2008-06-19,,,330,8K_FTS+8K_SUBMISSIONS,,6199.0,1,5
1138258,"GENON MID-ATLANTIC, LLC",1,2005-12-15,2005-12-15,,,0,8K_SUBMISSIONS,,4911.0,1,1
1138258,"GENON MID-ATLANTIC, LLC",2,2017-06-14,2017-06-14,,,0,8K_FTS+8K_SUBMISSIONS,,4911,1,2
1138659,"NEPTUNE INDUSTRIES, INC.",1,2009-07-20,2009-07-20,,,0,8K_FTS+8K_SUBMISSIONS,,0200,1,2
1138862,ARBIOS SYSTEMS INC,1,2009-01-12,2009-01-12,,,0,8K_FTS+8K_SUBMISSIONS,,3841,1,2
1140310,"EnSync, Inc.",1,2019-03-12,2019-03-12,,,15,8K_FTS+8K_SUBMISSIONS,,4911,1,4
1140414,"Legend Oil & Gas, Ltd.",1,2014-09-25,2014-09-25,,,1,8K_FTS+8K_SUBMISSIONS,,1381,1,4
1140472,ALLIANCE BANCSHARES CALIFORNIA,1,2009-02-12,2009-02-12,,,0,8K_FTS+8K_SUBMISSIONS,,6021,1,2
1140761,GENON AMERICAS GENERATION LLC,1,2005-12-15,2005-12-15,,,0,8K_SUBMISSIONS,,4911.0,1,1
1140761,GENON AMERICAS GENERATION LLC,2,2017-06-14,2017-06-14,,,357,8K_FTS+8K_SUBMISSIONS,,4911,1,12
1141197,PEDEVCO CORP,1,2007-01-22,2007-01-22,,,0,8K_SUBMISSIONS,,1311.0,1,1
1141395,"NexHorizon Communications, Inc.",1,2009-03-18,2009-03-18,,,0,8K_FTS+8K_SUBMISSIONS,,4813,1,2
1141590,PLAYLOGIC ENTERTAINMENT INC,1,2010-07-27,2010-07-27,,,20,8K_FTS+8K_SUBMISSIONS,,7372,1,7
1143566,EVERGREENBANCORP INC,1,2010-01-25,2010-01-25,2010-05-28,-123,128,8K_FTS+8K_SUBMISSIONS+LOPUCKI,7,6035,1,5
1143799,MEDICOR LTD,1,2007-07-03,2007-07-03,,,0,8K_SUBMISSIONS,,3842.0,1,1
1144834,KAISER VENTURES LLC,1,2011-10-31,2011-10-31,,,0,8K_FTS+8K_SUBMISSIONS,,6519,1,2
1144834,"CIL&D, LLC",2,2013-08-19,2013-08-19,,,0,8K_FTS+8K_SUBMISSIONS,,6519,1,2
1144835,Touch America Holdings Inc.,1,2003-06-19,,2003-06-19,,0,LOPUCKI,11,4813,1,1
1144835,TOUCH AMERICA HOLDINGS INC,2,2004-08-24,2004-08-24,,,49,8K_SUBMISSIONS,,4813.0,1,8
1145061,"Global Energy Holdings Group, Inc.",1,2009-11-25,2009-11-25,,,0,8K_FTS+8K_SUBMISSIONS,,3250,1,2
1145202,MRU HOLDINGS INC,1,2009-02-09,2009-02-09,,,0,8K_FTS+8K_SUBMISSIONS,,6163,1,2
1145238,InSight Health Services Holdings Corp,1,2007-05-29,2007-06-04,2007-05-29,6,48,8K_SUBMISSIONS+LOPUCKI,11,8071,1,3
1145238,INSIGHT HEALTH SERVICES HOLDINGS CORP,2,2010-12-14,2010-12-14,,,49,8K_FTS+8K_SUBMISSIONS,,8071,1,4
1156216,Colorado 2001D Limited Partnership,1,2013-09-18,2013-09-18,,,0,8K_FTS+8K_SUBMISSIONS,,1381,1,2
1156218,Colorado 2001B Limited Partnership,1,2013-09-18,2013-09-18,,,0,8K_FTS+8K_SUBMISSIONS,,1381,1,2
1156220,Colorado 2001C Limited Partnership,1,2013-09-18,2013-09-18,,,0,8K_FTS+8K_SUBMISSIONS,,1381,1,2
1156221,Colorado 2001A Limited Partnership,1,2013-09-18,2013-09-18,,,460,8K_FTS+8K_SUBMISSIONS,,1381,1,6
1156295,SERACARE LIFE SCIENCES INC,1,2006-03-23,2006-03-23,,,337,8K_SUBMISSIONS,,2835.0,1,2
1157282,NEWNAN COWETA BANCSHARES INC,1,2009-07-01,2009-07-01,,,0,8K_FTS+8K_SUBMISSIONS,,6021,1,2
1157443,"nCoat, Inc.",1,2010-08-16,2010-08-16,,,0,8K_FTS+8K_SUBMISSIONS,,3470,1,2
1157516,ATLAS AMERICA PUBLIC #10 LTD.,1,2016-07-28,2016-07-28,,,0,8K_FTS+8K_SUBMISSIONS,,1381,1,2
1157817,"SITO MOBILE, LTD.",1,2020-10-15,2020-10-15,,,371,8K_FTS+8K_SUBMISSIONS,,7389,1,8
1157987,MERRILL LYNCH DEPOSITOR INC PREFERREDPLUS TRUST SER CZN 1,1,2020-04-17,2020-04-17,,,0,8K_FTS+8K_SUBMISSIONS,,6189,1,2
1159154,Republic Airways Holdings Inc.,1,2016-02-25,2016-02-26,2016-02-25,1,1,8K_FTS+8K_SUBMISSIONS+LOPUCKI,11,4512,1,3
1159167,IROBOT CORP  (IRBT),1,2025-12-15,2025-12-15,,,42,8K_FTS+8K_SUBMISSIONS,,3630,1,3
1159770,"Interact Holdings Group, Inc.",1,2006-02-17,2006-02-17,,,17,8K_SUBMISSIONS,,4899.0,1,2
1160084,LOCATEPLUS HOLDINGS CORP,1,2011-09-26,2011-09-26,,,136,8K_FTS+8K_SUBMISSIONS,,7374,1,8
1160165,"ShengdaTech, Inc.",1,2011-08-19,2011-08-23,2011-08-19,4,4,8K_FTS+8K_SUBMISSIONS+LOPUCKI,11,2890,1,3
1160165,"ShengdaTech, Inc.",2,2012-10-09,2012-10-09,,,8,8K_FTS+8K_SUBMISSIONS,,2890,1,4
1160294,"Herbst Gaming, Inc.",1,2009-03-22,2009-03-23,2009-03-22,1,312,8K_FTS+8K_SUBMISSIONS+LOPUCKI,11,7990,1,5
1160437,MEDICAL STAFFING SOLUTIONS INC,1,2007-01-05,2007-01-05,,,0,8K_SUBMISSIONS,,7363.0,1,1
1161924,"MiddleBrook Pharmaceuticals, Inc.",1,2010-05-04,2010-05-04,,,247,8K_FTS+8K_SUBMISSIONS,,2834,1,4
1162245,FPB BANCORP INC,1,2011-07-18,2011-07-18,,,0,8K_FTS+8K_SUBMISSIONS,,6021,1,2
1162461,CUTERA INC  (CUTR),1,2025-03-05,2025-03-05,,,0,8K_FTS+8K_SUBMISSIONS,,3845,1,2
1162721,CYGNUS OIL & GAS CORP,1,2007-04-05,2007-04-05,,,0,8K_SUBMISSIONS,,1311.0,1,1
1163332,VERTICAL HEALTH SOLUTIONS INC,1,2014-03-17,2014-03-17,,,0,8K_FTS+8K_SUBMISSIONS,,5047,1,2
1163958,MEDICAL STAFFING NETWORK HOLDINGS INC,1,2010-07-09,2010-07-09,,,0,8K_FTS+8K_SUBMISSIONS,,7363,1,2
1164554,EUROBANCSHARES INC,1,2010-05-04,2010-05-04,,,0,8K_FTS+8K_SUBMISSIONS,,6029,1,2
1165532,ATX COMMUNICATIONS INC,1,2005-04-20,2005-04-20,,,0,8K_SUBMISSIONS,,4813.0,1,1
1165921,LAW ENFORCEMENT ASSOCIATES CORP,1,2011-07-29,2011-07-29,,,0,8K_FTS+8K_SUBMISSIONS,,3663,1,2
1166126,"Old COPPER Company, Inc.",1,2014-01-28,2014-01-28,,,0,8K_SUBMISSIONS,,5311.0,1,1
1166126,"J. C. Penney Company, Inc.",2,2020-05-15,2020-05-18,2020-05-15,3,262,8K_FTS+8K_SUBMISSIONS+LOPUCKI,11,5311,1,7
1166291,Pinnacle Airlines Corp.,1,2012-04-01,2012-04-02,2012-04-01,1,1,8K_FTS+8K_SUBMISSIONS+LOPUCKI,11,4512,1,3
1166365,Paperweight Development Corp.,1,2017-10-01,2017-10-02,2017-10-01,1,1,8K_FTS+8K_SUBMISSIONS+LOPUCKI,11,2670,1,3
1166380,"QUANTUM FUEL SYSTEMS TECHNOLOGIES WORLDWIDE, INC.",1,2007-01-19,2007-01-19,,,103,8K_SUBMISSIONS,,3714.0,1,2
1166380,"QUANTUM FUEL SYSTEMS TECHNOLOGIES WORLDWIDE, INC.",2,2016-03-23,2016-03-23,,,72,8K_FTS+8K_SUBMISSIONS,,3714,1,8
1167178,"A123 Systems, Inc.",1,2012-10-16,2012-10-17,2012-10-16,1,62,8K_FTS+8K_SUBMISSIONS+LOPUCKI,11,3690,1,5
1167880,"PANDA ETHANOL, INC.",1,2009-01-29,2009-01-29,,,0,8K_FTS+8K_SUBMISSIONS,,2860,1,2
1168081,Desert Hawk Gold Corp.,1,2024-05-28,2024-05-28,,,0,8K_FTS+8K_SUBMISSIONS,,1040,1,2
1168213,"Aeropostale, Inc.",1,2016-05-04,2016-05-06,2016-05-04,2,2,8K_FTS+8K_SUBMISSIONS+LOPUCKI,11,5600,1,3
1169055,NOBLE CORP,1,2020-07-31,2020-07-31,,,115,8K_FTS+8K_SUBMISSIONS,,1381,1,4
1169245,PhaseBio Pharmaceuticals Inc  (PHASQ),1,2022-10-24,2022-10-24,,,85,8K_FTS+8K_SUBMISSIONS,,2834,1,6
1169245,PhaseBio Pharmaceuticals Inc  (PHASQ),2,2024-07-12,2024-07-12,,,0,8K_FTS+8K_SUBMISSIONS,,2834,1,2
1169709,WORLD HEALTH ALTERNATIVES INC,1,2006-02-22,2006-02-22,,,0,8K_SUBMISSIONS,,7363.0,1,1
1169987,"HTG MOLECULAR DIAGNOSTICS, INC  (HTGMQ)",1,2023-06-05,2023-06-05,,,0,8K_FTS+8K_SUBMISSIONS,,3826,1,2
1170161,IDEAL ACCENTS INC,1,2004-10-14,2004-10-14,,,0,8K_SUBMISSIONS,,5013.0,1,1
1170605,TierOne Corporation,1,2010-06-24,2010-07-06,2010-06-24,12,12,8K_FTS+8K_SUBMISSIONS+LOPUCKI,7,6035,1,3
1170833,COMMUNITY VALLEY BANCORP,1,2010-08-25,2010-08-25,,,0,8K_FTS+8K_SUBMISSIONS,,6035,1,2
1170902,FLORIDA COMMUNITY BANKS INC,1,2010-02-02,2010-02-02,,,0,8K_FTS+8K_SUBMISSIONS,,6022,1,2
1171012,Uni-Pixel,1,2017-08-25,2017-08-25,,,87,8K_FTS+8K_SUBMISSIONS,,3679,1,10
1171014,COSI INC,1,2016-09-28,2016-09-28,,,140,8K_FTS+8K_SUBMISSIONS,,5812,1,16
1171017,SOUTHERN COMMUNITY BANCSHARES INC /GA,1,2009-06-24,2009-06-24,,,72,8K_FTS+8K_SUBMISSIONS,,6021,1,4
1171032,BAKERS FOOTWEAR GROUP INC,1,2012-10-03,2012-10-03,,,9,8K_FTS+8K_SUBMISSIONS,,5661,1,4
1171079,Circus and Eldorado Joint Venture,1,2012-05-17,,2012-05-17,,0,LOPUCKI,11,7011,1,1
1171825,CIT Group Inc.,1,2009-11-01,2009-11-04,2009-11-01,3,38,8K_FTS+8K_SUBMISSIONS+LOPUCKI,11,6172,1,5
1172222,HAWAIIAN HOLDINGS INC,1,2005-06-07,2005-06-07,,,0,8K_SUBMISSIONS,,4512.0,1,1
1172631,"Sunworks, Inc.  (SUNWQ)",1,2024-02-06,2024-02-06,,,8,8K_FTS+8K_SUBMISSIONS,,3690,1,4
1172678,TEMECULA VALLEY BANCORP INC,1,2009-07-23,2009-07-23,2009-11-06,-106,110,8K_FTS+8K_SUBMISSIONS+LOPUCKI,7,6021,1,9
1172939,CenterStaging Corp.,1,2008-03-12,2008-03-12,,,0,8K_SUBMISSIONS,,7389.0,1,1
1173313,"ECOLOGY COATINGS, INC.  (ABVC)",1,2013-04-03,2013-04-03,,,43,8K_FTS+8K_SUBMISSIONS,,5084,1,4
1173313,"ECOLOGY COATINGS, INC.  (ABVC)",2,2014-10-24,2014-10-24,,,0,8K_FTS+8K_SUBMISSIONS,,5084,1,2
1173738,CDEX INC,1,2012-02-10,2012-02-10,,,213,8K_FTS+8K_SUBMISSIONS,,3829,1,4
1174527,Citadel Broadcasting Corporation,1,2009-12-20,2009-12-23,2009-12-20,3,163,8K_FTS+8K_SUBMISSIONS+LOPUCKI,11,4832,1,5
1175028,ATLAS AMERICA PUBLIC #11-2002 LTD.,1,2016-07-28,2016-07-28,,,0,8K_FTS+8K_SUBMISSIONS,,1311,1,2
1175108,ROTECH HEALTHCARE INC,1,2013-04-08,2013-04-08,2013-04-08,0,205,8K_FTS+8K_SUBMISSIONS+LOPUCKI,11,8082,1,5
1176193,"APPLIED SOLAR, INC.",1,2009-07-28,2009-07-28,,,0,8K_FTS+8K_SUBMISSIONS,,3674,1,2
1176325,Skinny Nutritional Corp.,1,2013-05-08,2013-05-08,,,488,8K_FTS+8K_SUBMISSIONS,,5141,1,10
1177070,MOUNTAIN NATIONAL BANCSHARES INC,1,2013-06-10,2013-06-10,,,0,8K_FTS+8K_SUBMISSIONS,,6021,1,2
1178104,DEXTERA SURGICAL INC,1,2017-12-15,2017-12-15,,,339,8K_FTS+8K_SUBMISSIONS,,3841,1,7
1178336,Hoku Corporation,1,2013-07-02,,2013-07-02,,0,LOPUCKI,7,3690,1,1
1178717,"Vertis, Inc. (2008)",1,2008-07-15,2008-07-17,2008-07-15,2,98,8K_SUBMISSIONS+LOPUCKI,11,7311,1,4
1178717,"Vertis, Inc. (2010)",2,2010-11-17,,2010-11-17,,0,LOPUCKI,11,7311,1,1
1178818,Storm Cat Energy CORP,1,2008-11-10,2008-11-10,,,0,8K_SUBMISSIONS,,1311.0,1,1
1180743,"CERAGENIX PHARMACEUTICALS, INC.",1,2010-06-03,2010-06-03,,,0,8K_FTS+8K_SUBMISSIONS,,3841,1,2
1181232,"Sirva, Inc.",1,2008-02-05,2008-02-11,2008-02-05,6,94,8K_SUBMISSIONS+LOPUCKI,11,4213,1,3
11821,"Best Products Company, Inc. (1996)",1,1996-09-24,,1996-09-24,,0,LOPUCKI,11,5999,1,1
1183765,"Molecular Templates, Inc.",1,2025-04-24,2025-04-24,,,0,8K_FTS+8K_SUBMISSIONS,,2834,1,2
11860,Bethlehem Steel Corp,1,2001-10-15,,2001-10-15,,0,LOPUCKI,11,3312,1,1
1192069,"PPJ ENTERPRISE, INC.",1,2008-07-14,2008-07-14,,,0,8K_SUBMISSIONS,,7389.0,1,1
1201259,"Performing Brands, Inc.",1,2008-12-19,2008-12-19,,,0,8K_SUBMISSIONS,,2086.0,1,1
1202963,ENERGYTEC INC,1,2009-07-02,2009-07-02,,,0,8K_FTS+8K_SUBMISSIONS,,1311,1,2
1203957,BIONOVO INC,1,2012-11-01,2012-11-01,,,0,8K_FTS+8K_SUBMISSIONS,,2834,1,2
1204853,TMT CAPITAL CORP,1,2007-06-26,2007-06-26,,,0,8K_SUBMISSIONS,,4813.0,1,1
1205181,IMAGING3 INC  (GPFT),1,2012-09-20,2012-09-20,,,300,8K_FTS+8K_SUBMISSIONS,,3844,1,4
1205181,IMAGING3 INC  (GPFT),2,2017-01-19,2017-01-19,,,21,8K_FTS+8K_SUBMISSIONS,,3844,1,4
1207070,FRANKLIN BANK CORP,1,2008-11-10,2008-11-10,2008-11-12,-2,3,8K_SUBMISSIONS+LOPUCKI,7,6036.0,1,3
1208261,IMMUNE PHARMACEUTICALS INC,1,2019-03-08,2019-03-08,,,0,8K_FTS+8K_SUBMISSIONS,,2834,1,2
12105,"Big V Supermarkets, Inc.",1,2000-11-22,,2000-11-22,,0,LOPUCKI,11,5411,1,1
1210618,"SPI Energy Co., Ltd.  (SPIEF)",1,2025-09-17,2025-09-17,,,0,8K_FTS+8K_SUBMISSIONS,,3674,1,2
1210936,EASY GARDENER PRODUCTS LTD,1,2006-04-20,2006-04-20,,,0,8K_SUBMISSIONS,,2870.0,1,1
1211351,"RTW Retailwinds, Inc.",1,2020-07-13,2020-07-13,2020-07-13,0,157,8K_FTS+8K_SUBMISSIONS+LOPUCKI,11,5621,1,5
1211805,TOPSPIN MEDICAL INC  (MYSZ),1,2010-07-13,2010-07-13,,,0,8K_FTS+8K_SUBMISSIONS,,3845,1,2
1216462,"Republic Engineered Products Holdings, LLC (2003)",1,2003-10-06,,2003-10-06,,0,LOPUCKI,11,3312,1,1
1216596,NORTEK INC,1,2009-10-22,2009-10-22,,,0,8K_FTS+8K_SUBMISSIONS,,3634,1,2
1216964,SILVER STAR ENERGY INC,1,2007-06-08,2007-06-08,,,0,8K_SUBMISSIONS,,1311.0,1,1
1216997,FREEDOM BANCSHARES INC,1,2009-03-12,2009-03-12,,,0,8K_FTS+8K_SUBMISSIONS,,6022,1,2
1219584,"Smart Comm International, Ltd.",1,2008-05-16,2008-05-16,,,0,8K_SUBMISSIONS,,3669.0,1,1
1220754,ModivCare Inc  (MODV),1,2025-08-21,2025-08-21,,,130,8K_FTS+8K_SUBMISSIONS,,4700,1,4
1221354,MARCO COMMUNITY BANCORP INC,1,2010-02-25,2010-02-25,,,0,8K_FTS+8K_SUBMISSIONS,,6035,1,2
1223389,CONNS INC  (CONNQ),1,2024-07-25,2024-07-25,,,0,8K_FTS+8K_SUBMISSIONS,,5731,1,2
1224923,Colorado 2002A Limited Partnership,1,2013-09-18,2013-09-18,,,460,8K_FTS+8K_SUBMISSIONS,,1382,1,6
1226932,TRUMP CASINO HOLDINGS LLC,1,2004-11-24,2004-11-24,,,138,8K_SUBMISSIONS,,7011.0,1,2
1226933,TRUMP CASINO FUNDING INC,1,2004-11-24,2004-11-24,,,138,8K_SUBMISSIONS,,,1,2
1230355,"BAXANO SURGICAL, INC.",1,2014-11-14,2014-11-14,,,0,8K_FTS+8K_SUBMISSIONS,,3841,1,2
1232229,SYNTAX-BRILLIAN CORP,1,2008-07-08,2008-07-08,2008-07-08,0,0,8K_SUBMISSIONS+LOPUCKI,11,3663.0,1,2
1234383,BANK HOLDINGS,1,2010-06-24,2010-06-24,2010-12-30,-189,189,8K_FTS+8K_SUBMISSIONS+LOPUCKI,7,6022,1,3
1235091,PSB GROUP INC,1,2011-02-14,2011-02-14,,,0,8K_FTS+8K_SUBMISSIONS,,6021,1,2
12355,BLACK & DECKER CORP,1,2004-11-04,2004-11-04,,,0,8K_SUBMISSIONS,,3540.0,1,1
1236038,REDENVELOPE INC,1,2008-04-18,2008-04-18,,,0,8K_SUBMISSIONS,,5940.0,1,1
1236309,"Luminent Mortgage Capital, Inc.",1,2008-09-05,2008-09-08,2008-09-05,3,304,8K_FTS+8K_SUBMISSIONS+LOPUCKI,11,6798,1,4
1237941,"Hayes Lemmerz International, Inc. (2009)",1,2009-05-11,2009-05-15,2009-05-11,4,4,8K_FTS+8K_SUBMISSIONS+LOPUCKI,11,3714,1,3
1238289,ATLAS AMERICA PUBLIC #12-2003 Limited Partnership,1,2016-07-28,2016-07-28,,,0,8K_FTS+8K_SUBMISSIONS,,1311,1,2
1238631,CURATIVE HEALTH SERVICES INC,1,2006-03-27,2006-03-27,,,0,8K_SUBMISSIONS,,8093.0,1,1
1239819,LUNA INNOVATIONS INC  (LUNA),1,2009-07-17,2009-07-17,,,182,8K_FTS+8K_SUBMISSIONS,,8731,1,4
1239819,LUNA INNOVATIONS INC,2,2020-12-03,2020-12-03,,,0,8K_SUBMISSIONS,,8731.0,1,1
1240722,SOLOMON TECHNOLOGIES INC,1,2010-09-30,2010-09-30,,,0,8K_FTS+8K_SUBMISSIONS,,3621,1,2
1243800,RAINIER PACIFIC FINANCIAL GROUP INC,1,2010-03-01,2010-03-01,,,93,8K_FTS+8K_SUBMISSIONS,,6022,1,4
1243800,RAINIER PACIFIC FINANCIAL GROUP INC,2,2013-01-28,2013-01-28,,,0,8K_FTS+8K_SUBMISSIONS,,6022,1,2
1253710,"CANO PETROLEUM, INC",1,2012-03-13,2012-03-13,,,129,8K_FTS+8K_SUBMISSIONS,,1311,1,4
1254699,"QVC Group, Inc.",1,2026-04-17,2026-04-17,,,98,8K_SUBMISSIONS,,5961.0,1,2
1255474,WHITING PETROLEUM CORP,1,2020-04-01,2020-04-01,2020-04-01,0,138,8K_FTS+8K_SUBMISSIONS+LOPUCKI,11,1311,1,5
1256536,American Home Mortgage Investment Corp.,1,2007-08-06,2007-08-09,2007-08-06,3,3,8K_SUBMISSIONS+LOPUCKI,11,6798,1,2
12570,LEXINGTON PRECISION CORP,1,2008-04-03,2008-04-03,,,0,8K_SUBMISSIONS,,3060.0,1,1
1259550,LOCAL Corp,1,2015-06-24,2015-06-24,,,0,8K_FTS+8K_SUBMISSIONS,,7389,1,2
1261482,DISTRIBUTED ENERGY SYSTEMS CORP,1,2008-06-06,2008-06-06,,,0,8K_SUBMISSIONS,,4911.0,1,1
1262751,GRYPHON GOLD CORP,1,2013-08-01,2013-08-01,,,0,8K_FTS+8K_SUBMISSIONS,,1040,1,2
1265107,"Monitronics International, Inc.",1,2019-06-30,2019-07-01,2019-06-30,1,67,8K_FTS+8K_SUBMISSIONS+LOPUCKI,11,7380,1,7
1265572,KONA GRILL INC,1,2019-05-01,2019-05-01,,,0,8K_FTS+8K_SUBMISSIONS,,5812,1,2
1266604,CCH II LLC,1,2009-03-27,2009-03-27,,,0,8K_FTS+8K_SUBMISSIONS,,4841,1,2
1266605,CCH II CAPITAL CORP,1,2009-03-27,2009-03-27,,,0,8K_FTS+8K_SUBMISSIONS,,4841,1,2
1268984,"Reddy Ice Holdings, Inc.",1,2012-04-12,2012-04-17,2012-04-12,5,43,8K_FTS+8K_SUBMISSIONS+LOPUCKI,11,2090,1,5
1269022,ATOMIC PAINTBALL INC,1,2009-06-29,2009-06-29,,,207,8K_FTS+8K_SUBMISSIONS,,7900,1,6
1270597,MERISANT CO,1,2009-01-15,2009-01-15,,,0,8K_FTS+8K_SUBMISSIONS,,2860,1,2
1271833,CCO HOLDINGS LLC,1,2009-03-27,2009-03-27,,,241,8K_FTS+8K_SUBMISSIONS,,4841,1,4
1271834,CCO HOLDINGS CAPITAL CORP,1,2009-03-27,2009-03-27,,,241,8K_FTS+8K_SUBMISSIONS,,4841,1,4
1274032,"Simply, Inc.",1,2022-06-16,2022-06-16,,,0,8K_FTS+8K_SUBMISSIONS,,5065,1,2
1274563,HELICOS BIOSCIENCES CORP,1,2012-11-15,2012-11-15,,,0,8K_FTS+8K_SUBMISSIONS,,2834,1,2
1275211,Simmons Company,1,2009-11-16,,2009-11-16,,0,LOPUCKI,11,2511,1,1
1275229,"General Moly, Inc",1,2020-11-20,2020-11-20,,,0,8K_FTS+8K_SUBMISSIONS,,1000,1,2
1275712,"GSE Holding, Inc.",1,2014-05-05,2014-05-05,,,85,8K_FTS+8K_SUBMISSIONS,,3081,1,4
1276476,MORRIS PUBLISHING FINANCE CO,1,2010-01-20,2010-01-20,,,30,8K_FTS+8K_SUBMISSIONS,,2711,1,6
1276477,MORRIS PUBLISHING GROUP LLC,1,2010-01-20,2010-01-20,,,30,8K_FTS+8K_SUBMISSIONS,,2711,1,6
1277250,Care Enterprises Inc.,1,1988-03-28,,1988-03-28,,0,LOPUCKI,11,8051,1,1
1277250,"Charge Enterprises, Inc.",2,2024-03-12,2024-03-12,,,49,8K_FTS+8K_SUBMISSIONS,,4822,1,4
1279676,PRIMUS TELECOMMUNICATIONS HOLDING INC,1,2009-03-16,2009-03-16,,,74,8K_FTS+8K_SUBMISSIONS,,4813,1,8
1279831,GIGABEAM CORP,1,2009-09-04,2009-09-04,,,0,8K_FTS+8K_SUBMISSIONS,,3663,1,2
1281774,TOWN SPORTS INTERNATIONAL HOLDINGS INC,1,2020-09-14,2020-09-14,2020-09-14,0,0,8K_FTS+8K_SUBMISSIONS+LOPUCKI,11,7997,1,3
1281922,Triangle Petroleum Corp. (Triangle USA Petroleum Corp. only),1,2016-06-29,2016-06-30,2016-06-29,1,1,8K_FTS+8K_SUBMISSIONS+LOPUCKI,11,1311,1,3
1281984,"Decentral Life, Inc.",1,2014-06-27,2014-06-27,,,0,8K_SUBMISSIONS,,6199.0,1,1
1282266,"Windstream Holdings, Inc. (Windstream Services, LLC)",1,2019-02-25,2019-02-28,2019-02-25,3,3,8K_FTS+8K_SUBMISSIONS+LOPUCKI,11,4813,1,3
1282266,"WINDSTREAM HOLDINGS, INC.",2,2020-07-01,2020-07-01,,,83,8K_FTS+8K_SUBMISSIONS,,4813,1,4
1282543,AFFIRMATIVE INSURANCE HOLDINGS INC,1,2015-09-17,2015-09-17,,,28,8K_FTS+8K_SUBMISSIONS,,6331,1,4
1282607,COLONY RESORTS LVH ACQUISITIONS LLC,1,2012-01-12,2012-01-12,,,21,8K_FTS+8K_SUBMISSIONS,,7011,1,4
1282613,AMERICAN EAGLE ENERGY Corp,1,2015-05-12,2015-05-12,,,203,8K_FTS+8K_SUBMISSIONS,,1000,1,8
1282648,Halcon Resources Corporation,1,2016-07-27,2016-07-28,2016-07-27,1,44,8K_FTS+8K_SUBMISSIONS+LOPUCKI,11,1311,1,5
1282648,HALCON RESOURCES CORP  (BATL),2,2019-08-07,2019-08-07,2019-08-07,0,50,8K_FTS+8K_SUBMISSIONS+LOPUCKI,11,1311,1,5
1283552,JACKSON HEWITT TAX SERVICE INC,1,2011-05-24,2011-05-24,2011-05-24,0,84,8K_FTS+8K_SUBMISSIONS+LOPUCKI,11,7200,1,7
1283664,"Merisant Worldwide, Inc.",1,2009-01-09,2009-01-15,2009-01-09,6,6,8K_FTS+8K_SUBMISSIONS+LOPUCKI,11,2860,1,3
1283683,HomeBanc Corp.,1,2007-08-09,2007-08-15,2007-08-09,6,6,8K_SUBMISSIONS+LOPUCKI,11,6798,1,2
1283810,ATLAS AMERICA SERIES 25-2004 (A) L.P.,1,2016-07-28,2016-07-28,,,0,8K_FTS+8K_SUBMISSIONS,,1311,1,2
1283843,"Emerald Oil, Inc.",1,2016-03-22,2016-03-23,2016-03-22,1,1,8K_FTS+8K_SUBMISSIONS+LOPUCKI,11,1311,1,3
1284453,VISUAL MANAGEMENT SYSTEMS INC,1,2010-11-10,2010-11-10,,,0,8K_FTS+8K_SUBMISSIONS,,3669,1,2
1285043,"Aventine Renewable Energy Holdings, Inc.",1,2009-04-07,2009-04-13,2009-04-07,6,329,8K_FTS+8K_SUBMISSIONS+LOPUCKI,11,2860,1,5
1285169,PROTECTIVE LIFE SECURED TRUST 2003-1,1,2004-11-30,2004-11-30,,,541,8K_SUBMISSIONS,,6189.0,1,4
1285206,"SVI Media, Inc.",1,2007-12-10,2007-12-10,,,0,8K_SUBMISSIONS,,4813.0,1,1
1285506,PROTECTIVE LIFE SECURED TRUST 2004 10,1,2004-09-17,2004-09-17,,,0,8K_SUBMISSIONS,,6311.0,1,1
1285507,PROTECTIVE LIFE SECURED TRUST 2004 11,1,2004-09-17,2004-09-17,,,0,8K_SUBMISSIONS,,6311.0,1,1
1285508,PROTECTIVE LIFE SECURED TRUST 2004 12,1,2004-09-17,2004-09-17,,,0,8K_SUBMISSIONS,,6311.0,1,1
1285509,PROTECTIVE LIFE SECURED TRUST 2004 13,1,2004-09-17,2004-09-17,,,0,8K_SUBMISSIONS,,6311.0,1,1
1285510,PROTECTIVE LIFE SECURED TRUST 2004 14,1,2004-09-17,2004-09-17,,,0,8K_SUBMISSIONS,,6311.0,1,1
1285511,PROTECTIVE LIFE SECURED TRUST 2004 15,1,2004-09-17,2004-09-17,,,0,8K_SUBMISSIONS,,6311.0,1,1
1285512,PROTECTIVE LIFE SECURED TRUST 2004 16,1,2004-09-17,2004-09-17,,,0,8K_SUBMISSIONS,,6311.0,1,1
1285513,PROTECTIVE LIFE SECURED TRUST 2004 17,1,2004-09-17,2004-09-17,,,0,8K_SUBMISSIONS,,6311.0,1,1
1285658,PROTECTIVE LIFE SECURED TRUST 2004 19,1,2004-10-22,2004-10-22,,,0,8K_SUBMISSIONS,,6311.0,1,1
1285661,PROTECTIVE LIFE SECURED TRUST 2004 18,1,2004-10-22,2004-10-22,,,0,8K_SUBMISSIONS,,6311.0,1,1
1286060,PROTECTIVE LIFE SECURED TRUST 2004-A,1,2004-10-04,2004-10-04,,,0,8K_SUBMISSIONS,,6311.0,1,1
1286305,PROTECTIVE LIFE SECURED TRUST 2004-21,1,2004-10-22,2004-10-22,,,0,8K_SUBMISSIONS,,6311.0,1,1
1286306,PROTECTIVE LIFE SECURED TRUST 2004-20,1,2004-10-22,2004-10-22,,,0,8K_SUBMISSIONS,,6311.0,1,1
1286382,PREMIER ENTERTAINMENT BILOXI LLC,1,2006-09-19,2006-09-19,2006-09-19,0,0,8K_SUBMISSIONS+LOPUCKI,11,7990.0,1,2
1286546,PREMIER FINANCE BILOXI CORP,1,2006-09-19,2006-09-19,,,0,8K_SUBMISSIONS,,,1,1
1287008,PROTECTIVE LIFE SECURED TRUST 2004-23,1,2004-10-22,2004-10-22,,,0,8K_SUBMISSIONS,,6311.0,1,1
1287009,PROTECTIVE LIFE SECURED TRUST 2004-22,1,2004-10-22,2004-10-22,,,0,8K_SUBMISSIONS,,6311.0,1,1
1287151,XERIUM TECHNOLOGIES INC,1,2010-03-30,2010-03-30,2010-03-30,0,0,8K_FTS+8K_SUBMISSIONS+LOPUCKI,11,2221,1,3
1287286,New Century Financial Corporation,1,2007-04-02,2007-04-06,2007-04-02,4,4,8K_SUBMISSIONS+LOPUCKI,11,6798,1,2
1287900,RANCHER ENERGY CORP.,1,2009-10-29,2009-10-29,,,490,8K_FTS+8K_SUBMISSIONS,,1311,1,10
1287900,RANCHER ENERGY CORP.,2,2012-06-28,2012-06-28,,,84,8K_FTS+8K_SUBMISSIONS,,1311,1,6
1287928,PROTECTIVE LIFE SECURED TRUST 2004-25,1,2004-10-22,2004-10-22,,,0,8K_SUBMISSIONS,,6311.0,1,1
1287929,PROTECTIVE LIFE SECURED TRUST 2004-24,1,2004-10-22,2004-10-22,,,0,8K_SUBMISSIONS,,6311.0,1,1
1288359,OTELCO INC.,1,2013-03-25,2013-03-25,,,60,8K_FTS+8K_SUBMISSIONS,,4813,1,6
1288946,SOUTH TEXAS OIL CO,1,2009-10-30,2009-10-30,,,0,8K_FTS+8K_SUBMISSIONS,,1311,1,2
1289370,MetaMorphix Inc.,1,2010-10-22,2010-10-22,,,150,8K_FTS+8K_SUBMISSIONS,,2834,1,4
1289480,"Real Mex Restaurants, Inc.",1,2011-10-04,2011-10-04,2011-10-04,0,0,8K_FTS+8K_SUBMISSIONS+LOPUCKI,11,5810,1,3
1289701,"Mercantile Bancorp, Inc.",1,2013-06-27,,2013-06-27,,0,LOPUCKI,11,6021,1,1
1289871,MPC Corporation,1,2008-11-06,2008-11-07,2008-11-06,1,55,8K_SUBMISSIONS+LOPUCKI,11,7372,1,3
1289871,MPC CORP,2,2011-03-14,2011-03-14,,,0,8K_FTS+8K_SUBMISSIONS,,7372,1,2
1290906,Protective Life Secured Trust 2004-27,1,2004-11-19,2004-11-19,,,0,8K_SUBMISSIONS,,6311.0,1,1
1290935,PROTECTIVE LIFE SECURED TRUST 2004-26,1,2004-11-19,2004-11-19,,,0,8K_SUBMISSIONS,,6311.0,1,1
1291723,Protective life Secured Trust 2004-28,1,2004-11-19,2004-11-19,,,0,8K_SUBMISSIONS,,6311.0,1,1
1291727,PROTECTIVE LIFE SECURED TRUST 2004-29,1,2004-11-19,2004-11-19,,,0,8K_SUBMISSIONS,,6311.0,1,1
1291983,Baseline Oil & Gas Corp.,1,2009-08-31,2009-08-31,,,31,8K_FTS+8K_SUBMISSIONS,,1311,1,6
1292519,INVIVO THERAPEUTICS HOLDINGS CORP.,1,2024-02-01,2024-02-01,,,0,8K_FTS+8K_SUBMISSIONS,,3841,1,2
1292731,"Buffets Holdings, Inc.",1,2008-01-22,2008-01-25,2008-01-22,3,3,8K_SUBMISSIONS+LOPUCKI,11,5812,1,2
1292731,"BUFFETS HOLDINGS, INC.",2,2009-04-28,2009-04-28,,,0,8K_FTS+8K_SUBMISSIONS,,5812,1,2
1293273,Protective Life Secured Trust 2004-30,1,2004-12-17,2004-12-17,,,0,8K_SUBMISSIONS,,6311.0,1,1
1293274,Protective Life Secured Trust 2004-31,1,2004-12-17,2004-12-17,,,0,8K_SUBMISSIONS,,6311.0,1,1
1293310,KALOBIOS PHARMACEUTICALS INC,1,2015-12-30,2015-12-30,,,175,8K_FTS+8K_SUBMISSIONS,,2834,1,4
1293310,"HUMANIGEN, INC",2,2024-01-08,2024-01-08,,,0,8K_FTS+8K_SUBMISSIONS,,2834,1,2
1294208,ATLAS AMERICA SERIES 25-2004 (B) L.P.,1,2016-07-28,2016-07-28,,,0,8K_FTS+8K_SUBMISSIONS,,1311,1,2
1294250,"Rand Logistics, Inc.",1,2018-01-30,2018-01-30,,,30,8K_FTS+8K_SUBMISSIONS,,4400,1,4
1294371,"CALPINE GENERATING COMPANY, LLC",1,2005-12-23,2005-12-23,,,0,8K_SUBMISSIONS,,4911.0,1,1
1294377,CALGEN FINANCE CORP,1,2005-12-23,2005-12-23,,,0,8K_SUBMISSIONS,,4911.0,1,1
1294382,"CalGen Expansion Company, LLC",1,2005-12-23,2005-12-23,,,0,8K_SUBMISSIONS,,,1,1
1294386,"Baytown Energy Center, LP",1,2005-12-23,2005-12-23,,,0,8K_SUBMISSIONS,,,1,1
1294392,"Calpine Baytown Energy Center GP, LLC",1,2005-12-23,2005-12-23,,,0,8K_SUBMISSIONS,,,1,1
1294395,"Calpine Baytown Energy Center LP, LLC",1,2005-12-23,2005-12-23,,,0,8K_SUBMISSIONS,,,1,1
1294401,"Baytown Power GP, LLC",1,2005-12-23,2005-12-23,,,0,8K_SUBMISSIONS,,,1,1
1294409,"Baytown Power, LP",1,2005-12-23,2005-12-23,,,0,8K_SUBMISSIONS,,,1,1
1294416,Carville Energy LLC,1,2005-12-23,2005-12-23,,,0,8K_SUBMISSIONS,,,1,1
1294424,"Channel Energy Center, LP",1,2005-12-23,2005-12-23,,,0,8K_SUBMISSIONS,,,1,1
1294428,"Calpine Channel Energy Center GP, LLC",1,2005-12-23,2005-12-23,,,0,8K_SUBMISSIONS,,,1,1
1294440,"Calpine Channel Energy Center LP, LLC",1,2005-12-23,2005-12-23,,,0,8K_SUBMISSIONS,,,1,1
1294450,"Channel Power GP, LLC",1,2005-12-23,2005-12-23,,,0,8K_SUBMISSIONS,,,1,1
1294453,"Channel Power, LP",1,2005-12-23,2005-12-23,,,0,8K_SUBMISSIONS,,,1,1
1294455,Columbia Energy LLC,1,2005-12-23,2005-12-23,,,0,8K_SUBMISSIONS,,,1,1
1294457,Corpus Christi Cogeneration LP,1,2005-12-23,2005-12-23,,,0,8K_SUBMISSIONS,,,1,1
1294460,Nueces Bay Energy LLC,1,2005-12-23,2005-12-23,,,0,8K_SUBMISSIONS,,,1,1
1294465,"Calpine Northbrook Southcoast Investors, LLC",1,2005-12-23,2005-12-23,,,0,8K_SUBMISSIONS,,,1,1
1294469,"Calpine Corpus Christi Energy GP, LLC",1,2005-12-23,2005-12-23,,,0,8K_SUBMISSIONS,,,1,1
1294470,"Calpine Corpus Christi Energy, LP",1,2005-12-23,2005-12-23,,,0,8K_SUBMISSIONS,,,1,1
1294474,"Decatur Energy Center, LLC",1,2005-12-23,2005-12-23,,,0,8K_SUBMISSIONS,,,1,1
1294476,Atlas America Public #14-2004 L.P.,1,2016-07-28,2016-07-28,,,0,8K_FTS+8K_SUBMISSIONS,,1311,1,2
1294478,"Delta Energy Center, LLC",1,2005-12-23,2005-12-23,,,0,8K_SUBMISSIONS,,,1,1
1294480,Calpine Power Equipment LP,1,2005-12-23,2005-12-23,,,0,8K_SUBMISSIONS,,,1,1
1294481,Freestone Power Generation LP,1,2005-12-23,2005-12-23,,,0,8K_SUBMISSIONS,,,1,1
1294488,"CalGen Project Equipment Finance CO Two, LLC",1,2005-12-23,2005-12-23,,,0,8K_SUBMISSIONS,,,1,1
1294505,"Calpine Freestone, LLC",1,2005-12-23,2005-12-23,,,0,8K_SUBMISSIONS,,,1,1
1294511,"CPN Freestone, LLC",1,2005-12-23,2005-12-23,,,0,8K_SUBMISSIONS,,,1,1
1294520,"Calpine Freestone Energy GP, LLC",1,2005-12-23,2005-12-23,,,0,8K_SUBMISSIONS,,,1,1
1294535,"Calpine Freestone Energy, LP",1,2005-12-23,2005-12-23,,,0,8K_SUBMISSIONS,,,1,1
1294543,Los Medanos Energy Center LLC,1,2005-12-23,2005-12-23,,,0,8K_SUBMISSIONS,,,1,1
1294570,"CalGen Project Equipment Finance CO One, LLC",1,2005-12-23,2005-12-23,,,0,8K_SUBMISSIONS,,,1,1
1294814,"Morgan Energy Center, LLC",1,2005-12-23,2005-12-23,,,0,8K_SUBMISSIONS,,,1,1
1294816,Pastoria Energy Facility L.L.C.,1,2005-12-23,2005-12-23,,,0,8K_SUBMISSIONS,,,1,1
1294817,"Calpine Pastoria Holdings, LLC",1,2005-12-23,2005-12-23,,,0,8K_SUBMISSIONS,,,1,1
1294824,"Calpine Oneta Power, L.P.",1,2005-12-23,2005-12-23,,,0,8K_SUBMISSIONS,,,1,1
1294830,"Calpine Oneta Power I, LLC",1,2005-12-23,2005-12-23,,,0,8K_SUBMISSIONS,,,1,1
1294831,"Calpine Oneta Power II, LLC",1,2005-12-23,2005-12-23,,,0,8K_SUBMISSIONS,,,1,1
1294836,Zion Energy LLC,1,2005-12-23,2005-12-23,,,0,8K_SUBMISSIONS,,,1,1
1294846,"CalGen Project Equipment Finance CO Three, LLC",1,2005-12-23,2005-12-23,,,0,8K_SUBMISSIONS,,,1,1
1294853,"CalGen Equipment Finance Holdings, LLC",1,2005-12-23,2005-12-23,,,0,8K_SUBMISSIONS,,,1,1
1294855,"CalGen Equipment Finance Company, LLC",1,2005-12-23,2005-12-23,,,0,8K_SUBMISSIONS,,,1,1
1295879,CommunitySouth Financial CORP,1,2011-01-24,2011-01-24,,,0,8K_FTS+8K_SUBMISSIONS,,6021,1,2
1295967,Protective Life Secured Trust 2004-33,1,2004-09-17,2004-09-17,,,91,8K_SUBMISSIONS,,6311.0,1,4
1296391,TENGION INC,1,2014-12-29,2014-12-29,,,0,8K_FTS+8K_SUBMISSIONS,,2836,1,2
1296536,Protective Life Secured Trust 2004-35,1,2004-09-17,2004-09-17,,,91,8K_SUBMISSIONS,,6311.0,1,4
1296595,CROSS CANYON ENERGY CORP.,1,2010-02-02,2010-02-02,,,49,8K_FTS+8K_SUBMISSIONS,,1311,1,4
1296865,Protective Life Secured Trust 2004-B,1,2004-10-22,2004-10-22,,,0,8K_SUBMISSIONS,,6311.0,1,1
1296937,"Lazy Days R.V. Center, Inc.",1,2009-11-05,,2009-11-05,,0,LOPUCKI,11,5500,1,1
1297720,James River Coal Company,1,2014-04-07,2014-04-08,2014-04-07,1,1,8K_FTS+8K_SUBMISSIONS+LOPUCKI,11,1221,1,3
1297785,Protective Life Secured Trust 2004-37,1,2004-09-17,2004-09-17,,,91,8K_SUBMISSIONS,,6311.0,1,4
1299716,U.S. Shipping Partners L.P.,1,2009-04-30,2009-04-30,,,158,8K_FTS+8K_SUBMISSIONS,,4400,1,4
1299966,"Black Raven Energy, Inc.",1,2008-03-12,2008-03-12,,,315,8K_FTS+8K_SUBMISSIONS,,1382.0,1,4
1300699,"Athenex, Inc.",1,2023-05-22,2023-05-22,,,133,8K_FTS+8K_SUBMISSIONS,,2834,1,6
1300729,Protective Life Secured Trust 2004-38,1,2004-09-17,2004-09-17,,,91,8K_SUBMISSIONS,,6311.0,1,4
1300744,SKINS INC.,1,2009-08-17,2009-08-17,,,0,8K_FTS+8K_SUBMISSIONS,,3140,1,2
1301063,"Alpha Natural Resources, Inc.",1,2015-08-03,2015-08-03,2015-08-03,0,359,8K_FTS+8K_SUBMISSIONS+LOPUCKI,11,1221,1,7
1301206,"ECOTALITY, INC.",1,2013-09-17,2013-09-17,,,0,8K_FTS+8K_SUBMISSIONS,,3621,1,2
1301501,"Achaogen, Inc.",1,2019-04-15,2019-04-15,,,0,8K_FTS+8K_SUBMISSIONS,,2834,1,2
1301712,IRONCLAD PERFORMANCE WEAR CORP,1,2017-09-11,2017-09-11,,,157,8K_FTS+8K_SUBMISSIONS,,5090,1,4
1301977,Protective Life Secured Trust 2004-40,1,2004-10-22,2004-10-22,,,56,8K_SUBMISSIONS,,6311.0,1,3
1302331,"China Holdings, Inc.",1,2009-02-17,2009-02-17,,,10,8K_FTS+8K_SUBMISSIONS,,2833,1,4
1302502,Pacific Coast National Bancorp,1,2009-11-17,2009-11-17,,,35,8K_FTS+8K_SUBMISSIONS,,6021,1,4
1302833,Hartford Life Global Funding Trust 2004-001,1,2005-03-24,2005-03-24,,,1645,8K_FTS+8K_SUBMISSIONS,,6189.0,1,12
1302952,Protective Life Secured Trust 2004-C,1,2004-12-17,2004-12-17,,,0,8K_SUBMISSIONS,,6311.0,1,1
1302977,Wornick CO,1,2007-03-20,2007-03-20,,,0,8K_SUBMISSIONS,,2030.0,1,1
1303025,Protective Life Secured Trust 2004-41,1,2004-10-22,2004-10-22,,,56,8K_SUBMISSIONS,,6311.0,1,3
1303565,"Tarpon Industries, Inc.",1,2008-04-30,2008-04-30,,,198,8K_SUBMISSIONS,,3317.0,1,2
1303834,Hartford Life Global Funding Trust 2004-002,1,2005-03-24,2005-03-24,,,0,8K_SUBMISSIONS,,,1,1
1303835,Hartford Life Global Funding Trust 2004-003,1,2004-12-27,2004-12-27,,,182,8K_SUBMISSIONS,,,1,3
1303849,"Avantair, Inc",1,2013-07-30,2013-07-30,,,0,8K_FTS+8K_SUBMISSIONS,,4522,1,2
1304366,Community Bancorp,1,2009-08-28,2009-08-28,2010-05-28,-273,273,8K_FTS+8K_SUBMISSIONS+LOPUCKI,7,6021,1,3
1304527,Protective Life Secured Trust 2004-43,1,2004-10-22,2004-10-22,,,56,8K_SUBMISSIONS,,6311.0,1,3
1304569,Hartford Life Global Funding Trust 2004-004,1,2005-03-24,2005-03-24,,,0,8K_SUBMISSIONS,,,1,1
1304588,Espre Solutions Inc,1,2009-02-02,2009-02-02,,,100,8K_FTS+8K_SUBMISSIONS,,3669,1,12
1305226,Protective Life Secured Trust 2004-45,1,2004-11-19,2004-11-19,,,28,8K_SUBMISSIONS,,6311.0,1,2
1305253,"Eiger BioPharmaceuticals, Inc.  (EIGRQ)",1,2024-04-01,2024-04-01,,,183,8K_FTS+8K_SUBMISSIONS,,2836,1,6
1305464,Refco Finance Inc.,1,2005-10-17,2005-10-21,2005-10-17,4,4,8K_SUBMISSIONS+LOPUCKI,11,6200,1,2
1305464,Refco Finance Inc.,2,2006-12-20,2006-12-20,,,0,8K_SUBMISSIONS,,6200.0,1,1
1305468,"Refco Group Ltd., LLC",1,2005-10-21,2005-10-21,,,0,8K_SUBMISSIONS,,6200.0,1,1
1305468,"Refco Group Ltd., LLC",2,2006-12-20,2006-12-20,,,0,8K_SUBMISSIONS,,6200.0,1,1
1305523,Hartford Life Global Funding Trust 2004-005,1,2005-01-24,2005-01-24,,,0,8K_SUBMISSIONS,,,1,1
1305748,HEALTHCARE PROVIDERS DIRECT INC.,1,2010-07-16,2010-07-16,,,69,8K_FTS+8K_SUBMISSIONS,,5047,1,4
1306401,Protective Life Secured Trust 2004-47,1,2004-11-19,2004-11-19,,,28,8K_SUBMISSIONS,,6311.0,1,2
1306830,Celanese Corp,1,2005-01-28,2005-01-28,,,0,8K_SUBMISSIONS,,2820.0,1,1
1307425,CARBIZ INC,1,2010-02-12,2010-02-12,,,0,8K_FTS+8K_SUBMISSIONS,,5500,1,2
1308874,Hartford Life Global Funding Trust 2004-009,1,2005-05-25,2005-05-25,,,0,8K_SUBMISSIONS,,,1,1
1308875,Hartford Life Global Funding Trust 2004-010,1,2005-05-25,2005-05-25,,,0,8K_SUBMISSIONS,,,1,1
1309126,"Money Tree, Inc.",1,2011-12-19,2011-12-19,,,0,8K_FTS+8K_SUBMISSIONS,,6141,1,2
1309237,Ausam Energy Corp,1,2009-01-05,2009-01-05,,,0,8K_FTS+8K_SUBMISSIONS,,1311,1,2
1309522,Protective Life Secured Trust 2004-49,1,2004-12-17,2004-12-17,,,0,8K_SUBMISSIONS,,6311.0,1,1
1310067,SEARS HOLDINGS CORP,1,2018-10-15,2018-10-15,2018-10-15,0,0,8K_FTS+8K_SUBMISSIONS+LOPUCKI,11,5311,1,3
1310067,SEARS HOLDINGS CORP,2,2019-10-21,2019-10-21,,,14,8K_FTS+8K_SUBMISSIONS,,5311,1,4
1310094,ACCENTIA BIOPHARMACEUTICALS INC,1,2008-11-10,2008-11-10,,,0,8K_SUBMISSIONS,,2834.0,1,1
1310094,ACCENTIA BIOPHARMACEUTICALS INC,2,2010-11-02,2010-11-02,,,0,8K_FTS+8K_SUBMISSIONS,,2834,1,2
1310228,Hartford Life Global Funding Trust 2004-012,1,2005-06-27,2005-06-27,,,0,8K_SUBMISSIONS,,6189.0,1,1
1310229,Hartford Life Global Funding Trust 2004-011,1,2005-06-27,2005-06-27,,,0,8K_SUBMISSIONS,,6189.0,1,1
1310527,"Anpath Group, Inc.",1,2010-05-26,2010-05-26,,,0,8K_FTS+8K_SUBMISSIONS,,2842,1,2
1310867,Hartford Life Global Funding Trust 2004-013,1,2005-06-27,2005-06-27,,,0,8K_SUBMISSIONS,,6189.0,1,1
1310869,Hartford Life Global Funding Trust 2004-014,1,2005-06-27,2005-06-27,,,0,8K_SUBMISSIONS,,6189.0,1,1
1310870,Hartford Life Global Funding Trust 2004-015,1,2005-06-27,2005-06-27,,,0,8K_SUBMISSIONS,,6189.0,1,1
1311230,"TerraVia Holdings, Inc.",1,2017-08-02,2017-08-02,,,169,8K_FTS+8K_SUBMISSIONS,,2860,1,4
1311396,"Aviza Technology, Inc.",1,2009-06-12,2009-06-12,,,0,8K_FTS+8K_SUBMISSIONS,,3559,1,2
1311486,"Global Geophysical Services, Inc.",1,2014-03-25,2014-03-27,2014-03-25,2,321,8K_FTS+8K_SUBMISSIONS+LOPUCKI,11,1382,1,5
1311486,"Global Geophysical Services, Inc. (2016)",2,2016-08-03,,2016-08-03,,0,LOPUCKI,11,1382,1,1
1311495,Hartford Life Global Funding Trust 2004-016,1,2005-06-27,2005-06-27,,,0,8K_SUBMISSIONS,,6189.0,1,1
1311498,Hartford Life Global Funding Trust 2004 - 017,1,2005-01-24,2005-01-24,,,154,8K_SUBMISSIONS,,,1,4
1311500,Hartford Life Global Funding Trust 2004-018,1,2005-06-27,2005-06-27,,,0,8K_SUBMISSIONS,,6189.0,1,1
1311803,"Propex, Inc.",1,2008-01-18,2008-01-24,2008-01-18,6,6,8K_SUBMISSIONS+LOPUCKI,11,2221,1,2
1311953,"Summit Global Logistics, Inc.",1,2008-01-30,2008-01-30,,,0,8K_SUBMISSIONS,,7822.0,1,1
1312126,Hartford Life Global Funding Trust 2004-020,1,2005-01-24,2005-01-24,,,154,8K_SUBMISSIONS,,,1,5
1312127,Hartford Life Global Funding Trust 2004-021,1,2005-06-27,2005-06-27,,,0,8K_SUBMISSIONS,,6189.0,1,1
1312130,Hartford Life Global Funding Trust 2004-019,1,2005-06-27,2005-06-27,,,0,8K_SUBMISSIONS,,6189.0,1,1
1313024,"Venoco, Inc. (Denver Parent Corp.)",1,2016-03-18,2016-03-24,2016-03-18,6,6,8K_FTS+8K_SUBMISSIONS+LOPUCKI,11,1311,1,3
1313363,Hartford Life Global Funding Trust 2005-001,1,2005-02-24,2005-02-24,,,123,8K_SUBMISSIONS,,,1,4
1313730,"Atlantic Southern Financial Group, Inc.",1,2011-05-23,2011-05-23,,,0,8K_FTS+8K_SUBMISSIONS,,6035,1,2
1314020,Protective Life Secured Trust 2005-A,1,2005-06-07,2005-06-07,,,133,8K_SUBMISSIONS,,6189.0,1,3
1314077,"BPI Energy Holdings, Inc.",1,2009-02-05,2009-02-05,,,0,8K_FTS+8K_SUBMISSIONS,,1311,1,2
1314187,Hartford Life Global Funding Trust 2005-004,1,2005-02-24,2005-02-24,,,123,8K_SUBMISSIONS,,,1,4
1314642,Buck-A-Roo$ Holding CORP,1,2006-08-21,2006-08-21,,,0,8K_SUBMISSIONS,,5331.0,1,1
1314642,Buck-A-Roo$ Holding CORP,2,2007-10-09,2007-10-09,,,70,8K_SUBMISSIONS,,5331.0,1,4
1314737,Protective Life Secured Trust 2005-1,1,2005-07-18,2005-07-18,,,0,8K_SUBMISSIONS,,6189.0,1,1
1314739,Protective Life Secured Trust 2005-2,1,2005-02-11,2005-02-11,,,308,8K_SUBMISSIONS,,6189.0,1,11
1314851,Hartford Life Global Funding Trust 2005-008,1,2005-02-24,2005-02-24,,,123,8K_SUBMISSIONS,,,1,4
1315054,"WorldSpace, Inc.",1,2008-10-17,,2008-10-17,,0,LOPUCKI,11,4832,1,1
1315143,Hartford Life Global Funding Trust 2005-010,1,2005-02-24,2005-02-24,,,123,8K_SUBMISSIONS,,,1,4
1315255,"GTT Communications, Inc.",1,2021-10-31,2021-11-01,2021-10-31,1,1,8K_FTS+8K_SUBMISSIONS+LOPUCKI,11,4813,1,3
1315500,Hartford Life Global Funding Trust 2005-013,1,2005-02-24,2005-02-24,,,123,8K_SUBMISSIONS,,,1,4
13156,"Galaxy Gaming, Inc.",1,2008-07-18,2008-07-18,,,210,8K_FTS+8K_SUBMISSIONS,,7900.0,1,3
1316268,Hartford Life Global Funding Trust 2005-015,1,2005-03-24,2005-03-24,,,95,8K_SUBMISSIONS,,,1,3
1316269,Hartford Life Global Funding Trust 2005-016,1,2005-03-24,2005-03-24,,,95,8K_SUBMISSIONS,,,1,3
1316410,"FirstBank Financial Services, Inc.",1,2009-02-11,2009-02-11,,,0,8K_FTS+8K_SUBMISSIONS,,6035,1,2
1316826,Synova Healthcare Group Inc,1,2007-12-20,2007-12-20,,,0,8K_SUBMISSIONS,,2835.0,1,1
1317087,Hartford Life Global Funding Trust 2005-019,1,2005-03-24,2005-03-24,,,95,8K_SUBMISSIONS,,,1,3
1317919,Hartford Life Global Funding Trust 2005-022,1,2005-03-24,2005-03-24,,,95,8K_SUBMISSIONS,,,1,3
1318035,"NTK Holdings, Inc.",1,2009-10-21,2009-10-22,2009-10-21,1,1,8K_FTS+8K_SUBMISSIONS+LOPUCKI,11,3634,1,3
1318309,"Crown Financial Holdings, Inc.",1,2005-10-05,2005-10-05,,,0,8K_SUBMISSIONS,,6211.0,1,1
1318659,Hartford Life Global Funding Trust 2005-025,1,2005-05-25,2005-05-25,,,33,8K_SUBMISSIONS,,,1,2
1318807,Hartford Life Global Funding Trust 2005-027,1,2005-03-24,2005-03-24,,,95,8K_SUBMISSIONS,,,1,3
1318812,Hartford Life Global Funding Trust 2005-028,1,2005-03-24,2005-03-24,,,95,8K_SUBMISSIONS,,,1,3
1319009,Midway Gold Corp,1,2015-06-22,2015-06-22,,,0,8K_FTS+8K_SUBMISSIONS,,1040,1,2
1319325,Hartford Life Global Funding Trust 2005-030,1,2005-05-25,2005-05-25,,,33,8K_SUBMISSIONS,,6189.0,1,2
1319333,Protective Life Secured Trust 2005-4,1,2005-09-20,2005-09-20,,,0,8K_SUBMISSIONS,,6189.0,1,1
1319334,Protective Life Secured Trust 2005-3,1,2005-04-14,2005-04-14,,,246,8K_SUBMISSIONS,,6189.0,1,9
1319465,Hartford Life Global Funding Trust 2005-031,1,2005-05-25,2005-05-25,,,33,8K_SUBMISSIONS,,6189.0,1,2
1320124,Hartford Life Global Funding Trust 2005-034,1,2005-05-25,2005-05-25,,,33,8K_SUBMISSIONS,,6189.0,1,2
1320461,Cooper-Standard Holdings Inc.  (CPS),1,2009-08-03,2009-08-03,2009-08-03,0,294,8K_FTS+8K_SUBMISSIONS+LOPUCKI,11,3714,1,5
1320763,Protective Life Secured Trust 2005-5,1,2005-09-20,2005-09-20,,,0,8K_SUBMISSIONS,,6189.0,1,1
1320764,Protective Life Secured Trust 2005-6,1,2005-04-14,2005-04-14,,,246,8K_SUBMISSIONS,,6189.0,1,9
1320795,Hartford Life Global Funding Trust 2005-038,1,2005-05-25,2005-05-25,,,33,8K_SUBMISSIONS,,6189.0,1,2
1321099,"DigitalPost Interactive, Inc.",1,2011-04-01,2011-04-01,,,0,8K_FTS+8K_SUBMISSIONS,,7374,1,2
1321746,Refco Inc.,1,2005-10-21,2005-10-21,,,0,8K_SUBMISSIONS,,6200.0,1,1
1321746,Refco Inc.,2,2006-12-20,2006-12-20,,,0,8K_SUBMISSIONS,,6200.0,1,1
1322056,Protective Life Secured Trust 2005-7,1,2005-04-14,2005-04-14,,,246,8K_SUBMISSIONS,,6189.0,1,9
1322229,Hartford Life Global Funding Trust 2005-040,1,2005-05-25,2005-05-25,,,33,8K_SUBMISSIONS,,6189.0,1,2
1322263,Hartford Life Global Funding Trust 2005-042,1,2005-05-25,2005-05-25,,,33,8K_SUBMISSIONS,,6189.0,1,2
1322439,Eagle Bulk Shipping Inc.,1,2014-08-06,2014-08-06,2014-08-06,0,51,8K_FTS+8K_SUBMISSIONS+LOPUCKI,11,4412,1,5
1322705,Spansion Inc.,1,2009-03-01,2009-03-02,2009-03-01,1,1,8K_FTS+8K_SUBMISSIONS+LOPUCKI,11,3674,1,3
1322705,Spansion Inc.,2,2010-04-22,2010-04-22,,,0,8K_FTS+8K_SUBMISSIONS,,3674,1,2
1322786,Hartford Life Global Funding Trust 2005-044,1,2005-05-25,2005-05-25,,,33,8K_SUBMISSIONS,,6189.0,1,2
1322838,Hartford Life Global Funding Trust 2005-045,1,2005-05-25,2005-05-25,,,33,8K_SUBMISSIONS,,6189.0,1,2
1323033,"Tennessee Commerce Bancorp, Inc.",1,2012-01-30,2012-01-30,,,0,8K_FTS+8K_SUBMISSIONS,,6022,1,2
1323533,Protective Life Secured Trust 2005-9,1,2005-10-18,2005-10-18,,,0,8K_SUBMISSIONS,,6189.0,1,1
1323534,Protective Life Secured Trust 2005-8,1,2005-05-18,2005-05-18,,,212,8K_SUBMISSIONS,,6189.0,1,8
1323537,Hartford Life Global Funding Trust 2005-048,1,2005-05-25,2005-05-25,,,33,8K_SUBMISSIONS,,6189.0,1,2
13239,HEXION INC.,1,2019-04-01,2019-04-01,2019-04-01,0,92,8K_FTS+8K_SUBMISSIONS+LOPUCKI,11,2821,1,5
1324189,Orchids Paper Products Company,1,2019-04-01,,2019-04-01,,0,LOPUCKI,11,2621,1,1
1324233,Protective Life Secured Trust 2005-10,1,2005-05-18,2005-05-18,,,212,8K_SUBMISSIONS,,6189.0,1,8
1324295,Hartford Life Global Funding Trust 2005-052,1,2005-05-25,2005-05-25,,,33,8K_SUBMISSIONS,,6189.0,1,2
1324759,Cereplast Inc  (HGYN),1,2014-02-12,2014-02-12,,,84,8K_FTS+8K_SUBMISSIONS,,2821,1,8
1325078,Hartford Life Global Funding Trust 2005-054,1,2005-05-25,2005-05-25,,,33,8K_SUBMISSIONS,,6189.0,1,2
1325702,MagnaChip Semiconductor LLC,1,2009-06-12,,2009-06-12,,0,LOPUCKI,11,3674,1,1
1325961,Hartford Life Global Funding Trust 2005-057,1,2005-06-27,2005-06-27,,,0,8K_SUBMISSIONS,,6189.0,1,1
1326089,Sundance Energy Inc.,1,2021-03-09,2021-03-10,2021-03-09,1,42,8K_FTS+8K_SUBMISSIONS+LOPUCKI,11,1311,1,5
1326160,Duke Energy CORP,1,2011-07-07,2011-07-07,,,0,8K_SUBMISSIONS,,4931.0,1,1
1326200,GENCO SHIPPING & TRADING LTD  (GNK),1,2014-04-21,2014-04-21,2014-04-21,0,77,8K_FTS+8K_SUBMISSIONS+LOPUCKI,11,4412,1,5
1326428,"LINN ENERGY, LLC",1,2016-05-11,2016-05-11,2016-05-11,0,265,8K_FTS+8K_SUBMISSIONS+LOPUCKI,11,1311,1,5
1326729,Hartford Life Global Funding Trust 2005-059,1,2005-06-27,2005-06-27,,,0,8K_SUBMISSIONS,,6189.0,1,1
1326760,Hartford Life Global Funding Trust 2005-060,1,2005-06-27,2005-06-27,,,0,8K_SUBMISSIONS,,6189.0,1,1
1327012,Equity Media Holdings CORP,1,2008-12-12,2008-12-12,,,0,8K_SUBMISSIONS,,4833.0,1,1
1327080,Protective Life Secured Trust 2005-B,1,2005-08-18,2005-08-18,,,91,8K_SUBMISSIONS,,6189.0,1,2
1327499,Hartford Life Global Funding Trust 2005-061,1,2005-06-27,2005-06-27,,,0,8K_SUBMISSIONS,,6189.0,1,1
1328194,Protective Life Secured Trust 2005-12,1,2005-06-15,2005-06-15,,,184,8K_SUBMISSIONS,,6189.0,1,7
1328195,Protective Life Secured Trust 2005-11,1,2005-11-17,2005-11-17,,,0,8K_SUBMISSIONS,,6189.0,1,1
1328325,Hartford Life Global Funding Trust 2005-064,1,2005-06-27,2005-06-27,,,0,8K_SUBMISSIONS,,6189.0,1,1
1328881,Protective Life Secured Trust 2005-13,1,2005-12-16,2005-12-16,,,0,8K_SUBMISSIONS,,6189.0,1,1
1328910,Tronox Incorporated,1,2009-01-12,2009-01-20,2009-01-12,8,8,8K_FTS+8K_SUBMISSIONS+LOPUCKI,11,2810,1,3
1328910,TRONOX INC,2,2010-11-23,2010-11-23,,,0,8K_FTS+8K_SUBMISSIONS,,2810,1,2
1329068,NewPage Holding CORP,1,2011-09-12,2011-09-12,,,0,8K_FTS+8K_SUBMISSIONS,,2621,1,2
1329069,NewPage Corporation,1,2011-09-07,2011-09-12,2011-09-07,5,5,8K_FTS+8K_SUBMISSIONS+LOPUCKI,11,2621,1,3
1329184,"Chartwell International, Inc.",1,2010-08-20,2010-08-20,,,68,8K_FTS+8K_SUBMISSIONS,,4011,1,4
1329400,Protective Life Secured Trust 2005-14,1,2005-07-18,2005-07-18,,,151,8K_SUBMISSIONS,,6189.0,1,6
1329605,PLATINUM ENERGY RESOURCES INC,1,2010-12-01,2010-12-01,,,0,8K_FTS+8K_SUBMISSIONS,,1311,1,2
1330312,Hartford Life Global Funding Trust 2005-072,1,2005-07-27,2005-07-27,,,335,8K_SUBMISSIONS,,6189.0,1,13
1330314,Hartford Life Global Funding Trust 2005-073,1,2005-07-27,2005-07-27,,,335,8K_SUBMISSIONS,,6189.0,1,14
1330332,Hartford Life Global Funding Trust 2005-074,1,2005-12-27,2005-12-27,,,182,8K_SUBMISSIONS,,6189.0,1,2
1330340,"Platinum Research Organization, Inc.",1,2009-02-18,2009-02-18,,,0,8K_FTS+8K_SUBMISSIONS,,3470,1,2
1330487,CHEM RX CORP,1,2010-05-12,2010-05-12,,,0,8K_FTS+8K_SUBMISSIONS,,6770,1,2
1330788,Protective Life Secured Trust 2005-16,1,2005-12-16,2005-12-16,,,0,8K_SUBMISSIONS,,6189.0,1,1
1330789,Protective Life Secured Trust 2005-15,1,2005-07-18,2005-07-18,,,151,8K_SUBMISSIONS,,6189.0,1,6
1330849,"Hercules Offshore, Inc.",1,2015-08-13,2015-08-17,2015-08-13,4,477,8K_FTS+8K_SUBMISSIONS+LOPUCKI,11,1381,1,14
1330952,Hartford Life Global Funding Trust 2005-075,1,2005-07-27,2005-07-27,,,335,8K_SUBMISSIONS,,6189.0,1,13
1330960,Hartford Life Global Funding Trust 2005-076,1,2005-07-27,2005-07-27,,,335,8K_SUBMISSIONS,,6189.0,1,13
1330981,Hartford Life Global Funding Trust 2005-077,1,2005-12-27,2005-12-27,,,182,8K_SUBMISSIONS,,6189.0,1,2
1331427,"AgFeed Industries, Inc.",1,2013-07-15,2013-07-15,,,0,8K_FTS+8K_SUBMISSIONS,,0200,1,2
1331726,Hartford Life Global Funding Trust 2005-078,1,2005-07-27,2005-07-27,,,335,8K_SUBMISSIONS,,6189.0,1,13
1331730,Hartford Life Global Funding Trust 2005-079,1,2005-07-27,2005-07-27,,,335,8K_SUBMISSIONS,,6189.0,1,12
1331756,Hartford Life Global Funding Trust 2005-080,1,2005-12-27,2005-12-27,,,182,8K_SUBMISSIONS,,6189.0,1,2
1332366,Hartford Life Global Funding Trust 2005-081,1,2005-08-25,2005-08-25,,,306,8K_SUBMISSIONS,,6189.0,1,11
1332376,Hartford Life Global Funding Trust 2005-082,1,2006-01-27,2006-01-27,,,0,8K_SUBMISSIONS,,6189.0,1,1
1332412,"VALLEY FORGE COMPOSITE TECHNOLOGIES, INC.",1,2013-10-15,2013-10-15,,,0,8K_FTS+8K_SUBMISSIONS,,3812,1,2
1332987,Hartford Life Global Funding Trust 2005-084,1,2005-08-25,2005-08-25,,,306,8K_SUBMISSIONS,,6189.0,1,11
1332993,Hartford Life Global Funding Trust 2005-085,1,2006-01-27,2006-01-27,,,0,8K_SUBMISSIONS,,6189.0,1,1
1332996,Hartford Life Global Funding Trust 2005-083,1,2005-08-25,2005-08-25,,,306,8K_SUBMISSIONS,,6189.0,1,11
1333291,"Triple Crown Media, Inc.",1,2009-09-16,2009-09-16,,,86,8K_FTS+8K_SUBMISSIONS,,2711,1,4
1333632,Hartford Life Global Funding Trust 2005-086,1,2005-08-25,2005-08-25,,,306,8K_SUBMISSIONS,,6189.0,1,11
1333634,Hartford Life Global Funding Trust 2005-087,1,2006-01-27,2006-01-27,,,0,8K_SUBMISSIONS,,6189.0,1,1
1333646,Hartford Life Global Funding Trust 2005-088,1,2006-01-27,2006-01-27,,,0,8K_SUBMISSIONS,,6189.0,1,1
1333835,Casa Systems Inc,1,2024-04-03,2024-04-03,,,68,8K_FTS+8K_SUBMISSIONS,,3663,1,4
1334127,"Harry & David Holdings, Inc.",1,2011-03-28,2011-03-28,,,0,8K_FTS+8K_SUBMISSIONS,,5990,1,2
1334375,Hartford Life Global Funding Trust 2005-089,1,2005-08-25,2005-08-25,,,306,8K_SUBMISSIONS,,6189.0,1,11
1334386,Hartford Life Global Funding Trust 2005-090,1,2006-01-27,2006-01-27,,,0,8K_SUBMISSIONS,,6189.0,1,1
1334392,Hartford Life Global Funding Trust 2005-091,1,2006-01-27,2006-01-27,,,0,8K_SUBMISSIONS,,6189.0,1,1
1334872,Cape Fear Bank Corporation,1,2009-06-23,2009-06-26,2009-06-23,3,3,8K_FTS+8K_SUBMISSIONS+LOPUCKI,11,6021,1,3
1334978,"Clear Channel Outdoor Holdings, Inc.  (CCO)",1,2018-03-15,2018-03-15,,,0,8K_FTS+8K_SUBMISSIONS,,7310,1,2
1335047,Hartford Life Global Funding Trust 2005-095,1,2005-08-25,2005-08-25,,,306,8K_SUBMISSIONS,,6189.0,1,11
1335089,Hartford Life Global Funding Trust 2005-092,1,2005-09-26,2005-09-26,,,274,8K_SUBMISSIONS,,6189.0,1,10
1335099,Hartford Life Global Funding Trust 2005-093,1,2006-02-27,2006-02-27,,,0,8K_SUBMISSIONS,,6189.0,1,1
1335103,"Protea Biosciences Group, Inc.",1,2017-12-05,2017-12-05,,,0,8K_FTS+8K_SUBMISSIONS,,2834,1,2
1335115,Hartford Life Global Funding Trust 2005-094,1,2006-02-27,2006-02-27,,,0,8K_SUBMISSIONS,,6189.0,1,1
1335190,MAGNUM HUNTER RESOURCES CORP,1,2015-12-15,2015-12-15,2015-12-15,0,0,8K_FTS+8K_SUBMISSIONS+LOPUCKI,11,1311,1,3
1335236,Atlas America Public #15-2005 (A) L.P.,1,2016-07-28,2016-07-28,,,0,8K_FTS+8K_SUBMISSIONS,,1311,1,2
1335833,Hartford Life Global Funding Trust 2005-096,1,2006-02-27,2006-02-27,,,0,8K_SUBMISSIONS,,6189.0,1,1
1335860,Hartford Life Global Funding Trust 2005-097,1,2006-02-27,2006-02-27,,,0,8K_SUBMISSIONS,,6189.0,1,1
1335867,Hartford Life Global Funding Trust 2005-098,1,2006-02-27,2006-02-27,,,0,8K_SUBMISSIONS,,6189.0,1,1
1336293,Hartford Life Global Funding Trust 2005-102,1,2005-11-28,2005-11-28,,,178,8K_SUBMISSIONS,,6189.0,1,3
1336339,Atlas America Public #14-2005 (A) L.P.,1,2016-07-28,2016-07-28,,,0,8K_FTS+8K_SUBMISSIONS,,1311,1,2
1336407,Hartford Life Global Funding Trust 2005-099,1,2006-02-27,2006-02-27,,,0,8K_SUBMISSIONS,,6189.0,1,1
1336424,Hartford Life Global Funding Trust 2005-100,1,2006-02-27,2006-02-27,,,0,8K_SUBMISSIONS,,6189.0,1,1
1336429,Hartford Life Global Funding Trust 2005-101,1,2006-02-27,2006-02-27,,,0,8K_SUBMISSIONS,,6189.0,1,1
1336545,"American Apparel, Inc. (2015)",1,2015-10-05,2015-10-08,2015-10-05,3,3,8K_FTS+8K_SUBMISSIONS+LOPUCKI,11,6770,1,3
1336545,"American Apparel, Inc. (2016)",2,2016-11-14,,2016-11-14,,0,LOPUCKI,11,6770,1,1
1336999,Hartford Life Global Funding Trust 2005-103,1,2006-02-27,2006-02-27,,,0,8K_SUBMISSIONS,,6189.0,1,1
1337001,Hartford Life Global Funding Trust 2005-104,1,2006-02-27,2006-02-27,,,0,8K_SUBMISSIONS,,6189.0,1,1
1337596,Hartford Life Global Funding Trust 2005-105,1,2006-03-27,2006-03-27,,,0,8K_SUBMISSIONS,,6189.0,1,1
1337602,Hartford Life Global Funding Trust 2005-106,1,2006-03-27,2006-03-27,,,0,8K_SUBMISSIONS,,6189.0,1,1
1337622,Hartford Life Global Funding Trust 2005-107,1,2006-03-27,2006-03-27,,,0,8K_SUBMISSIONS,,6189.0,1,1
1337885,"dELiAs, Inc.",1,2014-12-10,2014-12-10,,,0,8K_FTS+8K_SUBMISSIONS,,5961,1,2
1337913,"Ahern Rentals, Inc.",1,2011-12-22,,2011-12-22,,0,LOPUCKI,11,7359,1,1
1338095,"NephroGenex, Inc.",1,2016-05-02,2016-05-02,,,0,8K_FTS+8K_SUBMISSIONS,,2834,1,2
1338218,Hartford Life Global Funding Trust 2005-108,1,2006-03-27,2006-03-27,,,0,8K_SUBMISSIONS,,6189.0,1,1
1338259,Hartford Life Global Funding Trust 2005-109,1,2006-03-27,2006-03-27,,,0,8K_SUBMISSIONS,,6189.0,1,1
1338673,Hartford Life Global Funding Trust 2005-110,1,2006-03-27,2006-03-27,,,0,8K_SUBMISSIONS,,6189.0,1,1
1338732,Hartford Life Global Funding Trust 2005-111,1,2005-12-27,2005-12-27,,,182,8K_SUBMISSIONS,,6189.0,1,3
1338738,Hartford Life Global Funding Trust 2005-112,1,2006-03-27,2006-03-27,,,0,8K_SUBMISSIONS,,6189.0,1,1
1338949,Majestic Capital Ltd.,1,2011-04-29,2011-05-02,2011-04-29,3,3,8K_FTS+8K_SUBMISSIONS+LOPUCKI,11,6331,1,3
1339121,Hartford Life Global Funding Trust 2005-113,1,2006-03-27,2006-03-27,,,0,8K_SUBMISSIONS,,6189.0,1,1
1339350,Hartford Life Global Funding Trust 2005-114,1,2005-10-27,2005-10-27,,,243,8K_SUBMISSIONS,,6189.0,1,9
1339352,Hartford Life Global Funding Trust 2005-115,1,2006-03-27,2006-03-27,,,0,8K_SUBMISSIONS,,6189.0,1,1
1339357,Hartford Life Global Funding Trust 2005-116,1,2006-03-27,2006-03-27,,,0,8K_SUBMISSIONS,,6189.0,1,1
1340048,Hartford Life Global Funding Trust 2005-117,1,2006-03-27,2006-03-27,,,0,8K_SUBMISSIONS,,6189.0,1,1
1340051,Hartford Life Global Funding Trust 2005-118,1,2006-03-27,2006-03-27,,,0,8K_SUBMISSIONS,,6189.0,1,1
1340103,Hartford Life Global Funding Trust 2005-119,1,2006-03-27,2006-03-27,,,0,8K_SUBMISSIONS,,6189.0,1,1
1340744,Altus Pharmaceuticals Inc.,1,2009-11-12,2009-11-12,,,0,8K_FTS+8K_SUBMISSIONS,,2836,1,2
1340746,Hartford Life Global Funding Trust 2005-120,1,2006-04-26,2006-04-26,,,0,8K_SUBMISSIONS,,6189.0,1,1
1340747,Hartford Life Global Funding Trust 2005-121,1,2006-04-26,2006-04-26,,,0,8K_SUBMISSIONS,,6189.0,1,1
1340752,"Molecular Insight Pharmaceuticals, Inc.",1,2010-12-14,2010-12-14,,,148,8K_FTS+8K_SUBMISSIONS,,2834,1,4
1340753,Hartford Life Global Funding Trust 2005-122,1,2006-04-26,2006-04-26,,,0,8K_SUBMISSIONS,,6189.0,1,1
1341293,Neogenix Oncology Inc,1,2012-07-26,2012-07-26,,,0,8K_FTS+8K_SUBMISSIONS,,2835,1,2
1341353,Hartford Life Global Funding Trust 2005-123,1,2006-04-26,2006-04-26,,,0,8K_SUBMISSIONS,,6189.0,1,1
1341377,Hartford Life Global Funding Trust 2005-124,1,2006-04-26,2006-04-26,,,0,8K_SUBMISSIONS,,6189.0,1,1
1341433,Hartford Life Global Funding Trust 2005-125,1,2006-04-26,2006-04-26,,,0,8K_SUBMISSIONS,,6189.0,1,1
1341843,"POLYMEDIX, INC",1,2013-04-01,2013-04-01,,,0,8K_FTS+8K_SUBMISSIONS,,2834,1,2
1341849,Hartford Life Global Funding Trust 2005-126,1,2006-04-26,2006-04-26,,,0,8K_SUBMISSIONS,,6189.0,1,1
1341853,Lehman Brothers Holdings E-Capital LLC I,1,2008-09-19,2008-09-19,,,0,8K_SUBMISSIONS,,6211.0,1,1
1341854,Lehman Brothers Holdings E-Capital Trust I,1,2008-09-19,2008-09-19,,,0,8K_SUBMISSIONS,,6211.0,1,1
1341871,Hartford Life Global Funding Trust 2005-128,1,2006-04-26,2006-04-26,,,0,8K_SUBMISSIONS,,6189.0,1,1
1341890,Hartford Life Global Funding Trust 2005-127,1,2006-04-26,2006-04-26,,,0,8K_SUBMISSIONS,,6189.0,1,1
1342451,Hartford Life Global Funding Trust 2005-129,1,2006-04-26,2006-04-26,,,0,8K_SUBMISSIONS,,6189.0,1,1
1342508,Hartford Life Global Funding Trust 2005-130,1,2006-04-26,2006-04-26,,,0,8K_SUBMISSIONS,,6189.0,1,1
1342514,Atlas America Series 26-2005 L.P.,1,2016-07-28,2016-07-28,,,0,8K_FTS+8K_SUBMISSIONS,,1311,1,2
1342516,Hartford Life Global Funding Trust 2005-131,1,2006-04-26,2006-04-26,,,0,8K_SUBMISSIONS,,6189.0,1,1
1342643,"WORTHINGTON ENERGY, INC.",1,2018-03-19,2018-03-19,,,0,8K_FTS+8K_SUBMISSIONS,,1311,1,2
1342792,WORLDWIDE STRATEGIES INC,1,2007-06-29,2007-06-29,,,0,8K_SUBMISSIONS,,7372.0,1,1
1343180,Hartford Life Global Funding Trust 2005-134,1,2006-05-25,2006-05-25,,,0,8K_SUBMISSIONS,,6189.0,1,1
1343181,Hartford Life Global Funding Trust 2005-133,1,2006-05-25,2006-05-25,,,0,8K_SUBMISSIONS,,6189.0,1,1
1343182,Hartford Life Global Funding Trust 2005-132,1,2006-05-25,2006-05-25,,,0,8K_SUBMISSIONS,,6189.0,1,1
1343202,VeraSun Energy Corporation,1,2008-10-31,2008-11-06,2008-10-31,6,367,8K_FTS+8K_SUBMISSIONS+LOPUCKI,11,2860,1,4
1343435,Protective Life Secured Trust 2005-D,1,2005-12-16,2005-12-16,,,0,8K_SUBMISSIONS,,6311.0,1,1
1343611,"ETHANEX ENERGY, INC.",1,2008-03-27,2008-03-27,,,0,8K_SUBMISSIONS,,2860.0,1,1
1343719,Energy XXI Ltd,1,2016-04-14,2016-04-14,2016-04-14,0,0,8K_FTS+8K_SUBMISSIONS+LOPUCKI,11,1382,1,3
1343927,Hartford Life Global Funding Trust 2005-135,1,2006-05-25,2006-05-25,,,0,8K_SUBMISSIONS,,6189.0,1,1
1343928,Hartford Life Global Funding Trust 2005-136,1,2006-05-25,2006-05-25,,,0,8K_SUBMISSIONS,,6189.0,1,1
1343929,Hartford Life Global Funding Trust 2005-137,1,2006-05-25,2006-05-25,,,0,8K_SUBMISSIONS,,6189.0,1,1
1343957,"BAXL Holdings, Inc.",1,2008-08-06,2008-08-06,,,0,8K_SUBMISSIONS,,3669.0,1,1
1344562,Hartford Life Global Funding Trust 2005-138,1,2006-05-25,2006-05-25,,,0,8K_SUBMISSIONS,,6189.0,1,1
1344563,Hartford Life Global Funding Trust 2005-139,1,2006-05-25,2006-05-25,,,0,8K_SUBMISSIONS,,6189.0,1,1
1344564,Hartford Life Global Funding Trust 2005-140,1,2006-05-25,2006-05-25,,,0,8K_SUBMISSIONS,,6189.0,1,1
1344770,RECYCLE TECH INC,1,2012-03-29,2012-03-29,,,0,8K_FTS+8K_SUBMISSIONS,,5734,1,2
1345730,Hartford Life Global Funding Trust 2005-141,1,2006-06-27,2006-06-27,,,0,8K_SUBMISSIONS,,6189.0,1,1
1345739,Hartford Life Global Funding Trust 2005-142,1,2006-06-27,2006-06-27,,,0,8K_SUBMISSIONS,,6189.0,1,1
1345741,Hartford Life Global Funding Trust 2005-143,1,2006-06-27,2006-06-27,,,0,8K_SUBMISSIONS,,6189.0,1,1
1345968,"Eddie Bauer Holdings, Inc.",1,2009-06-17,2009-06-17,2009-06-17,0,295,8K_FTS+8K_SUBMISSIONS+LOPUCKI,11,5600,1,7
1346199,Hartford Life Global Funding Trust 2005-146,1,2006-06-27,2006-06-27,,,0,8K_SUBMISSIONS,,6189.0,1,1
1346200,Hartford Life Global Funding Trust 2005-145,1,2006-06-27,2006-06-27,,,0,8K_SUBMISSIONS,,6189.0,1,1
1346201,Hartford Life Global Funding Trust 2005-144,1,2006-06-27,2006-06-27,,,0,8K_SUBMISSIONS,,6189.0,1,1
1346222,FIRST UNITED ETHANOL LLC,1,2011-02-02,2011-02-02,,,0,8K_FTS+8K_SUBMISSIONS,,2860,1,2
1346526,"ESP Resources, Inc.",1,2016-04-14,2016-04-14,,,0,8K_FTS+8K_SUBMISSIONS,,2800,1,2
1346526,"ESP Resources, Inc.",2,2022-06-06,2022-06-06,,,0,8K_FTS+8K_SUBMISSIONS,,2800,1,2
1346685,Sterling Mining CO,1,2009-03-06,2009-03-06,,,74,8K_FTS+8K_SUBMISSIONS,,1000,1,4
1346896,Hartford Life Global Funding Trust 2005-147,1,2006-06-27,2006-06-27,,,0,8K_SUBMISSIONS,,6189.0,1,1
1346897,Hartford Life Global Funding Trust 2005-148,1,2006-06-27,2006-06-27,,,0,8K_SUBMISSIONS,,6189.0,1,1
1346898,Hartford Life Global Funding Trust 2005-149,1,2006-06-27,2006-06-27,,,0,8K_SUBMISSIONS,,6189.0,1,1
1346980,"Chaparral Energy, Inc.",1,2016-05-09,2016-05-09,2016-05-09,0,309,8K_FTS+8K_SUBMISSIONS+LOPUCKI,11,1311,1,7
1346980,"Chaparral Energy, Inc. (2020)",2,2020-08-16,2020-08-17,2020-08-16,1,1,8K_FTS+8K_SUBMISSIONS+LOPUCKI,11,1311,1,3
1347242,LIPELLA PHARMACEUTICALS INC.,1,2026-03-31,2026-03-31,,,106,8K_SUBMISSIONS,,2834.0,1,2
1347589,Hartford Life Global Funding Trust 2005-150,1,2006-06-27,2006-06-27,,,0,8K_SUBMISSIONS,,6189.0,1,1
1347590,Hartford Life Global Funding Trust 2005-151,1,2006-06-27,2006-06-27,,,0,8K_SUBMISSIONS,,6189.0,1,1
1347591,Hartford Life Global Funding Trust 2005-152,1,2006-06-27,2006-06-27,,,0,8K_SUBMISSIONS,,6189.0,1,1
1347613,"SYNERGY PHARMACEUTICALS, INC.",1,2018-12-13,2018-12-13,,,140,8K_FTS+8K_SUBMISSIONS,,2834,1,10
1347652,"CorEnergy Infrastructure Trust, Inc.",1,2024-02-26,2024-02-26,,,0,8K_FTS+8K_SUBMISSIONS,,6798,1,2
1348261,Hartford Life Global Funding Trust 2005-153,1,2006-06-27,2006-06-27,,,0,8K_SUBMISSIONS,,6189.0,1,1
1348262,Hartford Life Global Funding Trust 2005-154,1,2006-06-27,2006-06-27,,,0,8K_SUBMISSIONS,,6189.0,1,1
1348263,Hartford Life Global Funding Trust 2005-155,1,2006-06-27,2006-06-27,,,0,8K_SUBMISSIONS,,6189.0,1,1
1349120,"Hawaiian Telcom Communications, Inc.",1,2008-12-01,2008-12-01,2008-12-01,0,0,8K_SUBMISSIONS+LOPUCKI,11,4813.0,1,2
1349436,SANDRIDGE ENERGY INC  (SD),1,2016-05-16,2016-05-16,2016-05-16,0,121,8K_FTS+8K_SUBMISSIONS+LOPUCKI,11,1311,1,5
1349976,American Standard Energy Corp.,1,2015-09-17,2015-09-17,,,0,8K_FTS+8K_SUBMISSIONS,,1381,1,2
1350073,"Iconic Brands, Inc.  (ICNB)",1,2023-06-29,2023-06-29,,,0,8K_FTS+8K_SUBMISSIONS,,2080,1,2
1351197,ARTES MEDICAL INC,1,2008-12-02,2008-12-02,,,0,8K_SUBMISSIONS,,3841.0,1,1
1351379,Transmeridian Exploration Inc.,1,2009-03-23,2009-03-23,,,0,8K_FTS+8K_SUBMISSIONS,,1311,1,2
1351548,"Frontier Airlines Holdings, Inc. (2008)",1,2008-04-10,2008-04-15,2008-04-10,5,5,8K_SUBMISSIONS+LOPUCKI,11,4512,1,2
1351667,"Indalex Holdings Finance, Inc.",1,2009-03-20,,2009-03-20,,0,LOPUCKI,11,3350,1,1
1352045,"Basin Water, Inc.",1,2009-07-16,2009-07-16,,,0,8K_FTS+8K_SUBMISSIONS,,4941,1,2
1353538,"Appgate, Inc.",1,2024-05-06,2024-05-06,,,58,8K_FTS+8K_SUBMISSIONS,,7372,1,6
1355096,"Old QVC Group, Inc.",1,2026-04-17,2026-04-17,,,98,8K_SUBMISSIONS,,5961.0,1,2
1355128,OCZ TECHNOLOGY GROUP INC,1,2013-12-06,2013-12-06,,,28,8K_FTS+8K_SUBMISSIONS,,3572,1,4
1355804,Spheris Inc.,1,2010-02-03,,2010-02-03,,0,LOPUCKI,11,7389,1,1
1356505,"Surfect Holdings, Inc",1,2009-08-20,2009-08-20,,,0,8K_FTS+8K_SUBMISSIONS,,3559,1,2
1357062,"Kimball Hill, Inc.",1,2008-04-23,2008-04-29,2008-04-23,6,6,8K_SUBMISSIONS+LOPUCKI,11,1531,1,2
1357174,American Home Mortgage Investment Trust 2006-1,1,2007-08-10,2007-08-10,,,0,8K_SUBMISSIONS,,6189.0,1,1
1357361,Atlas America Public #15-2006 (B) L.P.,1,2016-07-28,2016-07-28,,,0,8K_FTS+8K_SUBMISSIONS,,1311,1,2
1357371,Breitburn Energy Partners LP,1,2016-05-15,2016-05-16,2016-05-15,1,1,8K_FTS+8K_SUBMISSIONS+LOPUCKI,11,1311,1,3
1357371,Breitburn Energy Partners LP,2,2018-03-28,2018-03-28,,,0,8K_FTS+8K_SUBMISSIONS,,1311,1,2
1357800,"Fearless International, Inc.",1,2008-07-25,2008-07-25,,,0,8K_SUBMISSIONS,,8742.0,1,1
1357838,Woozyfly Inc.,1,2009-06-23,2009-06-23,,,0,8K_FTS+8K_SUBMISSIONS,,5961,1,2
1358057,"LifeCare Holdings, Inc.",1,2012-12-11,,2012-12-11,,0,LOPUCKI,11,8050,1,1
1358651,Neiman Marcus Group LTD LLC,1,2020-05-07,,2020-05-07,,0,LOPUCKI,11,5311,1,1
1359555,ICO Global Communications (Holdings) LTD,1,2009-05-15,2009-05-15,,,47,8K_FTS+8K_SUBMISSIONS,,3663,1,6
1360214,"TRANSDEL PHARMACEUTICALS INC  (HROW, HROWL, HROWM)",1,2011-06-27,2011-06-27,,,0,8K_FTS+8K_SUBMISSIONS,,2834,1,2
1360581,"FGBC Bancshares, Inc.",1,2011-05-25,2011-05-25,,,0,8K_FTS+8K_SUBMISSIONS,,6021,1,2
1360849,"RedRoller Holdings, Inc.",1,2008-09-18,2008-09-18,,,102,8K_SUBMISSIONS,,7389.0,1,4
1361937,"EV Energy Partners, LP",1,2018-04-02,2018-04-02,2018-04-02,0,46,8K_FTS+8K_SUBMISSIONS+LOPUCKI,11,1311,1,5
1362614,Barzel Industries Inc.,1,2009-09-15,2009-09-15,2009-09-15,0,0,8K_FTS+8K_SUBMISSIONS+LOPUCKI,11,3310,1,3
1362659,"TETRAGENEX PHARMACEUTICALS, INC.",1,2009-11-10,2009-11-10,,,437,8K_FTS+8K_SUBMISSIONS,,2834,1,6
1362719,Silver State Bancorp,1,2008-09-09,2008-09-09,2009-01-06,-119,119,8K_SUBMISSIONS+LOPUCKI,7,6022.0,1,2
1363346,"RathGibson, Inc.",1,2009-07-13,2009-07-14,2009-07-13,1,1,8K_FTS+8K_SUBMISSIONS+LOPUCKI,11,3317,1,4
1364099,"Innophos Holdings, Inc.",1,2010-06-17,2010-06-17,,,0,8K_SUBMISSIONS,,5160.0,1,1
1364100,"Cal Dive International, Inc.",1,2015-03-03,2015-03-09,2015-03-03,6,6,8K_FTS+8K_SUBMISSIONS+LOPUCKI,11,1389,1,3
1364796,"Southland Health Services, Inc.",1,2007-10-15,2007-10-15,,,0,8K_SUBMISSIONS,,4100.0,1,1
1365771,American Home Mortgage Investment Trust 2006-2,1,2007-08-10,2007-08-10,,,0,8K_SUBMISSIONS,,6189.0,1,1
1365916,"AMYRIS, INC.",1,2023-08-10,2023-08-10,,,183,8K_FTS+8K_SUBMISSIONS,,2860,1,4
1366909,"Linens 'N Things Center, Inc.",1,2008-05-02,2008-05-02,,,413,8K_FTS+8K_SUBMISSIONS,,5700,1,5
1366913,Linens Holding Co.,1,2008-05-02,2008-05-02,2008-05-02,0,413,8K_FTS+8K_SUBMISSIONS+LOPUCKI,11,5700.0,1,6
1367311,"DAKOTA PLAINS HOLDINGS, INC.",1,2016-12-22,2016-12-22,,,70,8K_FTS+8K_SUBMISSIONS,,5171,1,5
1367387,Exterra Energy Inc.,1,2012-05-01,2012-05-01,,,202,8K_FTS+8K_SUBMISSIONS,,1311,1,4
1367396,IDEARC INC.,1,2009-03-31,2009-03-31,2009-03-31,0,268,8K_FTS+8K_SUBMISSIONS+LOPUCKI,11,2741,1,5
1367396,SUPERMEDIA INC.,2,2013-03-18,2013-03-18,2013-03-18,0,46,8K_FTS+8K_SUBMISSIONS+LOPUCKI,11,7310,1,5
1368147,"Whitehall Jewelers Holdings, Inc.",1,2008-06-23,2008-06-23,,,0,8K_SUBMISSIONS,,5944.0,1,1
1368148,"ATHERSYS, INC / NEW  (ATHXQ)",1,2024-01-08,2024-01-08,,,0,8K_FTS+8K_SUBMISSIONS,,2834,1,2
1368154,TEKOIL & GAS CORP,1,2008-06-12,2008-06-12,,,85,8K_SUBMISSIONS,,1389.0,1,2
1368218,"Tootie Pie Company, Inc.",1,2013-07-09,2013-07-09,,,233,8K_FTS+8K_SUBMISSIONS,,2050,1,6
1368883,SAN JOAQUIN BANCORP,1,2009-10-22,2009-10-22,,,0,8K_FTS+8K_SUBMISSIONS,,6022,1,2
1368900,"GateHouse Media, Inc.",1,2013-09-27,2013-09-27,2013-09-27,0,0,8K_FTS+8K_SUBMISSIONS+LOPUCKI,11,2711,1,3
1372326,Superior Offshore International Inc.,1,2008-04-25,2008-04-25,,,0,8K_SUBMISSIONS,,1389.0,1,1
1372791,"WSB Financial Group, Inc.",1,2009-05-11,2009-05-11,,,0,8K_FTS+8K_SUBMISSIONS,,6022,1,2
1374985,Atlas Resources Public #16-2007 (A) L.P.,1,2016-07-28,2016-07-28,,,0,8K_FTS+8K_SUBMISSIONS,,1311,1,2
1374993,NextWave Wireless Inc.,1,2008-10-02,2008-10-02,,,19,8K_SUBMISSIONS,,3663.0,1,2
1375083,"Meruelo Maddux Properties, Inc.",1,2009-03-27,2009-04-01,2009-03-27,5,5,8K_FTS+8K_SUBMISSIONS+LOPUCKI,11,6500,1,3
1375424,"OnCure Holdings, Inc.",1,2013-06-14,,2013-06-14,,0,LOPUCKI,11,8011,1,1
1375618,"Amazing Energy Oil & Gas, Co.",1,2020-04-09,2020-04-09,,,0,8K_FTS+8K_SUBMISSIONS,,1311,1,2
1375618,"Amazing Energy Oil & Gas, Co.",2,2022-02-09,2022-02-09,,,0,8K_FTS+8K_SUBMISSIONS,,1311,1,2
1376118,American Home Mortgage Investment Trust 2006-3,1,2007-08-10,2007-08-10,,,0,8K_SUBMISSIONS,,6189.0,1,1
1376610,Allied Nevada Gold Corp.,1,2015-03-10,2015-03-10,2015-03-10,0,219,8K_FTS+8K_SUBMISSIONS+LOPUCKI,11,1040,1,5
1376812,Patriot Coal CORP,1,2012-07-09,2012-07-09,2012-07-09,0,0,8K_FTS+8K_SUBMISSIONS+LOPUCKI,11,1220,1,3
1376812,Patriot Coal Corporation (2015),2,2015-05-12,,2015-05-12,,0,LOPUCKI,11,1220,1,1
1376912,Rockies Region 2006 Limited Partnership,1,2018-11-05,2018-11-05,,,0,8K_FTS+8K_SUBMISSIONS,,1311,1,2
1377053,AtheroNova Inc.,1,2015-03-03,2015-03-03,,,0,8K_FTS+8K_SUBMISSIONS,,2834,1,2
1377149,CareView Communications Inc,1,2012-01-06,2012-01-06,,,0,8K_SUBMISSIONS,,3663.0,1,1
1377630,"National CineMedia, Inc.  (NCMI)",1,2023-04-12,2023-04-12,,,117,8K_FTS+8K_SUBMISSIONS,,7310,1,6
1377720,CYBERDEFENDER CORP,1,2012-02-27,2012-02-27,,,0,8K_FTS+8K_SUBMISSIONS,,7372,1,2
1378670,Greenville Tube CO,1,2009-07-14,2009-07-14,,,0,8K_FTS+8K_SUBMISSIONS,,3317,1,3
1379246,BODY CENTRAL CORP,1,2015-01-09,2015-01-09,,,0,8K_FTS+8K_SUBMISSIONS,,5600,1,2
1379763,Atlas America Series 27-2006 L.P.,1,2016-07-28,2016-07-28,,,0,8K_FTS+8K_SUBMISSIONS,,1311,1,2
1379785,"Barings BDC, Inc.",1,2022-03-03,2022-03-03,,,0,8K_SUBMISSIONS,,,1,1
1379895,DYNEGY INC.,1,2011-11-08,2011-11-08,,,310,8K_FTS+8K_SUBMISSIONS,,4911,1,6
1379895,DYNEGY INC.,2,2016-12-09,2016-12-09,,,52,8K_FTS+8K_SUBMISSIONS,,4911,1,4
1379905,MASTR Adjustable Rate Mortgages Trust 2007-1,1,2007-08-10,2007-08-10,,,0,8K_SUBMISSIONS,,6189.0,1,1
1379926,"Last Mile Logistics Group, Inc.",1,2008-12-22,2008-12-22,,,0,8K_SUBMISSIONS,,4210.0,1,1
1380712,1st Pacific Bancorp,1,2010-05-13,2010-05-13,,,0,8K_FTS+8K_SUBMISSIONS,,6022,1,2
1382231,Fortem Resources Inc.,1,2021-10-18,2021-10-18,,,0,8K_FTS+8K_SUBMISSIONS,,1381,1,2
1382805,"Game Trading Technologies, Inc.",1,2012-02-02,2012-02-02,,,0,8K_FTS+8K_SUBMISSIONS,,5734,1,2
1382911,"Orexigen Therapeutics, Inc.",1,2018-03-12,2018-03-12,2018-03-12,0,0,8K_FTS+8K_SUBMISSIONS+LOPUCKI,11,2834,1,3
1382911,"Orexigen Therapeutics, Inc.",2,2019-05-23,2019-05-23,,,0,8K_FTS+8K_SUBMISSIONS,,2834,1,2
1383154,"COPsync, Inc.",1,2017-10-04,2017-10-04,,,0,8K_FTS+8K_SUBMISSIONS,,3576,1,2
1383875,"LRI Holdings, Inc.",1,2016-08-08,,2016-08-08,,0,LOPUCKI,11,5812,1,1
1383960,"UNIVERSITY GENERAL HEALTH SYSTEM, INC.",1,2015-03-05,2015-03-05,,,0,8K_FTS+8K_SUBMISSIONS,,8060,1,2
1384072,"Vanguard Natural Resources, LLC",1,2017-02-01,2017-02-02,2017-02-01,1,168,8K_FTS+8K_SUBMISSIONS+LOPUCKI,11,1311,1,7
1384072,"Vanguard Natural Resources, Inc.",2,2019-04-01,2019-04-01,,,100,8K_FTS+8K_SUBMISSIONS,,1311,1,6
1385205,Banc of America Funding 2007-1 Trust,1,2007-08-10,2007-08-10,,,0,8K_SUBMISSIONS,,6189.0,1,1
1385228,"BIND Therapeutics, Inc",1,2016-05-02,2016-05-02,,,148,8K_FTS+8K_SUBMISSIONS,,2834,1,4
1385492,SACO I Trust 2007-1,1,2007-08-16,2007-08-16,,,0,8K_SUBMISSIONS,,6189.0,1,1
1385542,HSI Asset Loan Obligation Trust 2007-AR1,1,2007-08-09,2007-08-09,,,0,8K_SUBMISSIONS,,6189.0,1,1
1385543,Banc of America Funding 2007-A Trust,1,2007-08-10,2007-08-10,,,0,8K_SUBMISSIONS,,6189.0,1,1
1385544,Horsehead Holding Corp,1,2016-02-02,2016-02-02,2016-02-02,0,226,8K_FTS+8K_SUBMISSIONS+LOPUCKI,11,3330,1,5
1386026,"ZENERGY BRANDS, INC.",1,2019-11-04,2019-11-04,,,0,8K_FTS+8K_SUBMISSIONS,,7372,1,2
1386062,American Home Mortgage Assets Trust 2007-1,1,2007-08-10,2007-08-10,,,0,8K_SUBMISSIONS,,6189.0,1,1
1386631,Morgan Stanley Mortgage Loan Trust 2007-1XS,1,2007-08-09,2007-08-09,,,0,8K_SUBMISSIONS,,6189.0,1,1
1386632,Morgan Stanley Mortgage Loan Trust 2007-2AX,1,2007-08-09,2007-08-09,,,0,8K_SUBMISSIONS,,6189.0,1,1
1387156,AIRXPANDERS INC,1,2019-07-25,2019-07-25,,,0,8K_FTS+8K_SUBMISSIONS,,3842,1,2
1387580,GSAMP Trust 2007-NC1,1,2007-04-06,2007-04-06,,,0,8K_SUBMISSIONS,,6189.0,1,1
1387942,Banc of America Funding 2007-2 Trust,1,2007-08-10,2007-08-10,,,0,8K_SUBMISSIONS,,6189.0,1,1
1388741,American Home Mortgage Assets Trust 2007-2,1,2007-08-10,2007-08-10,,,0,8K_SUBMISSIONS,,6189.0,1,1
1389002,MARIN SOFTWARE INC  (MRIN),1,2025-07-03,2025-07-03,,,64,8K_FTS+8K_SUBMISSIONS,,7374,1,6
1389053,"Fieldstone Mortgage Investment Trust, Series 2007-1",1,2007-11-29,2007-11-29,,,0,8K_SUBMISSIONS,,6189.0,1,1
1389115,Innolog Holdings Corp.,1,2013-09-05,2013-09-05,,,0,8K_FTS+8K_SUBMISSIONS,,7373,1,2
1390267,Morgan Stanley Mortgage Loan Trust 2007-3XS,1,2007-08-09,2007-08-09,,,0,8K_SUBMISSIONS,,6189.0,1,1
1390268,Morgan Stanley Mortgage Loan Trust 2007-5AX,1,2007-08-10,2007-08-10,,,0,8K_SUBMISSIONS,,6189.0,1,1
1390630,Renaissance Home Equity Loan Trust 2007-1,1,2007-12-21,2007-12-21,,,0,8K_SUBMISSIONS,,6189.0,1,1
1391127,"Edgio, Inc.  (EGIO)",1,2024-09-09,2024-09-09,,,0,8K_FTS+8K_SUBMISSIONS,,7389,1,2
1391525,HarborView 2007-2,1,2007-08-10,2007-08-10,,,0,8K_SUBMISSIONS,,6189.0,1,1
1392091,"Blueknight Energy Partners, L.P.",1,2008-07-22,2008-07-22,,,0,8K_SUBMISSIONS,,4610.0,1,1
1392147,Banc of America Funding 2007-3 Trust,1,2007-08-10,2007-08-10,,,0,8K_SUBMISSIONS,,6189.0,1,1
1392477,XTREME GREEN PRODUCTS INC.,1,2013-08-28,2013-08-28,,,160,8K_FTS+8K_SUBMISSIONS,,3711,1,4
1392902,TECTON CORP,1,2013-01-22,2013-01-22,,,0,8K_FTS+8K_SUBMISSIONS,,1000,1,2
1393066,AbitibiBowater Inc.,1,2009-04-16,2009-04-22,2009-04-16,6,13,8K_FTS+8K_SUBMISSIONS+LOPUCKI,11,2621,1,5
1393066,AbitibiBowater Inc.,2,2010-11-30,2010-11-30,,,0,8K_FTS+8K_SUBMISSIONS,,2621,1,2
1393614,"Kentucky USA Energy, Inc.",1,2010-10-07,2010-10-07,,,0,8K_FTS+8K_SUBMISSIONS,,1311,1,2
1393631,Xhibit Corp.,1,2015-01-23,2015-01-23,,,222,8K_FTS+8K_SUBMISSIONS,,7310,1,4
1393820,Morgan Stanley Mortgage Loan Trust 2007-6XS,1,2007-08-10,2007-08-10,,,0,8K_SUBMISSIONS,,6189.0,1,1
1393861,American Home Mortgage Investment Trust 2007-1,1,2007-08-10,2007-08-10,,,0,8K_SUBMISSIONS,,6189.0,1,1
1394487,American Home Mortgage Investment Trust 2007-2,1,2007-08-10,2007-08-10,,,0,8K_SUBMISSIONS,,6189.0,1,1
1394855,HomeBanc 2007-1,1,2007-08-14,2007-08-14,,,0,8K_SUBMISSIONS,,6189.0,1,1
1394872,Ambient Water Corp,1,2018-02-20,2018-02-20,,,0,8K_FTS+8K_SUBMISSIONS,,3585,1,2
1394954,GT Advanced Technologies Inc.,1,2014-10-06,2014-10-10,2014-10-06,4,4,8K_FTS+8K_SUBMISSIONS+LOPUCKI,11,3674,1,3
1394954,GT Advanced Technologies Inc.,2,2016-03-14,2016-03-14,,,0,8K_FTS+8K_SUBMISSIONS,,3674,1,2
1395864,Verso Paper Holdings LLC,1,2016-01-26,2016-01-26,,,150,8K_FTS+8K_SUBMISSIONS,,2670,1,4
1396033,"LL Flooring Holdings, Inc.  (LLFLQ)",1,2024-08-12,2024-08-12,,,28,8K_FTS+8K_SUBMISSIONS,,5211,1,8
1396279,"hhgregg, Inc.",1,2017-03-06,2017-03-07,2017-03-06,1,1,8K_FTS+8K_SUBMISSIONS+LOPUCKI,11,5731,1,3
1396426,"Hawker Beechcraft Acquisition Company, LLC",1,2012-05-03,,2012-05-03,,0,LOPUCKI,11,3720,1,1
1396838,Dolan Company,1,2014-03-23,2014-03-24,2014-03-23,1,1,8K_FTS+8K_SUBMISSIONS+LOPUCKI,11,7389,1,3
1397057,Morgan Stanley Mortgage Loan Trust 2007-7AX,1,2007-08-10,2007-08-10,,,0,8K_SUBMISSIONS,,6189.0,1,1
1397396,"CMR Mortgage Fund II, LLC",1,2009-04-01,2009-04-01,,,0,8K_FTS+8K_SUBMISSIONS,,6162,1,2
1397403,IMH Financial Corp,1,2020-07-23,2020-07-23,,,90,8K_FTS+8K_SUBMISSIONS,,6500,1,6
1397516,REX ENERGY CORP,1,2018-05-18,2018-05-18,2018-05-18,0,180,8K_FTS+8K_SUBMISSIONS+LOPUCKI,11,1311,1,7
1397518,Banc of America Funding 2007-4 Trust,1,2007-08-10,2007-08-10,,,0,8K_SUBMISSIONS,,6189.0,1,1
1397867,Global Aviation Holdings Inc. (2012),1,2012-02-05,2012-02-06,2012-02-05,1,1,8K_FTS+8K_SUBMISSIONS+LOPUCKI,11,4522,1,3
1397867,Global Aviation Holdings Inc. (2013),2,2013-11-12,,2013-11-12,,0,LOPUCKI,11,4522,1,1
1398201,Lehman XS Trust Series 2007-7N,1,2007-08-08,2007-08-08,,,0,8K_SUBMISSIONS,,6189.0,1,1
1398424,C-BASS 2007-CB5 Trust,1,2007-12-06,2007-12-06,,,0,8K_SUBMISSIONS,,6189.0,1,1
1398425,Banc of America Funding 2007-D Trust,1,2007-08-10,2007-08-10,,,0,8K_SUBMISSIONS,,6189.0,1,1
1398650,J.P. Morgan Alternative Loan Trust 2007-S1,1,2007-08-10,2007-08-10,,,0,8K_SUBMISSIONS,,6189.0,1,1
1398702,"Electronic Cigarettes International Group, Ltd.",1,2017-03-16,2017-03-16,,,0,8K_FTS+8K_SUBMISSIONS,,2111,1,2
1399234,American Home Mortgage Assets Trust 2007-3,1,2007-08-10,2007-08-10,,,0,8K_SUBMISSIONS,,6189.0,1,1
1399246,J.P. Morgan Mortgage Trust 2007-S2,1,2007-08-10,2007-08-10,,,0,8K_SUBMISSIONS,,6189.0,1,1
1399311,Renaissance Home Equity Loan Trust 2007-2,1,2007-12-21,2007-12-21,,,0,8K_SUBMISSIONS,,6189.0,1,1
1399541,Atlas Resources Public #17-2008 (B) L.P.,1,2016-07-28,2016-07-28,,,0,8K_FTS+8K_SUBMISSIONS,,1311,1,2
1399542,Atlas Resources Public #17-2007 (A) L.P.,1,2016-07-28,2016-07-28,,,0,8K_FTS+8K_SUBMISSIONS,,1311,1,2
1399935,Francesca's Holdings CORP,1,2020-12-04,2020-12-04,,,241,8K_FTS+8K_SUBMISSIONS,,5600,1,8
1400000,"ABAKAN, INC",1,2015-09-25,2015-09-25,,,118,8K_FTS+8K_SUBMISSIONS,,3470,1,8
1400122,HSI Asset Loan Obligation Trust 2007-1,1,2007-08-09,2007-08-09,,,0,8K_SUBMISSIONS,,6189.0,1,1
1400323,American Home Mortgage Assets Trust 2007-4,1,2007-08-10,2007-08-10,,,0,8K_SUBMISSIONS,,6189.0,1,1
1400428,Alliance Bancorp Trust 2007-OA1,1,2007-07-19,2007-07-19,,,0,8K_SUBMISSIONS,,6189.0,1,1
1400891,"iHeartMedia, Inc.",1,2018-03-14,2018-03-15,2018-03-14,1,320,8K_FTS+8K_SUBMISSIONS+LOPUCKI,11,4832,1,5
1401106,MF Global Holdings Ltd.,1,2011-10-31,2011-11-03,2011-10-31,3,53,8K_FTS+8K_SUBMISSIONS+LOPUCKI,11,6200,1,7
1401106,MF Global Holdings Ltd.,2,2013-04-11,2013-04-11,,,27,8K_FTS+8K_SUBMISSIONS,,6200,1,4
1401131,Morgan Stanley Mortgage Loan Trust 2007-8XS,1,2007-08-10,2007-08-10,,,0,8K_SUBMISSIONS,,6189.0,1,1
1401300,"Tropicana Entertainment, LLC",1,2008-05-06,2008-05-06,,,3,8K_SUBMISSIONS,,7011.0,1,2
1401708,NanoString Technologies Inc,1,2024-02-05,2024-02-05,,,142,8K_FTS+8K_SUBMISSIONS,,2836,1,6
1402281,Erin Energy Corp.,1,2018-04-26,2018-04-26,,,0,8K_FTS+8K_SUBMISSIONS,,1381,1,2
1402364,"Ultimate Escapes, Inc.",1,2010-09-20,2010-09-20,,,0,8K_FTS+8K_SUBMISSIONS,,7011,1,2
1402479,"MedAvail Holdings, Inc.  (MDVLQ)",1,2024-02-02,2024-02-02,,,0,8K_FTS+8K_SUBMISSIONS,,5912,1,2
1403085,"JRjr33, Inc.",1,2018-07-06,2018-07-06,,,0,8K_FTS+8K_SUBMISSIONS,,5960,1,2
1403433,"America Greener Technologies, Inc.",1,2017-04-24,2017-04-24,,,0,8K_FTS+8K_SUBMISSIONS,,1700,1,2
1403651,HarborView 2007-5,1,2007-08-10,2007-08-10,,,0,8K_SUBMISSIONS,,6189.0,1,1
1403802,"SPINDLE, INC.",1,2019-03-29,2019-03-29,,,0,8K_FTS+8K_SUBMISSIONS,,7389,1,2
1403853,"Nuverra Environmental Solutions, Inc.",1,2017-05-01,2017-05-01,2017-05-01,0,91,8K_FTS+8K_SUBMISSIONS+LOPUCKI,11,1389,1,5
1403922,American Home Mortgage Assets Trust 2007-5,1,2007-08-10,2007-08-10,,,0,8K_SUBMISSIONS,,6189.0,1,1
1404079,Samson Oil & Gas LTD,1,2021-02-02,2021-02-02,,,0,8K_FTS+8K_SUBMISSIONS,,1381,1,2
1404438,"Primus Telecommunications IHC, Inc.",1,2009-03-16,2009-03-16,,,74,8K_FTS+8K_SUBMISSIONS,,4813,1,8
1404831,Columbia Properties Vicksburg LLC,1,2008-05-06,2008-05-06,,,3,8K_SUBMISSIONS,,,1,2
1404834,CP Laughlin Realty LLC,1,2008-05-06,2008-05-06,,,3,8K_SUBMISSIONS,,,1,2
1404839,Tropicana Finance Corp,1,2008-05-06,2008-05-06,,,3,8K_SUBMISSIONS,,,1,2
1404940,JMBS Casino LLC,1,2008-05-06,2008-05-06,,,3,8K_SUBMISSIONS,,,1,2
1405041,Momentive Performance Materials Inc.,1,2014-04-13,2014-04-15,2014-04-13,2,198,8K_FTS+8K_SUBMISSIONS+LOPUCKI,11,2860,1,5
1405073,Approach Resources Inc.,1,2019-11-18,2019-11-19,2019-11-18,1,409,8K_FTS+8K_SUBMISSIONS+LOPUCKI,11,1311,1,17
1405419,GULFSTREAM INTERNATIONAL GROUP INC,1,2010-11-05,2010-11-05,,,0,8K_FTS+8K_SUBMISSIONS,,4512,1,2
1405424,VISION INDUSTRIES CORP,1,2014-09-25,2014-09-25,,,75,8K_FTS+8K_SUBMISSIONS,,3537,1,4
1406081,Guaranty Financial Group Inc.,1,2009-08-24,2009-08-24,2009-08-27,-3,9,8K_FTS+8K_SUBMISSIONS+LOPUCKI,11,6035,1,5
1406081,Guaranty Financial Group Inc.,2,2011-05-13,2011-05-13,,,0,8K_FTS+8K_SUBMISSIONS,,6035,1,2
1406223,Lehman XS Trust Series 2007-15N,1,2007-08-08,2007-08-08,,,0,8K_SUBMISSIONS,,6189.0,1,1
1406508,Capmark Financial Group Inc.,1,2009-10-25,,2009-10-25,,0,LOPUCKI,11,6199,1,1
1406574,"SINOHUB, INC.",1,2011-01-03,2011-01-03,,,0,8K_FTS+8K_SUBMISSIONS,,5065,1,2
1406911,J.P. Morgan Mortgage Trust 2007-S3,1,2007-08-10,2007-08-10,,,0,8K_SUBMISSIONS,,6189.0,1,1
1407190,Violin Memory Inc,1,2016-12-19,2016-12-19,,,123,8K_FTS+8K_SUBMISSIONS,,3572,1,8
1407703,FirstEnergy Solutions Corp.,1,2018-03-31,2018-04-02,2018-03-31,2,2,8K_FTS+8K_SUBMISSIONS+LOPUCKI,11,4911,1,3
1407805,ROCKIES REGION 2007 LP,1,2018-11-05,2018-11-05,,,0,8K_FTS+8K_SUBMISSIONS,,1311,1,2
1409136,"Yippy, Inc.",1,2010-02-01,2010-02-01,,,0,8K_SUBMISSIONS,,7372.0,1,1
1409916,Nobilis Health Corp.,1,2019-09-27,2019-09-27,2019-10-21,-24,24,8K_FTS+8K_SUBMISSIONS+LOPUCKI,7,8062,1,3
1410056,"GreenHunter Resources, Inc.",1,2016-03-04,2016-03-04,,,68,8K_FTS+8K_SUBMISSIONS,,2860,1,4
1410177,Renaissance Home Equity Loan Trust 2007-3,1,2007-12-21,2007-12-21,,,0,8K_SUBMISSIONS,,6189.0,1,1
1410402,FX Real Estate & Entertainment Inc.,1,2009-06-25,2009-06-25,,,508,8K_FTS+8K_SUBMISSIONS,,6500,1,12
1410637,"RHI Entertainment, Inc.",1,2010-12-10,2010-12-13,2010-12-10,3,3,8K_FTS+8K_SUBMISSIONS+LOPUCKI,11,7812,1,3
1410711,"Armco Metals Holdings, Inc.",1,2016-07-12,2016-07-12,,,0,8K_FTS+8K_SUBMISSIONS,,5050,1,2
1411688,"Container Store Group, Inc.  (TCS, TCSG)",1,2024-12-23,2024-12-23,,,37,8K_FTS+8K_SUBMISSIONS,,5700,1,4
1412347,"Westmoreland Resource Partners, LP",1,2018-10-09,2018-10-09,,,0,8K_FTS+8K_SUBMISSIONS,,1221,1,2
1413754,"MARIZYME, INC.",1,2026-04-17,2026-04-17,,,0,8K_SUBMISSIONS,,3841.0,1,1
1413909,DSG Global Inc.,1,2025-08-28,2025-08-28,,,0,8K_SUBMISSIONS,,7373.0,1,1
1415404,EchoStar CORP,1,2026-08-03,2026-08-03,,,0,8K_SUBMISSIONS,,4899.0,1,1
1415684,MusclePharm Corp,1,2023-01-09,2023-01-09,,,2,8K_FTS+8K_SUBMISSIONS,,2834.0,1,3
1416712,"IRON MINING GROUP, INC.",1,2011-08-30,2011-08-30,,,0,8K_FTS+8K_SUBMISSIONS,,8742,1,2
1418100,Avaya Holdings Corp.,1,2023-02-14,2023-02-14,,,0,8K_FTS+8K_SUBMISSIONS,,7372,1,2
1418115,Verity Corp.,1,2016-05-16,2016-05-16,,,0,8K_FTS+8K_SUBMISSIONS,,0200,1,2
1418862,Kior Inc,1,2014-11-10,2014-11-10,,,0,8K_FTS+8K_SUBMISSIONS,,2860,1,2
1419428,Vantage Drilling CO,1,2015-12-03,2015-12-03,,,70,8K_FTS+8K_SUBMISSIONS,,1381,1,6
14195,BRIGGS & STRATTON CORP,1,2020-07-20,2020-07-20,2020-07-20,0,0,8K_FTS+8K_SUBMISSIONS+LOPUCKI,11,3510,1,3
1419852,Mattress Firm Holding Corp.,1,2018-10-05,,2018-10-05,,0,LOPUCKI,11,5712,1,1
1421105,BNC CORP Mortgage Loan Trust 2007-BNC4,1,2008-09-18,2008-09-18,,,20,8K_SUBMISSIONS,,6189.0,1,2
1421182,Verso Corp,1,2016-01-26,2016-01-26,2016-01-26,0,150,8K_FTS+8K_SUBMISSIONS+LOPUCKI,11,2621,1,5
1421481,"FUTUREIT, INC.",1,2009-12-08,2009-12-08,,,104,8K_FTS+8K_SUBMISSIONS,,7372,1,4
1421601,"WESTMOUNTAIN GOLD, INC.",1,2017-03-07,2017-03-07,,,0,8K_FTS+8K_SUBMISSIONS,,1040,1,2
1421732,Structured Asset Securities CORP Mortgage Loan Trust 2007-BC4,1,2008-09-18,2008-09-18,,,0,8K_SUBMISSIONS,,6189.0,1,1
1422105,Noranda Aluminum Holding Corporation,1,2016-02-08,,2016-02-08,,0,LOPUCKI,11,3334,1,1
1422109,"Blue Earth, Inc.",1,2016-03-24,2016-03-24,,,123,8K_FTS+8K_SUBMISSIONS,,4991,1,6
1423107,"BOLDFACE GROUP, INC.",1,2014-09-08,2014-09-08,,,0,8K_FTS+8K_SUBMISSIONS,,5912,1,2
1424328,MULTIMEDIA PLATFORMS INC.,1,2016-10-05,2016-10-05,,,0,8K_FTS+8K_SUBMISSIONS,,7372,1,2
1425053,Wells Fargo Mortgage Backed Securities 2008-AR2 Trust,1,2008-10-09,2008-10-09,,,0,8K_SUBMISSIONS,,6189.0,1,1
1425319,"Otter Tail Ag Enterprises, LLC",1,2009-11-02,2009-11-02,,,0,8K_FTS+8K_SUBMISSIONS,,2860,1,2
1426082,Lehman Mortgage Trust 2008-2,1,2008-09-18,2008-09-18,,,0,8K_SUBMISSIONS,,6189.0,1,1
1426383,BCAP LLC Trust 2008-IND1,1,2008-07-16,2008-07-16,,,0,8K_SUBMISSIONS,,6189.0,1,1
1429386,"PHASERX, INC.",1,2017-12-13,2017-12-13,,,0,8K_FTS+8K_SUBMISSIONS,,2834,1,2
1429896,"ACTIVECARE, INC.",1,2018-07-17,2018-07-17,,,1,8K_FTS+8K_SUBMISSIONS,,3669,1,4
1430996,Structured Adjustable Rate Mortgage Loan Trust Series 2008-1,1,2008-09-18,2008-09-18,,,20,8K_SUBMISSIONS,,6189.0,1,2
1431095,BCAP LLC Trust 2008-IND2,1,2008-07-16,2008-07-16,,,0,8K_SUBMISSIONS,,6189.0,1,1
1431372,Gastar Exploration Inc.,1,2018-10-31,2018-11-01,2018-10-31,1,58,8K_FTS+8K_SUBMISSIONS+LOPUCKI,11,1311,1,7
1431888,"AVT, Inc.",1,2015-05-04,2015-05-04,,,0,8K_FTS+8K_SUBMISSIONS,,3580,1,2
1431959,META MATERIALS INC.  (MMATQ),1,2024-08-09,2024-08-09,,,0,8K_FTS+8K_SUBMISSIONS,,3674,1,2
1432985,Atlas Resources Public #18-2009 (B) L.P.,1,2016-07-28,2016-07-28,,,0,8K_FTS+8K_SUBMISSIONS,,1311,1,2
1432987,Atlas Resources Public #18-2008 (A) L.P.,1,2016-07-28,2016-07-28,,,0,8K_FTS+8K_SUBMISSIONS,,1311,1,2
1433833,Atlas Resources Public #18-2009 (C) L.P.,1,2016-07-28,2016-07-28,,,0,8K_FTS+8K_SUBMISSIONS,,1311,1,2
1434589,T3M INC.,1,2017-05-19,2017-05-19,,,0,8K_FTS+8K_SUBMISSIONS,,3711,1,2
1434621,"LendingTree, Inc.  (TREE)",1,2019-07-25,2019-07-25,,,0,8K_FTS+8K_SUBMISSIONS,,6163,1,2
1434842,Forbes Energy Services Ltd.,1,2017-01-22,2017-01-23,2017-01-22,1,68,8K_FTS+8K_SUBMISSIONS+LOPUCKI,11,1389,1,5
1434893,CURAXIS PHARMACEUTICAL Corp,1,2012-07-30,2012-07-30,,,0,8K_FTS+8K_SUBMISSIONS,,2834,1,2
1435181,Pharmagreen Biotech Inc.  (PHBI),1,2020-08-12,2020-08-12,,,0,8K_FTS+8K_SUBMISSIONS,,4581,1,2
1436161,United Cannabis Corp,1,2020-04-24,2020-04-24,,,0,8K_FTS+8K_SUBMISSIONS,,2834,1,2
1436164,"Oryon Technologies, Inc.",1,2014-05-08,2014-05-08,,,217,8K_FTS+8K_SUBMISSIONS,,3640,1,6
1436222,Structured Adjustable Rate Mortgage Loan Trust Series 2008-2,1,2008-09-18,2008-09-18,,,20,8K_SUBMISSIONS,,6189.0,1,2
1436329,Lehman Mortgage Trust 2008-3,1,2008-09-18,2008-09-18,,,0,8K_SUBMISSIONS,,6189.0,1,1
1437073,Lehman Mortgage Trust 2008-4,1,2008-09-18,2008-09-18,,,0,8K_SUBMISSIONS,,6189.0,1,1
1437106,"Ascent Capital Group, Inc.",1,2019-07-01,2019-07-01,,,43,8K_FTS+8K_SUBMISSIONS,,7380,1,4
1437557,"LILIS ENERGY, INC.",1,2020-06-29,2020-06-29,,,161,8K_FTS+8K_SUBMISSIONS,,1311,1,8
1438901,"Auto Parts 4Less Group, Inc.",1,2025-02-05,2025-02-05,,,0,8K_FTS+8K_SUBMISSIONS,,7389,1,2
1439133,"Windstream Technologies, Inc.",1,2013-08-16,2013-08-16,,,0,8K_SUBMISSIONS,,3612.0,1,1
1439600,"Local Insight Regatta Holdings, Inc.",1,2010-11-17,2010-11-18,2010-11-17,1,1,8K_FTS+8K_SUBMISSIONS+LOPUCKI,11,2741,1,3
1440153,"Bakhu Holdings, Corp.",1,2016-05-11,2016-05-11,,,0,8K_SUBMISSIONS,,6794.0,1,1
1441567,MModal Inc.,1,2014-03-20,,2014-03-20,,0,LOPUCKI,11,7374,1,1
1441849,CLOUD PEAK ENERGY INC.,1,2019-05-10,2019-05-10,2019-05-10,0,215,8K_FTS+8K_SUBMISSIONS+LOPUCKI,11,1221,1,15
1443002,Lehman Mortgage Trust 2008-6,1,2008-09-18,2008-09-18,,,20,8K_SUBMISSIONS,,6189.0,1,2
1443799,General Maritime Corp / MI,1,2011-11-17,2011-11-17,2011-11-17,0,173,8K_FTS+8K_SUBMISSIONS+LOPUCKI,11,4412,1,5
1443818,"Freedom Environmental Services, Inc.",1,2012-09-28,2012-09-28,,,12,8K_FTS+8K_SUBMISSIONS,,4955,1,4
1444307,ONCOSEC MEDICAL Inc  (ONCSQ),1,2023-06-14,2023-06-14,,,0,8K_FTS+8K_SUBMISSIONS,,2834,1,2
1444310,"AMBICOM HOLDINGS, INC",1,2017-05-05,2017-05-05,,,0,8K_FTS+8K_SUBMISSIONS,,3829,1,2
1445049,Energy Future Competitive Holdings Co LLC,1,2015-12-11,2015-12-11,,,263,8K_FTS+8K_SUBMISSIONS,,4911,1,4
1445146,Energy Future Intermediate Holding CO LLC,1,2015-12-11,2015-12-11,,,263,8K_FTS+8K_SUBMISSIONS,,4911,1,4
1445499,IMPEL PHARMACEUTICALS INC,1,2023-12-20,2023-12-20,,,56,8K_FTS+8K_SUBMISSIONS,,2834,1,4
1446687,"SILVER STAR PROPERTIES REIT, INC",1,2011-07-20,2011-07-20,,,0,8K_SUBMISSIONS,,6500.0,1,1
1446687,"SILVER STAR PROPERTIES REIT, INC",2,2023-09-14,2023-09-14,,,201,8K_FTS+8K_SUBMISSIONS,,6500,1,6
1446687,"SILVER STAR PROPERTIES REIT, INC",3,2026-06-08,2026-06-08,,,0,8K_SUBMISSIONS,,6500.0,1,1
1448064,"RoomStore, Inc.",1,2011-12-16,2011-12-16,,,221,8K_FTS+8K_SUBMISSIONS,,5712,1,4
1450390,BAKKEN RESOURCES INC,1,2018-12-10,2018-12-10,,,149,8K_FTS+8K_SUBMISSIONS,,1311,1,4
1450416,LexaGene Holdings Inc.,1,2023-02-24,2023-02-24,,,0,8K_FTS+8K_SUBMISSIONS,,3841,1,2
1451951,FriendFinder Networks Inc.,1,2013-09-17,2013-12-18,2013-09-17,92,92,8K_FTS+8K_SUBMISSIONS+LOPUCKI,11,7370,1,3
1452206,"Ad Systems Communications, Inc.",1,2010-12-09,2010-12-09,,,0,8K_FTS+8K_SUBMISSIONS,,7389,1,2
1452384,"Seahawk Drilling, Inc.",1,2011-02-11,2011-02-14,2011-02-11,3,234,8K_FTS+8K_SUBMISSIONS+LOPUCKI,11,1381,1,5
1452476,"Sebring Software, Inc.",1,2015-08-27,2015-08-27,,,0,8K_FTS+8K_SUBMISSIONS,,8011,1,2
1454238,"Protective Products of America, Inc.",1,2010-01-14,2010-01-14,,,11,8K_FTS+8K_SUBMISSIONS,,3842,1,4
1454238,"PPOA HOLDING, INC.",2,2011-02-17,2011-02-17,,,0,8K_FTS+8K_SUBMISSIONS,,3842,1,2
1455684,"TPI COMPOSITES, INC  (TPIC)",1,2025-08-15,2025-08-15,,,0,8K_FTS+8K_SUBMISSIONS,,3510,1,2
1455926,IRONCLAD ENCRYPTION Corp,1,2020-09-01,2020-09-01,,,209,8K_FTS+8K_SUBMISSIONS,,7372,1,4
1456212,"BlackRidge Technology International, Inc.",1,2020-03-18,2020-03-18,,,0,8K_FTS+8K_SUBMISSIONS,,7372,1,2
1456455,"PFO Global, Inc.",1,2017-02-06,2017-02-06,,,0,8K_FTS+8K_SUBMISSIONS,,3669,1,2
1456772,"OFFICE PROPERTIES INCOME TRUST  (OPI, OPINL)",1,2025-10-31,2025-10-31,,,235,8K_FTS+8K_SUBMISSIONS,,6500,1,7
1457737,"iHeartMedia Capital I, LLC",1,2018-03-15,2018-03-15,,,0,8K_FTS+8K_SUBMISSIONS,,4813,1,2
1458891,Noble Corp plc,1,2020-07-31,2020-07-31,2020-07-31,0,115,8K_FTS+8K_SUBMISSIONS+LOPUCKI,11,1381,1,5
1459417,"2U, Inc.  (TWOUQ)",1,2024-07-25,2024-07-25,,,47,8K_FTS+8K_SUBMISSIONS,,7372,1,4
1459482,"Chineseinvestors.com, Inc.",1,2020-06-19,2020-06-19,,,278,8K_FTS+8K_SUBMISSIONS,,8200,1,6
1461993,"MELINTA THERAPEUTICS, INC. /NEW/",1,2019-12-27,2019-12-27,2019-12-27,0,115,8K_FTS+8K_SUBMISSIONS+LOPUCKI,11,2834,1,7
1464865,"Lone Star Gold, Inc.  (ASII)",1,2018-02-08,2018-02-08,,,0,8K_FTS+8K_SUBMISSIONS,,1000,1,2
1465470,NaturalShrimp Inc  (SHMP),1,2024-09-13,2024-09-13,,,158,8K_FTS+8K_SUBMISSIONS,,0900,1,4
1465872,VANTAGE DRILLING INTERNATIONAL  (VTDRF),1,2016-02-17,2016-02-17,,,0,8K_FTS+8K_SUBMISSIONS,,1381,1,2
1466301,"Clovis Oncology, Inc.",1,2022-12-11,2022-12-13,2022-12-11,2,212,8K_FTS+8K_SUBMISSIONS+LOPUCKI,11,2834,1,5
1467154,"Novan, Inc.",1,2023-07-17,2023-07-17,,,289,8K_FTS+8K_SUBMISSIONS,,2834,1,6
1467761,"FiEE, Inc.",1,2021-03-15,2021-03-15,,,0,8K_SUBMISSIONS,,3661.0,1,1
1471261,"Cobalt International Energy, Inc.",1,2017-12-14,2017-12-14,2017-12-14,0,0,8K_FTS+8K_SUBMISSIONS+LOPUCKI,11,1311,1,3
1473061,PostRock Energy Corp,1,2016-04-01,2016-04-01,,,0,8K_FTS+8K_SUBMISSIONS,,1311,1,2
1475273,"SOUPMAN, INC.",1,2017-06-16,2017-06-16,,,124,8K_FTS+8K_SUBMISSIONS,,5960,1,6
1475899,Sable Natural Resources Corp,1,2015-09-03,2015-09-03,,,0,8K_FTS+8K_SUBMISSIONS,,1311,1,2
1476170,Unilife Corp,1,2017-04-12,2017-04-12,,,0,8K_FTS+8K_SUBMISSIONS,,3841,1,2
1476719,"Crumbs Bake Shop, Inc.",1,2014-07-16,2014-07-16,,,0,8K_FTS+8K_SUBMISSIONS,,5400,1,2
1477472,"Active Health Foods, Inc.",1,2015-12-14,2015-12-14,,,0,8K_FTS+8K_SUBMISSIONS,,2060,1,2
1477961,"Latitude Solutions, Inc.",1,2012-11-13,2012-11-13,,,0,8K_FTS+8K_SUBMISSIONS,,3669,1,2
1478069,CONTRAFECT Corp  (CFRXQ),1,2023-12-05,2023-12-05,,,0,8K_FTS+8K_SUBMISSIONS,,2834,1,2
1479920,TBS International plc,1,2012-02-06,2012-02-08,2012-02-06,2,57,8K_FTS+8K_SUBMISSIONS+LOPUCKI,11,4412,1,5
1483510,"EXPRESS, INC.  (EXPRQ)",1,2024-04-22,2024-04-22,,,0,8K_FTS+8K_SUBMISSIONS,,5600,1,2
1486159,"Oasis Petroleum Inc.  (CHRD, OASPW, WLLAW, WLLBW)",1,2020-09-30,2020-09-30,2020-09-30,0,44,8K_FTS+8K_SUBMISSIONS+LOPUCKI,11,1311,1,5
1487561,Atlas Resources Series 28-2010 L.P.,1,2016-07-28,2016-07-28,,,0,8K_FTS+8K_SUBMISSIONS,,1311,1,2
1487920,USA Synthetic Fuel Corp,1,2015-03-23,2015-03-23,,,144,8K_FTS+8K_SUBMISSIONS,,4924,1,4
1488591,"COVENANT BANCSHARES, INC.",1,2013-02-21,2013-02-21,,,0,8K_FTS+8K_SUBMISSIONS,,6022,1,2
1489137,"Molycorp, Inc.",1,2015-06-25,2015-06-30,2015-06-25,5,434,8K_FTS+8K_SUBMISSIONS+LOPUCKI,11,1000,1,7
1490165,Erickson Incorporated,1,2016-11-08,2016-11-09,2016-11-08,1,36,8K_FTS+8K_SUBMISSIONS+LOPUCKI,11,3720,1,5
1490636,"Gordmans Stores, Inc.",1,2017-03-13,2017-03-13,,,0,8K_FTS+8K_SUBMISSIONS,,5600,1,2
1490930,"Digital Domain Media Group, Inc.",1,2012-09-12,2012-09-12,,,16,8K_FTS+8K_SUBMISSIONS,,7812,1,4
14920,Brunos Inc.,1,1998-02-02,,1998-02-02,,0,LOPUCKI,11,5411,1,1
1493587,"Luxeyard, Inc.",1,2013-01-09,2013-01-09,,,0,8K_FTS+8K_SUBMISSIONS,,7389,1,2
1494214,"InterCore, Inc.",1,2015-05-13,2015-05-13,,,47,8K_FTS+8K_SUBMISSIONS,,7389,1,4
1494448,"EMERGENT CAPITAL, INC.",1,2018-12-14,2018-12-14,,,192,8K_FTS+8K_SUBMISSIONS,,6311,1,4
1494448,"EMERGENT CAPITAL, INC.",2,2020-10-15,2020-10-15,,,175,8K_FTS+8K_SUBMISSIONS,,6311,1,8
1496268,"REVA Medical, Inc.",1,2020-01-15,2020-01-15,,,0,8K_FTS+8K_SUBMISSIONS,,3842,1,2
1496631,First NBC Bank Holding Co,1,2017-05-04,2017-05-04,2017-05-11,-7,8,8K_FTS+8K_SUBMISSIONS+LOPUCKI,11,6022,1,5
1496818,"STEALTH TECHNOLOGIES, INC.",1,2020-01-30,2020-01-30,,,0,8K_FTS+8K_SUBMISSIONS,,7389,1,2
1497504,PLx Pharma Inc.,1,2023-04-13,2023-04-13,,,160,8K_FTS+8K_SUBMISSIONS,,2834,1,6
1498301,"Ascena Retail Group, Inc.",1,2020-07-23,2020-07-23,2020-07-23,0,228,8K_FTS+8K_SUBMISSIONS+LOPUCKI,11,5600,1,7
1498710,"Spirit Airlines, Inc.  (SAVE)",1,2024-11-18,2024-11-18,,,284,8K_FTS+8K_SUBMISSIONS,,4512,1,6
1499912,"Global Brokerage, Inc.",1,2017-12-11,,2017-12-11,,0,LOPUCKI,11,6200,1,1
1500123,Item 9 Labs Corp.  (INLB),1,2023-07-20,2023-07-20,,,0,8K_FTS+8K_SUBMISSIONS,,3843,1,2
1501134,Invitae Corp,1,2024-02-14,2024-02-14,,,176,8K_FTS+8K_SUBMISSIONS,,8071,1,4
1502034,"GNC Holdings, Inc.",1,2020-06-23,2020-06-24,2020-06-23,1,1,8K_FTS+8K_SUBMISSIONS+LOPUCKI,11,5400,1,3
1503518,"21st Century Oncology Holdings, Inc.",1,2017-05-25,,2017-05-25,,0,LOPUCKI,11,8011,1,1
1503813,RDA Holding Co. (2013),1,2013-02-17,2013-02-19,2013-02-17,2,2,8K_FTS+8K_SUBMISSIONS+LOPUCKI,11,2721,1,3
1504167,"Timber Pharmaceuticals, Inc.",1,2023-11-17,2023-11-17,,,174,8K_FTS+8K_SUBMISSIONS,,2834,1,8
1505497,"BioRestorative Therapies, Inc.  (BRTX)",1,2020-03-20,2020-03-20,,,245,8K_FTS+8K_SUBMISSIONS,,8090,1,10
1505966,SquareTwo Financial Corporation,1,2017-03-19,,2017-03-19,,0,LOPUCKI,11,7320,1,1
1506374,"ARABELLA EXPLORATION, INC.",1,2016-06-22,2016-06-22,,,23,8K_FTS+8K_SUBMISSIONS,,1311,1,4
1506545,Aspect Software Parent Inc.,1,2016-03-09,,2016-03-09,,0,LOPUCKI,11,7371,1,1
1506928,Avinger Inc  (AVGR),1,2025-02-10,2025-02-10,,,0,8K_FTS+8K_SUBMISSIONS,,3841,1,2
1506932,Lone Pine Resources Inc.,1,2013-09-25,2013-09-25,,,112,8K_FTS+8K_SUBMISSIONS,,1311,1,4
1508677,Colt Defense LLC,1,2015-06-15,2015-06-15,,,0,8K_FTS+8K_SUBMISSIONS,,3480,1,2
1509589,"Bonanza Creek Energy, Inc.  (CIVI, CIVII, CIVIW)",1,2017-01-04,2017-01-04,2017-01-04,0,93,8K_FTS+8K_SUBMISSIONS+LOPUCKI,11,1311,1,5
1511139,RAAM Global Energy Company,1,2015-10-26,,2015-10-26,,0,LOPUCKI,11,1311,1,1
1512077,Global Eagle Entertainment Inc.,1,2020-07-22,2020-07-22,2020-07-22,0,2,8K_FTS+8K_SUBMISSIONS+LOPUCKI,11,4899,1,5
1512369,Colt Finance Corp.,1,2015-06-15,2015-06-15,,,0,8K_FTS+8K_SUBMISSIONS,,3480,1,2
1514242,Performance Sports Group Ltd.,1,2016-10-31,2016-10-31,2016-10-31,0,416,8K_FTS+8K_SUBMISSIONS+LOPUCKI,11,3949,1,11
1514443,"HEALTH REVENUE ASSURANCE HOLDINGS, INC.  (AGSS)",1,2014-08-12,2014-08-12,,,0,8K_FTS+8K_SUBMISSIONS,,6411,1,2
1514732,"SAExploration Holdings, Inc.",1,2020-08-28,2020-08-28,,,105,8K_FTS+8K_SUBMISSIONS,,1382,1,4
1516332,"Blue Water Global Group, Inc.",1,2020-11-04,2020-11-04,,,268,8K_FTS+8K_SUBMISSIONS,,5812,1,6
1516479,"Insys Therapeutics, Inc.",1,2019-06-10,2019-06-10,,,0,8K_FTS+8K_SUBMISSIONS,,2834,1,2
1517342,Pacific Drilling S.A. (2020),1,2020-10-30,2020-11-02,2020-10-30,3,3,8K_FTS+8K_SUBMISSIONS+LOPUCKI,11,1381,1,3
1518403,"Alta Mesa Holdings, LP",1,2019-09-12,2019-09-12,,,0,8K_FTS+8K_SUBMISSIONS,,1311,1,2
1518909,"Black Elk Energy Offshore Operations, LLC",1,2014-09-19,2014-09-19,2015-08-11,-326,326,8K_SUBMISSIONS+LOPUCKI,11,1311.0,1,2
1519061,Trinseo PLC,1,2026-05-26,2026-05-26,,,0,8K_SUBMISSIONS,,2821.0,1,1
1519401,Regional Management Corp.,1,2024-06-20,2024-06-20,,,0,8K_SUBMISSIONS,,6141.0,1,1
1521847,Memorial Production Partners LP,1,2017-01-16,2017-01-17,2017-01-16,1,92,8K_FTS+8K_SUBMISSIONS+LOPUCKI,11,1311,1,5
1522690,"GWG Holdings, Inc.",1,2022-04-20,2022-04-20,2022-04-20,0,0,8K_FTS+8K_SUBMISSIONS+LOPUCKI,11,6311,1,3
1522690,"GWG Holdings, Inc.",2,2023-06-26,2023-06-26,,,0,8K_FTS+8K_SUBMISSIONS,,6311,1,2
1525773,Intelsat S.A.,1,2020-05-13,2020-05-14,2020-05-13,1,1,8K_FTS+8K_SUBMISSIONS+LOPUCKI,11,4899,1,3
1525773,Intelsat S.A.,2,2021-12-20,2021-12-20,,,0,8K_FTS+8K_SUBMISSIONS,,4899,1,2
1526689,"Generation NEXT Franchise Brands, Inc.",1,2019-12-18,2019-12-18,,,0,8K_FTS+8K_SUBMISSIONS,,3580,1,2
1526796,"Ignite Restaurant Group, Inc.",1,2017-06-08,2017-06-08,,,0,8K_FTS+8K_SUBMISSIONS,,5812,1,2
1527844,"Globe Photos, Inc.",1,2020-03-25,2020-03-25,,,0,8K_FTS+8K_SUBMISSIONS,,5990,1,2
1528837,Sanchez Energy Corporation,1,2019-08-11,2019-08-12,2019-08-11,1,269,8K_FTS+8K_SUBMISSIONS+LOPUCKI,11,1311,1,5
1529463,"FTS International, Inc.",1,2020-09-22,2020-09-22,2020-09-22,0,0,8K_FTS+8K_SUBMISSIONS+LOPUCKI,11,1389,1,3
1530796,"Milagro Oil & Gas, Inc.",1,2015-07-15,,2015-07-15,,0,LOPUCKI,11,1311,1,1
1532286,"Nine Energy Service, Inc.",1,2026-02-02,2026-02-02,,,36,8K_SUBMISSIONS,,1389.0,1,2
1532288,"Armstrong Energy, Inc.",1,2017-11-01,,2017-11-01,,0,LOPUCKI,11,1221,1,1
1532543,"EveryWare Global, Inc.",1,2015-04-08,2015-04-08,,,0,8K_FTS+8K_SUBMISSIONS,,5020,1,2
1532750,"Atlas Resource Partners, L.P.",1,2016-07-27,2016-07-28,2016-07-27,1,33,8K_FTS+8K_SUBMISSIONS+LOPUCKI,11,1381,1,5
1532930,Seventy Seven Energy Inc.,1,2016-06-07,2016-06-07,2016-06-07,0,43,8K_FTS+8K_SUBMISSIONS+LOPUCKI,11,1389,1,5
1533758,Hughes Satellite Systems Corp,1,2026-08-03,2026-08-03,,,0,8K_SUBMISSIONS,,4899.0,1,1
1533924,"Midstates Petroleum Company, Inc.",1,2016-04-30,2016-05-02,2016-04-30,2,157,8K_FTS+8K_SUBMISSIONS+LOPUCKI,11,1311,1,5
1534287,BioAmber Inc.,1,2018-05-08,2018-05-08,,,0,8K_FTS+8K_SUBMISSIONS,,2860,1,2
1536256,First Capital Real Estate Trust Inc,1,2017-06-02,2017-06-02,,,0,8K_FTS+8K_SUBMISSIONS,,6798,1,2
1536256,First Capital Real Estate Trust Inc,2,2024-09-17,2024-09-17,,,3,8K_FTS+8K_SUBMISSIONS,,6798,1,4
1536577,Medley LLC,1,2021-03-08,2021-03-08,,,121,8K_FTS+8K_SUBMISSIONS,,6282,1,4
1537028,"Independence Contract Drilling, Inc.  (ICDI)",1,2024-12-03,2024-12-03,,,43,8K_FTS+8K_SUBMISSIONS,,1381,1,4
1537561,"Arch Therapeutics, Inc.",1,2025-05-23,2025-05-23,,,0,8K_FTS+8K_SUBMISSIONS,,3841,1,2
1538495,"Earth Science Tech, Inc.  (ETST, UNOV)",1,2019-01-16,2019-01-16,,,0,8K_FTS+8K_SUBMISSIONS,,2834,1,2
1538495,"Earth Science Tech, Inc.  (ETST, UNOV)",2,2021-09-02,2021-09-02,,,274,8K_FTS+8K_SUBMISSIONS,,2834,1,4
1539029,"Clearside Biomedical, Inc.  (CLSD)",1,2025-11-25,2025-11-25,,,34,8K_FTS+8K_SUBMISSIONS,,2834,1,4
1539894,"Atlas Financial Holdings, Inc.  (AFHIF)",1,2022-03-01,2022-03-01,,,8,8K_FTS+8K_SUBMISSIONS,,6331,1,4
1540729,Foresight Energy LP,1,2019-11-04,2019-11-04,2020-03-10,-127,240,8K_FTS+8K_SUBMISSIONS+LOPUCKI,11,1220,1,11
1541354,"Twin Cities Power Holdings, LLC",1,2015-01-22,2015-01-22,,,0,8K_FTS+8K_SUBMISSIONS,,6221,1,2
1541354,ASPIRITY HOLDINGS LLC,2,2017-07-31,2017-07-31,,,0,8K_FTS+8K_SUBMISSIONS,,6221,1,2
1547638,"Southcross Energy Partners, L.P.",1,2019-04-01,,2019-04-01,,0,LOPUCKI,11,4922,1,1
1548691,Samson Resources Corporation,1,2015-09-16,,2015-09-16,,0,LOPUCKI,11,1311,1,1
1549145,"ALLIANCE BIOENERGY PLUS, INC.  (BIOF)",1,2018-10-23,2018-10-23,,,331,8K_FTS+8K_SUBMISSIONS,,2860,1,4
1549756,"LinnCo, LLC",1,2016-05-11,2016-05-11,,,265,8K_FTS+8K_SUBMISSIONS,,1311,1,4
1549848,Hi-Crush Inc.,1,2020-07-12,2020-07-13,2020-07-12,1,79,8K_FTS+8K_SUBMISSIONS+LOPUCKI,11,1400,1,5
1551510,"Revel AC, Inc. (2013)",1,2013-03-25,2013-03-27,2013-03-25,2,2,8K_FTS+8K_SUBMISSIONS+LOPUCKI,11,7011,1,3
1551510,"Revel AC, Inc. (2014)",2,2014-06-19,,2014-06-19,,0,LOPUCKI,11,7011,1,1
1551693,"Sientra, Inc.",1,2024-02-13,2024-02-13,,,133,8K_FTS+8K_SUBMISSIONS,,3842,1,6
1551986,"9 METERS BIOPHARMA, INC.  (NMTRQ)",1,2023-07-18,2023-07-18,,,0,8K_FTS+8K_SUBMISSIONS,,2834,1,2
1552845,Natur International Corp.,1,2019-05-28,2019-05-28,,,0,8K_FTS+8K_SUBMISSIONS,,8082,1,2
1553588,"SFX Entertainment, Inc.",1,2016-02-01,2016-02-05,2016-02-01,4,310,8K_FTS+8K_SUBMISSIONS+LOPUCKI,11,7900,1,5
1554594,A.C. Simmonds & Sons,1,2014-09-09,2014-09-09,,,13,8K_FTS+8K_SUBMISSIONS,,5140,1,4
1554875,"Tintri, Inc.",1,2018-07-10,2018-07-10,,,0,8K_FTS+8K_SUBMISSIONS,,7374,1,2
1554923,Aina Le'a Inc.,1,2017-06-30,2017-06-30,,,0,8K_FTS+8K_SUBMISSIONS,,6500,1,2
1555082,EP Energy LLC,1,2019-10-04,2019-10-04,,,0,8K_FTS+8K_SUBMISSIONS,,1311,1,2
1555177,Emerge Energy Services LP,1,2019-07-17,2019-07-17,,,162,8K_FTS+8K_SUBMISSIONS,,1400,1,4
1555492,Fairway Group Holdings Corp.,1,2016-05-02,2016-05-04,2016-05-02,2,43,8K_FTS+8K_SUBMISSIONS+LOPUCKI,11,5411,1,5
1556739,"DEX MEDIA, INC.  (THRY)",1,2013-05-03,2013-05-03,,,20,8K_FTS+8K_SUBMISSIONS,,7310,1,4
1556739,"Dex Media, Inc. (2016)",2,2016-05-16,,2016-05-16,,0,LOPUCKI,11,7310,1,1
1559998,"Gaucho Group Holdings, Inc.  (VINO)",1,2024-11-12,2024-11-12,,,220,8K_FTS+8K_SUBMISSIONS,,6552,1,10
1560443,New Source Energy Partners L.P.,1,2016-03-15,,2016-03-15,,0,LOPUCKI,7,1311,1,1
1561551,"Enumeral Biomedical Holdings, Inc.",1,2018-01-29,2018-01-29,,,0,8K_FTS+8K_SUBMISSIONS,,2834,1,2
1561880,"Legacy Education Alliance, Inc.  (LEAI)",1,2019-11-21,2019-11-21,,,14,8K_FTS+8K_SUBMISSIONS,,8200,1,4
1561880,"Legacy Education Alliance, Inc.  (LEAI)",2,2021-01-15,2021-01-15,,,55,8K_FTS+8K_SUBMISSIONS,,8200,1,8
1562594,"Liquid Holdings Group, Inc.",1,2016-02-02,2016-02-02,,,9,8K_FTS+8K_SUBMISSIONS,,7372,1,4
1563298,Energy & Water Development Corp  (EAWD),1,2020-05-15,2020-05-15,,,0,8K_FTS+8K_SUBMISSIONS,,3585,1,2
1567892,Mallinckrodt plc,1,2020-10-12,2020-10-13,2020-10-12,1,1,8K_FTS+8K_SUBMISSIONS+LOPUCKI,11,2834,1,3
1567892,Mallinckrodt plc,2,2022-05-03,2022-05-03,,,59,8K_FTS+8K_SUBMISSIONS,,2834,1,4
1567892,Mallinckrodt plc,3,2023-08-28,2023-08-28,,,77,8K_FTS+8K_SUBMISSIONS,,2834,1,6
1568079,PetroShare Corp.,1,2019-09-04,2019-09-04,,,7,8K_FTS+8K_SUBMISSIONS,,1311,1,6
1568832,RCS Capital Corporation,1,2016-01-31,2016-02-04,2016-01-31,4,115,8K_FTS+8K_SUBMISSIONS+LOPUCKI,11,6211,1,5
1571759,"iNeedMD Holdings, Inc.",1,2018-11-26,2018-11-26,,,0,8K_SUBMISSIONS,,3841.0,1,1
1573166,"Jones Energy, Inc.",1,2019-04-14,2019-04-15,2019-04-14,1,23,8K_FTS+8K_SUBMISSIONS+LOPUCKI,11,1311,1,5
1574300,"Content Checked Holdings, Inc.",1,2017-05-26,2017-05-26,,,0,8K_FTS+8K_SUBMISSIONS,,7372,1,2
1575360,"FTD Companies, Inc.",1,2019-06-03,2019-06-05,2019-06-03,2,213,8K_FTS+8K_SUBMISSIONS+LOPUCKI,11,5960,1,7
1575599,"Azure Midstream Partners, LP",1,2017-01-30,2017-01-31,2017-01-30,1,50,8K_FTS+8K_SUBMISSIONS+LOPUCKI,11,4922,1,5
1576778,"UBL Interactive,Inc.",1,2018-01-26,2018-01-26,,,0,8K_FTS+8K_SUBMISSIONS,,7389,1,2
1577095,"ClubCorp Holdings, Inc.",1,2017-09-18,2017-09-18,,,0,8K_SUBMISSIONS,,7997.0,1,1
1578742,"GPB Automotive Portfolio, LP",1,2023-12-13,2023-12-13,,,358,8K_FTS+8K_SUBMISSIONS,,5500,1,4
1579010,"Life On Earth, Inc.",1,2019-11-05,2019-11-05,,,98,8K_FTS+8K_SUBMISSIONS,,2080,1,3
1579252,"Jason Industries, Inc.",1,2020-06-24,2020-06-24,2020-06-24,0,64,8K_FTS+8K_SUBMISSIONS+LOPUCKI,11,3990,1,5
1579823,"NewAge, Inc.",1,2022-08-30,2022-08-30,2022-08-30,0,0,8K_FTS+8K_SUBMISSIONS+LOPUCKI,11,2082,1,3
1580063,"BIORA THERAPEUTICS, INC.  (BIOR)",1,2024-12-30,2024-12-30,,,0,8K_FTS+8K_SUBMISSIONS,,2834,1,2
1580185,J.G. Wentworth Co,1,2017-12-12,2017-12-12,2017-12-12,0,0,8K_FTS+8K_SUBMISSIONS+LOPUCKI,11,6199,1,3
1580864,"Vroom, Inc.  (VRM)",1,2024-11-13,2024-11-13,,,63,8K_FTS+8K_SUBMISSIONS,,5500,1,4
1581312,"Core Resource Management, Inc.",1,2016-07-07,2016-07-07,,,0,8K_FTS+8K_SUBMISSIONS,,1382,1,2
1581545,"GL Brands, Inc.",1,2020-12-21,2020-12-21,,,0,8K_FTS+8K_SUBMISSIONS,,2833,1,2
1582054,MILLENNIUM HEALTHCARE INC.,1,2016-03-01,2016-03-01,,,0,8K_FTS+8K_SUBMISSIONS,,5047,1,2
1582919,Flitways Technology Inc.,1,2018-10-15,2018-10-15,,,0,8K_FTS+8K_SUBMISSIONS,,7389,1,2
1582919,Flitways Technology Inc.,2,2020-11-03,2020-11-03,,,269,8K_FTS+8K_SUBMISSIONS,,7389,1,6
1583077,"Hospitality Investors Trust, Inc.",1,2021-05-19,2021-05-19,2021-05-19,0,43,8K_FTS+8K_SUBMISSIONS+LOPUCKI,11,6798,1,5
1584701,Tops Holding II Corporation,1,2018-02-21,,2018-02-21,,0,LOPUCKI,11,5411,1,1
1584754,"Akoustis Technologies, Inc.  (AKTS)",1,2024-12-16,2024-12-16,,,0,8K_FTS+8K_SUBMISSIONS,,3661,1,2
1584952,EP Energy Corporation (EP Energy LLC),1,2019-10-03,2019-10-04,2019-10-03,1,1,8K_FTS+8K_SUBMISSIONS+LOPUCKI,11,1311,1,3
1585644,"WINDSTREAM SERVICES, LLC",1,2019-02-28,2019-02-28,,,0,8K_FTS+8K_SUBMISSIONS,,4813,1,2
1585644,"WINDSTREAM SERVICES, LLC",2,2020-07-01,2020-07-01,,,83,8K_FTS+8K_SUBMISSIONS,,4813,1,4
1586105,Egalet Corp,1,2018-10-31,2018-10-31,,,93,8K_FTS+8K_SUBMISSIONS,,2834,1,6
1586300,CHC Group Ltd.,1,2016-05-05,2016-05-05,2016-05-05,0,305,8K_FTS+8K_SUBMISSIONS+LOPUCKI,11,4522,1,5
1586988,CSA HOLDINGS INC.,1,2018-04-30,2018-04-30,,,0,8K_FTS+8K_SUBMISSIONS,,3730,1,2
1587221,Zosano Pharma Corp,1,2022-06-02,2022-06-02,,,0,8K_FTS+8K_SUBMISSIONS,,2834,1,2
1587246,"Cypress Environmental Partners, L.P.",1,2022-05-11,2022-05-11,,,0,8K_FTS+8K_SUBMISSIONS,,7389,1,2
1588242,DENVER PARENT Corp,1,2016-03-24,2016-03-24,,,0,8K_FTS+8K_SUBMISSIONS,,1311,1,2
1592057,Enviva Inc.  (EVA),1,2024-03-13,2024-03-13,,,2,8K_FTS+8K_SUBMISSIONS,,2400,1,4
1592058,Party City Holdco Inc.,1,2023-01-18,2023-01-18,,,231,8K_FTS+8K_SUBMISSIONS,,5900,1,4
1593034,Endo International plc,1,2022-08-16,2022-08-17,2022-08-16,1,1,8K_FTS+8K_SUBMISSIONS+LOPUCKI,11,2834,1,3
1593034,Endo International plc,2,2024-03-25,2024-03-25,,,24,8K_FTS+8K_SUBMISSIONS,,2834,1,4
1593470,"Tiger Reef, Inc.",1,2020-11-04,2020-11-04,,,268,8K_FTS+8K_SUBMISSIONS,,4991,1,6
1594590,Paragon Offshore plc,1,2016-02-14,2016-02-16,2016-02-14,2,2,8K_FTS+8K_SUBMISSIONS+LOPUCKI,11,1381,1,3
1594590,PARAGON OFFSHORE PLC,2,2017-05-17,2017-05-17,2017-07-20,-64,64,8K_FTS+8K_SUBMISSIONS+LOPUCKI,11,1381,1,7
1594686,"Washington Prime Group Inc. (Washington Prime Group, L.P.)",1,2021-06-13,2021-06-14,2021-06-13,1,86,8K_FTS+8K_SUBMISSIONS+LOPUCKI,11,6798,1,5
1595585,"Tricida, Inc.",1,2023-01-12,2023-01-12,,,152,8K_FTS+8K_SUBMISSIONS,,2834,1,6
1596946,Quotient Ltd,1,2023-01-10,2023-01-10,,,43,8K_FTS+8K_SUBMISSIONS,,2835,1,4
1597313,"ViewRay, Inc.  (VRAYQ)",1,2023-07-17,2023-07-17,,,0,8K_FTS+8K_SUBMISSIONS,,3845,1,2
1600847,Gamida Cell Ltd.,1,2024-04-22,2024-04-22,,,0,8K_FTS+8K_SUBMISSIONS,,2836,1,2
1602367,Adeptus Health Inc.,1,2017-04-19,2017-04-20,2017-04-19,1,166,8K_FTS+8K_SUBMISSIONS+LOPUCKI,11,8060,1,5
1602381,MOMENTOUS ENTERTAINMENT GROUP INC,1,2017-10-06,2017-10-06,,,0,8K_FTS+8K_SUBMISSIONS,,7819,1,2
1603207,"Notable Labs, Ltd.  (NTBL)",1,2024-10-15,2024-10-15,,,0,8K_FTS+8K_SUBMISSIONS,,2834,1,2
1603923,Weatherford International plc,1,2019-07-01,2019-07-02,2019-07-01,1,74,8K_FTS+8K_SUBMISSIONS+LOPUCKI,11,3533,1,5
1606180,"AAC Holdings, Inc.",1,2020-06-20,2020-06-25,2020-06-20,5,5,8K_FTS+8K_SUBMISSIONS+LOPUCKI,11,8093,1,3
1609253,California Resources Corporation,1,2020-07-15,2020-07-16,2020-07-15,1,96,8K_FTS+8K_SUBMISSIONS+LOPUCKI,11,1311,1,5
16104,CAGLES INC,1,2011-10-20,2011-10-20,,,0,8K_FTS+8K_SUBMISSIONS,,2015,1,2
1610911,"Washington Prime Group, L.P.",1,2021-06-14,2021-06-14,,,85,8K_FTS+8K_SUBMISSIONS,,6798,1,4
1613011,Code Rebel Corp,1,2016-05-19,2016-05-19,,,0,8K_FTS+8K_SUBMISSIONS,,7372,1,2
1615817,C&J Energy Services Ltd.,1,2016-07-20,2016-07-21,2016-07-20,1,155,8K_FTS+8K_SUBMISSIONS+LOPUCKI,11,1389,1,5
1616318,Vista Outdoor Inc.,1,2024-11-27,2024-11-27,,,0,8K_SUBMISSIONS,,3480.0,1,1
1617669,"Unique Fabricating, Inc.  (UFABQ)",1,2023-11-08,2023-11-08,,,0,8K_FTS+8K_SUBMISSIONS,,3714,1,2
1619250,Valeritas Holdings Inc.,1,2020-02-10,2020-02-10,,,52,8K_FTS+8K_SUBMISSIONS,,3841,1,6
1619917,"Patriot National, Inc.",1,2018-01-30,,2018-01-30,,0,LOPUCKI,11,6411,1,1
1622244,"One World Products, Inc.  (OWPC)",1,2024-01-19,2024-01-19,,,0,8K_FTS+8K_SUBMISSIONS,,2834,1,2
1623595,"Atlas Energy Group, LLC",1,2016-07-28,2016-07-28,,,0,8K_FTS+8K_SUBMISSIONS,,1311,1,2
1624658,"Allena Pharmaceuticals, Inc.",1,2022-09-02,2022-09-02,,,0,8K_FTS+8K_SUBMISSIONS,,2836,1,2
1627606,DAVIDsTEA Inc.  (DTEAF),1,2020-07-09,2020-07-09,,,347,8K_FTS+8K_SUBMISSIONS,,5400,1,18
1628945,Cue Health Inc.  (HLTHQ),1,2024-05-28,2024-05-28,,,0,8K_FTS+8K_SUBMISSIONS,,3826,1,2
1634447,"ISUN, INC.  (ISUNQ)",1,2024-06-07,2024-06-07,,,0,8K_FTS+8K_SUBMISSIONS,,3674,1,2
1636509,"Vitalibis, Inc.",1,2020-06-16,2020-06-16,,,0,8K_FTS+8K_SUBMISSIONS,,6799,1,2
1640265,"GPB Holdings II, LP",1,2023-12-13,2023-12-13,,,358,8K_FTS+8K_SUBMISSIONS,,8742,1,4
1643988,"Loop Media, Inc.  (LPTV)",1,2025-10-20,2025-10-20,,,0,8K_FTS+8K_SUBMISSIONS,,7363,1,2
1648428,"Sequential Brands Group, Inc.",1,2021-08-31,2021-09-01,2021-08-31,1,190,8K_FTS+8K_SUBMISSIONS+LOPUCKI,11,2300,1,7
1648893,Nuvectra Corp,1,2019-11-13,2019-11-13,,,0,8K_FTS+8K_SUBMISSIONS,,3841,1,2
1650445,Quorum Health Corp,1,2020-04-07,2020-04-07,2020-04-07,0,91,8K_FTS+8K_SUBMISSIONS+LOPUCKI,11,8062,1,5
1651944,"DermTech, Inc.  (DMTKQ)",1,2024-06-18,2024-06-18,,,0,8K_FTS+8K_SUBMISSIONS,,8071,1,2
1652724,"Lucira Health, Inc.",1,2023-02-22,2023-02-22,,,215,8K_FTS+8K_SUBMISSIONS,,2835,1,4
1653247,Waitr Holdings Inc.  (ASAPQ),1,2024-04-02,2024-04-02,,,0,8K_FTS+8K_SUBMISSIONS,,7389,1,2
1655020,"Extraction Oil & Gas, Inc.",1,2020-06-14,2020-06-15,2020-06-14,1,199,8K_FTS+8K_SUBMISSIONS+LOPUCKI,11,1311,1,5
1655075,"Armstrong Flooring, Inc.",1,2022-05-08,2022-05-12,2022-05-08,4,4,8K_FTS+8K_SUBMISSIONS+LOPUCKI,11,3089,1,3
1656328,"Sienna Biopharmaceuticals, Inc.",1,2019-09-17,2019-09-17,,,0,8K_FTS+8K_SUBMISSIONS,,2834,1,2
1656634,"Gritstone bio, Inc.  (GRTS)",1,2024-10-10,2024-10-10,,,176,8K_FTS+8K_SUBMISSIONS,,2836,1,8
1657853,"Hertz Global Holdings, Inc. (Hertz Corporation)",1,2020-05-22,2020-05-26,2020-05-22,4,4,8K_FTS+8K_SUBMISSIONS+LOPUCKI,11,7510,1,3
1657853,"HERTZ GLOBAL HOLDINGS, INC  (HTZ, HTZWW)",2,2021-06-16,2021-06-16,,,0,8K_FTS+8K_SUBMISSIONS,,7510,1,2
1659122,Rosehill Resources Inc.,1,2020-07-26,2020-07-27,2020-07-26,1,1,8K_FTS+8K_SUBMISSIONS+LOPUCKI,11,1311,1,3
1659183,nDivision Inc.  (NDVNQ),1,2022-06-17,2022-06-17,,,0,8K_FTS+8K_SUBMISSIONS,,7374,1,2
1659323,Iterum Therapeutics plc,1,2026-03-27,2026-03-27,,,0,8K_SUBMISSIONS,,2834.0,1,1
1659352,"Codiak BioSciences, Inc.",1,2023-03-27,2023-03-27,,,0,8K_FTS+8K_SUBMISSIONS,,2836,1,2
1660719,Aralez Pharmaceuticals Inc.,1,2018-08-14,2018-08-14,,,0,8K_FTS+8K_SUBMISSIONS,,2834,1,2
1661920,Lonestar Resources US Inc.,1,2020-09-30,2020-10-01,2020-09-30,1,44,8K_FTS+8K_SUBMISSIONS+LOPUCKI,11,1311,1,5
1669812,"LSC Communications, Inc.",1,2020-04-13,2020-04-13,2020-04-13,0,331,8K_FTS+8K_SUBMISSIONS+LOPUCKI,11,2750,1,5
1672326,"Yuma Energy, Inc.",1,2020-04-16,2020-04-16,,,187,8K_FTS+8K_SUBMISSIONS,,1311,1,4
1675634,"ShiftPixy, Inc.  (PIXY)",1,2024-10-29,2024-10-29,,,0,8K_FTS+8K_SUBMISSIONS,,7361,1,2
1679826,Ping Identity Holding Corp.,1,2022-07-19,2022-07-19,,,0,8K_SUBMISSIONS,,7372.0,1,1
1681941,iFresh Inc,1,2022-09-06,2022-09-06,,,0,8K_FTS+8K_SUBMISSIONS,,5411,1,2
1690769,"Alta Mesa Resources, Inc. (Alta Mesa Holdings, LP)",1,2019-09-11,2019-09-12,2019-09-11,1,6,8K_FTS+8K_SUBMISSIONS+LOPUCKI,11,1311,1,5
1692144,Life Partners Position Holder Trust,1,2021-04-01,2021-04-01,,,0,8K_FTS+8K_SUBMISSIONS,,6311,1,2
1692144,Life Partners Position Holder Trust,2,2022-06-27,2022-06-27,,,0,8K_FTS+8K_SUBMISSIONS,,6311,1,2
1698113,"PARTS iD, Inc.",1,2023-12-26,2023-12-26,,,64,8K_FTS+8K_SUBMISSIONS,,7311,1,6
1699683,Longfin Corp,1,2018-11-21,2018-11-21,,,0,8K_FTS+8K_SUBMISSIONS,,7374,1,2
1704760,"American Virtual Cloud Technologies, Inc.",1,2023-01-11,2023-01-11,,,139,8K_FTS+8K_SUBMISSIONS,,7373,1,4
1705012,"Fat Brands, Inc",1,2026-01-27,2026-01-27,,,0,8K_SUBMISSIONS,,5812.0,1,1
1705222,"Life Partners IRA Holder Partnership, LLC",1,2021-04-01,2021-04-01,,,0,8K_FTS+8K_SUBMISSIONS,,6311,1,2
1705222,"Life Partners IRA Holder Partnership, LLC",2,2022-06-27,2022-06-27,,,0,8K_FTS+8K_SUBMISSIONS,,6311,1,2
1711291,CURO Group Holdings Corp.,1,2024-03-25,2024-03-25,,,0,8K_FTS+8K_SUBMISSIONS,,6199,1,2
1713832,HyreCar Inc.,1,2023-03-02,2023-03-02,,,0,8K_FTS+8K_SUBMISSIONS,,7510,1,2
1717556,"Vinco Ventures, Inc.  (BBIG)",1,2021-04-21,2021-04-21,,,0,8K_FTS+8K_SUBMISSIONS,,3944,1,2
1720201,iPic Entertainment Inc.,1,2019-08-05,2019-08-05,,,364,8K_FTS+8K_SUBMISSIONS,,5810,1,4
1720893,"BioXcel Therapeutics, Inc.",1,2026-08-28,2026-08-28,,,0,8K_SUBMISSIONS,,2834.0,1,1
1720990,Fisker Inc./DE  (FSRNQ),1,2024-06-24,2024-06-24,,,0,8K_FTS+8K_SUBMISSIONS,,3711,1,2
1721741,"Lazydays Holdings, Inc.  (GORV)",1,2025-12-01,2025-12-01,,,0,8K_FTS+8K_SUBMISSIONS,,5500,1,2
1722287,Covia Holdings Corporation,1,2020-06-29,2020-06-30,2020-06-29,1,169,8K_FTS+8K_SUBMISSIONS+LOPUCKI,11,1400,1,5
1723580,"BurgerFi International, Inc.  (BFI, BFIIW)",1,2024-09-17,2024-09-17,,,182,8K_FTS+8K_SUBMISSIONS,,5812,1,10
1725526,HighPoint Resources Corporation,1,2021-03-14,2021-03-15,2021-03-14,1,18,8K_FTS+8K_SUBMISSIONS+LOPUCKI,11,1311,1,7
1731289,Nikola Corp  (NKLA),1,2025-02-19,2025-02-19,,,0,8K_FTS+8K_SUBMISSIONS,,3711,1,2
1735707,Garrett Motion Inc.,1,2020-09-20,2020-09-21,2020-09-20,1,219,8K_FTS+8K_SUBMISSIONS+LOPUCKI,11,3714,1,5
1735828,Legacy Reserves Inc.,1,2019-06-18,2019-06-21,2019-06-18,3,154,8K_FTS+8K_SUBMISSIONS+LOPUCKI,11,1311,1,5
1736865,"Golden Developing Solutions, Inc.  (DVLP)",1,2023-07-05,2023-07-05,,,135,8K_FTS+8K_SUBMISSIONS,,5900,1,4
1739426,RVL Pharmaceuticals plc  (RVLPQ),1,2023-10-13,2023-10-13,,,45,8K_FTS+8K_SUBMISSIONS,,2834,1,6
1741231,"Tattooed Chef, Inc.  (TTCFQ)",1,2023-07-06,2023-07-06,,,0,8K_FTS+8K_SUBMISSIONS,,2090,1,2
1750153,"Canoo Inc.  (GOEV, GOEVW)",1,2025-01-21,2025-01-21,,,0,8K_FTS+8K_SUBMISSIONS,,3714,1,2
1758057,"Luminar Technologies, Inc./DE  (LAZR)",1,2025-12-15,2025-12-15,,,113,8K_FTS+8K_SUBMISSIONS,,3714,1,3
1759546,Lordstown Motors Corp.  (NRDE),1,2023-06-27,2023-06-27,,,254,8K_FTS+8K_SUBMISSIONS,,3711,1,4
1760173,"SURGALIGN HOLDINGS, INC.",1,2023-06-20,2023-06-20,,,101,8K_FTS+8K_SUBMISSIONS,,3842,1,4
1761510,TILT Holdings Inc.  (TLLTF),1,2025-11-07,2025-11-07,,,3,8K_FTS+8K_SUBMISSIONS,,2111,1,4
1762322,"SHIFT TECHNOLOGIES, INC.  (SFTGQ)",1,2023-10-10,2023-10-10,,,0,8K_FTS+8K_SUBMISSIONS,,5500,1,2
1770141,"UpHealth, Inc.  (UPHL)",1,2023-09-19,2023-09-19,,,31,8K_FTS+8K_SUBMISSIONS,,8000,1,4
1772695,Sunnova Energy International Inc.  (NOVA),1,2025-06-09,2025-06-09,,,0,8K_FTS+8K_SUBMISSIONS,,4931,1,2
1775625,"SmileDirectClub, Inc.  (SDCCQ)",1,2023-10-02,2023-10-02,,,0,8K_FTS+8K_SUBMISSIONS,,3843,1,2
1776197,AKUMIN INC.,1,2023-10-23,2023-10-23,,,107,8K_FTS+8K_SUBMISSIONS,,8071,1,8
1776738,Cannabist Co Holdings Inc.,1,2026-03-24,2026-03-24,,,0,8K_SUBMISSIONS,,100.0,1,1
1777946,"IronNet, Inc.",1,2023-10-12,2023-10-12,,,99,8K_FTS+8K_SUBMISSIONS,,7372,1,4
1779020,"Danimer Scientific, Inc.  (DNMR, DNMRW)",1,2025-03-18,2025-03-18,,,0,8K_FTS+8K_SUBMISSIONS,,2821,1,2
1780097,"Baudax Bio, Inc.  (BXRXQ)",1,2024-02-28,2024-02-28,,,0,8K_FTS+8K_SUBMISSIONS,,2834,1,2
1782627,"Winc, Inc.",1,2022-12-01,2022-12-01,,,11,8K_FTS+8K_SUBMISSIONS,,5900,1,4
1783875,4Front Ventures Corp.  (FFNTF),1,2025-06-10,2025-06-10,,,16,8K_FTS+8K_SUBMISSIONS,,2833,1,4
1784168,"Electric Last Mile Solutions, Inc.  (ELMSQ)",1,2022-06-14,2022-06-14,,,0,8K_FTS+8K_SUBMISSIONS,,3711,1,2
1784567,"Harbor Custom Development, Inc.",1,2023-12-15,2023-12-15,,,0,8K_FTS+8K_SUBMISSIONS,,1531,1,2
1784851,"Shapeways Holdings, Inc.  (SHPWQ)",1,2024-07-03,2024-07-03,,,0,8K_FTS+8K_SUBMISSIONS,,3990,1,2
1790665,Greenrose Holding Co Inc.,1,2024-06-21,2024-06-21,,,0,8K_FTS+8K_SUBMISSIONS,,5990,1,2
1792581,"Kiromic Biopharma, Inc.  (KRBP)",1,2025-03-21,2025-03-21,,,0,8K_FTS+8K_SUBMISSIONS,,2836,1,2
1794621,"Quanergy Systems, Inc.",1,2022-12-13,2022-12-13,,,336,8K_FTS+8K_SUBMISSIONS,,3714,1,6
1794905,"Cyxtera Technologies, Inc.",1,2023-06-05,2023-06-05,,,228,8K_FTS+8K_SUBMISSIONS,,7370,1,4
1800682,"Cano Health, Inc.",1,2024-02-05,2024-02-05,,,147,8K_FTS+8K_SUBMISSIONS,,8011,1,4
1802749,"Lightning eMotors, Inc.  (ZEVY)",1,2023-12-14,2023-12-14,,,76,8K_FTS+8K_SUBMISSIONS,,3711,1,6
1804591,23andMe Holding Co.  (ME),1,2025-03-24,2025-03-24,,,255,8K_FTS+8K_SUBMISSIONS,,2834,1,4
1805024,Amergent Hospitality Group Inc.,1,2025-09-12,2025-09-12,,,0,8K_FTS+8K_SUBMISSIONS,,5810,1,2
1805087,"GELESIS HOLDINGS, INC.  (GLSHQ)",1,2023-10-31,2023-10-31,,,0,8K_FTS+8K_SUBMISSIONS,,2834,1,2
1807707,"AppHarvest, Inc.",1,2023-07-24,2023-07-24,,,134,8K_FTS+8K_SUBMISSIONS,,0100,1,6
1808220,"GoHealth, Inc.",1,2026-06-08,2026-06-08,,,0,8K_SUBMISSIONS,,6411.0,1,1
1811109,"Applied UV, Inc.  (AUVIQ)",1,2024-05-31,2024-05-31,,,0,8K_FTS+8K_SUBMISSIONS,,3640,1,2
1811856,"View, Inc.",1,2024-04-03,2024-04-03,,,51,8K_FTS+8K_SUBMISSIONS,,3211,1,4
1813756,WeWork Inc.,1,2023-11-07,2023-11-07,,,218,8K_FTS+8K_SUBMISSIONS,,6512,1,6
1813914,"CareMax, Inc.  (CMAX, CMAXW)",1,2024-11-18,2024-11-18,,,77,8K_FTS+8K_SUBMISSIONS,,8050,1,5
1814974,"BBX Capital Florida LLC  (BBXIA, BBXIB)",1,2020-09-24,2020-09-24,,,266,8K_FTS+8K_SUBMISSIONS,,5400,1,4
18172,A. M. Castle & Co.,1,2013-07-30,2013-07-30,,,0,8K_SUBMISSIONS,,5051.0,1,1
18172,A. M. Castle & Co.,2,2017-06-18,2017-06-19,2017-06-18,1,46,8K_FTS+8K_SUBMISSIONS+LOPUCKI,11,5051,1,5
1817511,SOCIETY PASS INCORPORATED.,1,2026-05-14,2026-05-14,,,0,8K_SUBMISSIONS,,7389.0,1,1
1817944,"Clarus Therapeutics Holdings, Inc.",1,2022-09-06,2022-09-06,,,176,8K_FTS+8K_SUBMISSIONS,,2836,1,4
1819395,"Sonder Holdings Inc.  (SOND, SONDW)",1,2025-11-14,2025-11-14,,,0,8K_FTS+8K_SUBMISSIONS,,7000,1,2
1820630,Proterra Inc,1,2023-08-08,2023-08-08,,,219,8K_FTS+8K_SUBMISSIONS,,3711,1,6
1821850,Sunlight Financial Holdings Inc.,1,2023-10-31,2023-10-31,,,37,8K_FTS+8K_SUBMISSIONS,,6199,1,6
1823882,Airspan Networks Holdings Inc.  (MIMOQ),1,2024-04-01,2024-04-01,,,0,8K_FTS+8K_SUBMISSIONS,,3663,1,2
1826671,"Near Intelligence, Inc.",1,2023-12-11,2023-12-11,,,107,8K_FTS+8K_SUBMISSIONS,,7374,1,4
1828672,"Boxed, Inc.",1,2023-04-03,2023-04-03,,,0,8K_FTS+8K_SUBMISSIONS,,5961,1,2
1828811,Li-Cycle Holdings Corp.  (LICYF),1,2025-05-19,2025-05-19,,,0,8K_FTS+8K_SUBMISSIONS,,4955,1,2
1828852,"Mondee Holdings, Inc.  (MOND)",1,2025-01-15,2025-01-15,,,0,8K_FTS+8K_SUBMISSIONS,,4700,1,2
1830180,"ENJOY TECHNOLOGY, INC./DE",1,2022-06-30,2022-06-30,,,168,8K_FTS+8K_SUBMISSIONS,,7389,1,4
1830210,"Benson Hill, Inc.  (BHIL, BHILW)",1,2025-03-25,2025-03-25,,,162,8K_FTS+8K_SUBMISSIONS,,2000,1,6
1832351,"Fast Radius, Inc.",1,2022-11-08,2022-11-08,,,36,8K_FTS+8K_SUBMISSIONS,,3440,1,4
1833908,"Alfi, Inc.  (ALFIQ)",1,2022-10-14,2022-10-14,,,0,8K_FTS+8K_SUBMISSIONS,,7370,1,2
1834045,"Vintage Wine Estates, Inc.  (VWESQ, VWEWQ)",1,2024-07-24,2024-07-24,,,6,8K_FTS+8K_SUBMISSIONS,,2080,1,4
1834585,JOANN Inc.,1,2024-03-18,2024-03-18,,,44,8K_FTS+8K_SUBMISSIONS,,5940,1,4
1835567,"Pear Therapeutics, Inc.",1,2023-04-07,2023-04-07,,,0,8K_FTS+8K_SUBMISSIONS,,8000,1,2
1835972,"iLearningEngines, Inc.  (AILE, AILEW)",1,2024-12-23,2024-12-23,,,77,8K_FTS+8K_SUBMISSIONS,,7372,1,10
1839341,"Core Scientific, Inc./tx  (CORZ, CORZR, CORZW, CORZZ)",1,2022-12-21,2022-12-21,,,0,8K_FTS+8K_SUBMISSIONS,,7374,1,2
1839341,"Core Scientific, Inc./tx  (CORZ, CORZR, CORZW, CORZZ)",2,2024-01-17,2024-01-17,,,0,8K_FTS+8K_SUBMISSIONS,,6199,1,2
1839412,QualTek Services Inc.,1,2023-05-31,2023-05-31,,,47,8K_FTS+8K_SUBMISSIONS,,1623,1,6
1841800,"Nogin, Inc.",1,2023-12-11,2023-12-11,,,150,8K_FTS+8K_SUBMISSIONS,,7389,1,6
1842356,"Wag! Group Co.  (PET, PETWW)",1,2025-07-21,2025-07-21,,,45,8K_FTS+8K_SUBMISSIONS,,7200,1,4
1843388,"Virgin Orbit Holdings, Inc.",1,2023-04-04,2023-04-04,,,120,8K_FTS+8K_SUBMISSIONS,,3812,1,4
1850838,"Omega Therapeutics, Inc.  (OMGA)",1,2025-02-14,2025-02-14,,,0,8K_FTS+8K_SUBMISSIONS,,2836,1,2
1852117,Rockley Photonics Holdings Ltd,1,2023-01-24,2023-01-24,,,73,8K_FTS+8K_SUBMISSIONS,,3674,1,6
1855631,"AERWINS Technologies Inc.  (AWIN, AWINW)",1,2024-01-03,2024-01-03,,,13,8K_FTS+8K_SUBMISSIONS,,3721,1,4
1861449,"Bird Global, Inc.  (BRDSQ)",1,2023-12-26,2023-12-26,,,1,8K_FTS+8K_SUBMISSIONS,,3751,1,4
1864448,Wejo Group Ltd,1,2023-05-30,2023-05-30,,,111,8K_FTS+8K_SUBMISSIONS,,7374,1,10
1865494,"IO Biotech, Inc.",1,2026-03-31,2026-03-31,,,0,8K_SUBMISSIONS,,2834.0,1,1
1870129,Rose Hill Acquisition Corp,1,2024-02-13,2024-02-13,,,0,8K_FTS+8K_SUBMISSIONS,,6770,1,2
1870997,Loyalty Ventures Inc.,1,2023-03-10,2023-03-10,,,0,8K_FTS+8K_SUBMISSIONS,,7389,1,2
1872356,"Molekule Group, Inc.",1,2023-10-03,2023-10-03,,,0,8K_FTS+8K_SUBMISSIONS,,3564,1,2
1873722,Bubblr Inc.,1,2026-08-24,2026-08-24,,,0,8K_SUBMISSIONS,,7370.0,1,1
1876945,"Gold Flora Corp.  (GRAM, GRAMW)",1,2024-10-07,2024-10-07,,,178,8K_FTS+8K_SUBMISSIONS,,0100,1,6
1882607,"ALPINE SUMMIT ENERGY PARTNERS, INC.",1,2023-07-11,2023-07-11,,,0,8K_FTS+8K_SUBMISSIONS,,1311,1,2
1884697,"Starry Group Holdings, Inc.",1,2023-02-21,2023-02-21,,,0,8K_FTS+8K_SUBMISSIONS,,4813,1,2
1886799,Bright Green Corp  (BGXX),1,2025-01-28,2025-01-28,,,30,8K_FTS+8K_SUBMISSIONS,,2833,1,4
1893311,LUXURBAN HOTELS INC.,1,2025-09-18,2025-09-18,,,0,8K_FTS+8K_SUBMISSIONS,,6500,1,2
1901799,Bitcoin Depot Inc.,1,2026-05-18,2026-05-18,,,0,8K_SUBMISSIONS,,6199.0,1,1
1906133,iCoreConnect Inc.  (ICCT),1,2025-06-03,2025-06-03,,,0,8K_FTS+8K_SUBMISSIONS,,7372,1,2
1909152,Kalera Public Ltd Co  (KALRQ),1,2023-04-04,2023-04-04,,,0,8K_FTS+8K_SUBMISSIONS,,0100,1,2
19161,CHAMPION PARTS INC,1,2007-10-10,2007-10-10,,,0,8K_SUBMISSIONS,,3714.0,1,1
1934064,"ProSomnus, Inc.",1,2024-05-08,2024-05-08,,,84,8K_FTS+8K_SUBMISSIONS,,3841,1,4
19411,Magellan Health Services Inc.,1,2003-03-11,,2003-03-11,,0,LOPUCKI,11,8060,1,1
19731,Chesapeake Corporation,1,2008-12-29,2009-01-05,2008-12-29,7,7,8K_FTS+8K_SUBMISSIONS+LOPUCKI,11,2650,1,3
19731,CANAL Corp,2,2011-04-19,2011-04-19,,,0,8K_FTS+8K_SUBMISSIONS,,2650,1,2
1996210,"BLUM HOLDINGS, INC.  (BLMH)",1,2024-11-08,2024-11-08,,,0,8K_FTS+8K_SUBMISSIONS,,5900,1,2
2011954,Twin Hospitality Group Inc.,1,2026-01-27,2026-01-27,,,0,8K_SUBMISSIONS,,5812.0,1,1
202584,"SYSTEM ENERGY RESOURCES, INC",1,2005-09-28,2005-09-28,,,0,8K_SUBMISSIONS,,4911.0,1,1
202890,"Aleris International, Inc.",1,2009-02-12,,2009-02-12,,0,LOPUCKI,11,3341,1,1
203159,PACIFIC SECURITY COMPANIES,1,2004-10-28,2004-10-28,,,0,8K_SUBMISSIONS,,6512.0,1,1
203200,METATEC INC,1,2004-09-17,2004-09-17,,,0,8K_SUBMISSIONS,,3652.0,1,1
2034,Aceto Corporation,1,2019-02-19,2019-09-20,2019-02-19,213,224,8K_FTS+8K_SUBMISSIONS+LOPUCKI,11,5122,1,5
20520,Frontier Communications Corporation,1,2020-04-14,2020-04-15,2020-04-14,1,135,8K_FTS+8K_SUBMISSIONS+LOPUCKI,11,4813,1,5
21438,"THINKENGINE NETWORKS, INC.",1,2009-01-15,2009-01-15,,,0,8K_FTS+8K_SUBMISSIONS,,3661,1,2
215310,BMC Industries Inc.,1,2004-06-23,,2004-06-23,,0,LOPUCKI,11,3470,1,1
216039,Grubb & Ellis Company,1,2012-02-20,2012-02-21,2012-02-20,1,1,8K_FTS+8K_SUBMISSIONS+LOPUCKI,11,6531,1,3
217416,United Companies Financial Corporation,1,1999-03-01,,1999-03-01,,0,LOPUCKI,11,6141,1,1
2178,"ADAMS RESOURCES & ENERGY, INC.  (AE)",1,2017-04-24,2017-04-24,,,0,8K_FTS+8K_SUBMISSIONS,,5172,1,2
225211,Touchpoint Group Holdings Inc.,1,2004-10-20,2004-10-20,,,30,8K_SUBMISSIONS,,3661.0,1,3
225463,Huffy Corp.,1,2004-10-20,2004-10-26,2004-10-20,6,6,8K_SUBMISSIONS+LOPUCKI,11,3949,1,2
22551,TRI VALLEY CORP,1,2012-08-09,2012-08-09,,,0,8K_FTS+8K_SUBMISSIONS,,1311,1,2
225569,"AMRESCO, Inc.",1,2001-07-02,,2001-07-02,,0,LOPUCKI,11,6282,1,1
225868,ROBOTIC VISION SYSTEMS INC,1,2004-11-22,2004-11-22,,,330,8K_SUBMISSIONS,,3823.0,1,2
22872,"Advanzeon Solutions, Inc.",1,2020-09-11,2020-09-11,,,0,8K_FTS+8K_SUBMISSIONS,,6324,1,2
230131,COMDIAL CORP,1,2005-05-31,2005-05-31,,,35,8K_SUBMISSIONS,,3661.0,1,2
23304,Cone Mills Corp,1,2003-09-24,,2003-09-24,,0,LOPUCKI,11,2211,1,1
23341,CONGOLEUM CORP,1,2010-06-10,2010-06-10,,,0,8K_FTS+8K_SUBMISSIONS,,3089,1,2
23778,"Convergence Ethanol, Inc.",1,2007-11-15,2007-11-15,,,48,8K_SUBMISSIONS,,2860.0,1,3
25354,CPI CORP,1,2013-04-16,2013-04-16,,,15,8K_FTS+8K_SUBMISSIONS,,7200.0,1,3
26780,Dana Corporation,1,2006-03-03,2006-03-06,2006-03-03,3,3,8K_SUBMISSIONS+LOPUCKI,11,3714,1,2
26780,DANA Inc,2,2007-12-27,2007-12-27,,,0,8K_SUBMISSIONS,,3714.0,1,1
27425,Amcast Industrial Corporation (2004),1,2004-11-30,2004-12-06,2004-11-30,6,366,8K_SUBMISSIONS+LOPUCKI,11,3490,1,6
276641,Spiegel Inc.,1,2003-03-17,,2003-03-17,,0,LOPUCKI,11,5961,1,1
276750,AMBER RESOURCES CO OF COLORADO,1,2011-12-22,2011-12-22,,,354,8K_FTS+8K_SUBMISSIONS,,1311,1,4
276780,"Color Tile, Inc.",1,1996-01-24,,1996-01-24,,0,LOPUCKI,11,5211,1,1
278041,International Shipholding Corporation,1,2016-08-01,2016-08-04,2016-08-01,3,336,8K_FTS+8K_SUBMISSIONS+LOPUCKI,11,4412,1,7
278130,"Pier 1 Imports, Inc.",1,2020-02-17,2020-02-18,2020-02-17,1,241,8K_FTS+8K_SUBMISSIONS+LOPUCKI,11,5700,1,7
278327,"Trans World Airlines, Inc. (2001)",1,2001-01-10,,2001-01-10,,0,LOPUCKI,11,4512,1,1
27904,"Delta Air Lines, Inc.",1,2005-09-14,2005-09-15,2005-09-14,1,1,8K_SUBMISSIONS+LOPUCKI,11,4512,1,2
27904,"DELTA AIR LINES, INC.",2,2007-04-26,2007-04-26,,,0,8K_SUBMISSIONS,,4512.0,1,1
27960,QSGI INC.,1,2009-07-09,2009-07-09,,,782,8K_FTS+8K_SUBMISSIONS,,7389,1,12
2852,Agway Inc.,1,2002-10-01,,2002-10-01,,0,LOPUCKI,11,2040,1,1
28823,"DIEBOLD NIXDORF, Inc  (DBD)",1,2023-06-01,2023-06-01,,,43,8K_FTS+8K_SUBMISSIONS,,3578,1,6
29806,Constar International Inc. (2008),1,2008-12-30,2009-01-06,2008-12-30,7,141,8K_FTS+8K_SUBMISSIONS+LOPUCKI,11,3080,1,5
29806,Constar International Inc. (2011),2,2011-01-11,2011-01-18,2011-01-11,7,7,8K_FTS+8K_SUBMISSIONS+LOPUCKI,11,3080,1,3
29834,Escalera Resources Co.,1,2015-11-09,2015-11-09,,,0,8K_FTS+8K_SUBMISSIONS,,1311,1,2
29917,Dow Corning Corporation,1,1995-05-15,,1995-05-15,,0,LOPUCKI,11,2821,1,1
30197,DRIVER HARRIS CO,1,2006-11-17,2006-11-17,,,0,8K_SUBMISSIONS,,3350.0,1,1
30302,ALCO STORES INC,1,2014-10-14,2014-10-14,,,0,8K_FTS+8K_SUBMISSIONS,,5331,1,2
30419,R.H. Donnelley Corporation,1,2009-05-28,2009-05-29,2009-05-28,1,232,8K_FTS+8K_SUBMISSIONS+LOPUCKI,11,7310,1,5
30419,DEX ONE Corp,2,2013-03-18,2013-03-18,2013-03-18,0,46,8K_FTS+8K_SUBMISSIONS+LOPUCKI,11,7310,1,5
30841,Acterna Corp.,1,2003-05-06,,2003-05-06,,0,LOPUCKI,11,3825,1,1
30908,"Eagle Food Centers, Inc.",1,2000-02-29,,2000-02-29,,0,LOPUCKI,11,5411,1,1
30966,Erly Industries Inc.,1,1998-09-28,,1998-09-28,,0,LOPUCKI,11,2040,1,1
310316,CANARGO ENERGY CORP,1,2009-10-28,2009-10-28,,,78,8K_FTS+8K_SUBMISSIONS,,1311,1,8
310522,FEDERAL NATIONAL MORTGAGE ASSOCIATION FANNIE MAE,1,2008-09-11,2008-09-11,,,0,8K_SUBMISSIONS,,6111.0,1,1
3116,"Akorn, Inc.",1,2020-05-20,2020-05-21,2020-05-20,1,135,8K_FTS+8K_SUBMISSIONS+LOPUCKI,11,2834,1,7
311871,POPE & TALBOT INC /DE/,1,2007-10-29,2007-10-29,2007-11-19,-21,28,8K_SUBMISSIONS+LOPUCKI,11,2611.0,1,3
312065,FLORIDA GAMING CORP,1,2012-11-08,2012-11-08,,,627,8K_FTS+8K_SUBMISSIONS,,7990,1,10
31235,EASTMAN KODAK CO  (KODK),1,2012-01-19,2012-01-19,2012-01-19,0,0,8K_FTS+8K_SUBMISSIONS+LOPUCKI,11,3861,1,3
31235,EASTMAN KODAK CO  (KODK),2,2013-08-29,2013-08-29,,,0,8K_FTS+8K_SUBMISSIONS,,3861,1,2
313395,TXCO Resources Inc.,1,2009-05-17,2009-05-18,2009-05-17,1,275,8K_FTS+8K_SUBMISSIONS+LOPUCKI,11,1311,1,7
314132,FLEETWOOD ENTERPRISES INC/DE/,1,2009-03-10,2009-03-10,2009-03-10,0,0,8K_FTS+8K_SUBMISSIONS+LOPUCKI,11,3716,1,3
314132,FLEETWOOD ENTERPRISES INC/DE/,2,2010-08-11,2010-08-11,,,12,8K_FTS+8K_SUBMISSIONS,,3716,1,4
314485,Commonwealth Equity Trust,1,1993-08-02,,1993-08-02,,0,LOPUCKI,11,6799,1,1
314606,Geokinetics Inc.,1,2013-03-10,2013-03-12,2013-03-10,2,2,8K_FTS+8K_SUBMISSIONS+LOPUCKI,11,1311,1,3
314808,"Valaris plc  (VAL, VAL-WT)",1,2020-08-19,2020-08-19,2020-08-19,0,198,8K_FTS+8K_SUBMISSIONS+LOPUCKI,11,1381,1,5
315125,"House of Fabrics, Inc.",1,1994-11-02,,1994-11-02,,0,LOPUCKI,11,5940,1,1
315136,American Classic Voyages Co.,1,2001-10-19,,2001-10-19,,0,LOPUCKI,11,4400,1,1
315641,FRANKFORT TOWER INDUSTRIES INC,1,2004-08-30,2004-08-30,,,114,8K_SUBMISSIONS,,3490.0,1,6
31575,"Edison Brothers Stores, Inc. (1995)",1,1995-11-03,,1995-11-03,,0,LOPUCKI,11,5600,1,1
31575,"Edison Brothers Stores, Inc. (1999)",2,1999-03-09,,1999-03-09,,0,LOPUCKI,11,5600,1,1
316236,Grand Union Company (1995),1,1995-01-25,,1995-01-25,,0,LOPUCKI,11,5411,1,1
316236,Grand Union Company (1998),2,1998-06-24,,1998-06-24,,0,LOPUCKI,11,5411,1,1
316236,Grand Union Company (2000),3,2000-10-03,,2000-10-03,,0,LOPUCKI,11,5411,1,1
316300,"EXCO Resources, Inc.",1,2018-01-15,2018-01-17,2018-01-15,2,2,8K_FTS+8K_SUBMISSIONS+LOPUCKI,11,1311,1,3
316672,TERAFORCE TECHNOLOGY CORP,1,2005-08-04,2005-08-04,,,257,8K_SUBMISSIONS,,3576.0,1,3
317477,COMPOSITE TECHNOLOGY CORP,1,2005-05-05,2005-05-05,,,204,8K_SUBMISSIONS,,3600.0,1,2
317477,COMPOSITE TECHNOLOGY CORP,2,2011-04-11,2011-04-11,,,126,8K_FTS+8K_SUBMISSIONS,,3600,1,4
317788,"Digital Turbine, Inc.",1,2005-03-30,2005-03-30,,,0,8K_SUBMISSIONS,,6794.0,1,1
318259,"MDI, INC.",1,2010-05-14,2010-05-14,,,26,8K_FTS+8K_SUBMISSIONS,,3861,1,4
318262,"PLASTICON INTERNATIONAL, INC.",1,2007-05-25,2007-05-25,,,0,8K_SUBMISSIONS,,3080.0,1,1
318716,"U.S. Aerospace, Inc.",1,2019-11-04,2019-11-04,,,0,8K_FTS+8K_SUBMISSIONS,,3728,1,2
318996,"Key Energy Services, Inc.",1,2016-10-24,2016-10-25,2016-10-24,1,44,8K_FTS+8K_SUBMISSIONS+LOPUCKI,11,1389,1,5
319156,CUBIC ENERGY INC,1,2015-12-14,2015-12-14,,,78,8K_FTS+8K_SUBMISSIONS,,1381,1,6
320174,Perseon Corp,1,2016-05-23,2016-05-23,,,225,8K_FTS+8K_SUBMISSIONS,,3845,1,4
320573,INTERNATIONAL THOROUGHBRED BREEDERS INC,1,2006-12-08,2006-12-08,,,245,8K_SUBMISSIONS,,7948.0,1,2
320575,Pioneer Energy Services Corp.,1,2020-03-01,2020-03-02,2020-03-01,1,72,8K_FTS+8K_SUBMISSIONS+LOPUCKI,11,1381,1,5
32272,THREE FIVE SYSTEMS INC,1,2005-09-09,2005-09-09,,,0,8K_SUBMISSIONS,,3679.0,1,1
32621,Emerson Radio Corp.,1,1993-09-29,,1993-09-29,,0,LOPUCKI,11,5064,1,1
32621,EMERSON RADIO CORP  (MSN),2,2011-06-01,2011-06-01,,,0,8K_FTS+8K_SUBMISSIONS,,3651,1,2
32878,ENERGY CONVERSION DEVICES INC,1,2012-02-14,2012-02-14,2012-02-14,0,171,8K_FTS+8K_SUBMISSIONS+LOPUCKI,11,3674,1,5
34115,CLAIRES STORES INC,1,2018-03-19,2018-03-19,2018-03-19,0,0,8K_FTS+8K_SUBMISSIONS+LOPUCKI,11,5600,1,3
34339,"Falcon Products, Inc.",1,2005-01-31,2005-02-07,2005-01-31,7,291,8K_SUBMISSIONS+LOPUCKI,11,2590,1,4
34616,"Farmland Industries, Inc.",1,2002-05-31,,2002-05-31,,0,LOPUCKI,11,5150,1,1
34879,Federal-Mogul Corporation,1,2001-10-01,,2001-10-01,,0,LOPUCKI,11,3714,1,1
34879,FEDERAL MOGUL CORP/MI/,2,2007-11-14,2007-11-14,,,0,8K_SUBMISSIONS,,3714.0,1,1
350403,"PHI, Inc.",1,2019-03-14,2019-03-15,2019-03-14,1,145,8K_FTS+8K_SUBMISSIONS+LOPUCKI,11,4522,1,5
350920,"Mediq, Inc.",1,2001-01-24,,2001-01-24,,0,LOPUCKI,11,7350,1,1
351817,Swift Energy Company,1,2015-12-31,2016-01-04,2015-12-31,4,97,8K_FTS+8K_SUBMISSIONS+LOPUCKI,11,1311,1,5
351917,U S ENERGY SYSTEMS INC,1,2008-01-16,2008-01-16,,,0,8K_SUBMISSIONS,,4900.0,1,1
352079,TVI CORP,1,2009-04-01,2009-04-01,,,156,8K_FTS+8K_SUBMISSIONS,,3812,1,6
352747,UNIGENE LABORATORIES INC,1,2013-07-02,2013-07-02,,,0,8K_FTS+8K_SUBMISSIONS,,2833,1,2
352949,"Fleming Companies, Inc.",1,2003-04-01,,2003-04-01,,0,LOPUCKI,11,5141,1,1
352998,"Teligent, Inc.",1,2021-10-15,2021-10-15,,,0,8K_FTS+8K_SUBMISSIONS,,2834,1,2
353482,VIRAGEN INC,1,2007-10-23,2007-10-23,,,0,8K_SUBMISSIONS,,2836.0,1,1
353779,TELEVIDEO INC,1,2006-03-15,2006-03-15,,,125,8K_SUBMISSIONS,,3575.0,1,2
353827,PHARMACEUTICAL FORMULATIONS INC,1,2005-07-12,2005-07-12,,,234,8K_SUBMISSIONS,,2834.0,1,2
355356,IMPERIAL PETROLEUM INC,1,2012-04-10,2012-04-10,,,0,8K_FTS+8K_SUBMISSIONS,,2860,1,2
356395,"Reliance Group Holdings, Inc.",1,2001-06-12,,2001-06-12,,0,LOPUCKI,11,6331,1,1
356395,RELIANCE GROUP HOLDINGS INC,2,2005-01-31,2005-01-31,,,283,8K_SUBMISSIONS,,6331.0,1,2
356590,"GLOBAL TECH INDUSTRIES GROUP, INC.  (GTII)",1,2024-10-28,2024-10-28,,,0,8K_FTS+8K_SUBMISSIONS,,8741,1,2
356591,NEUROLOGIX INC/DE,1,2012-03-21,2012-03-21,,,0,8K_FTS+8K_SUBMISSIONS,,2834,1,2
356708,FIRST REGIONAL BANCORP,1,2010-02-01,2010-02-01,,,0,8K_FTS+8K_SUBMISSIONS,,6022,1,2
356708,FIRST REGIONAL BANCORP,2,2012-10-23,2012-10-23,,,492,8K_FTS+8K_SUBMISSIONS,,6022,1,6
356830,OSCIENT PHARMACEUTICALS CORP,1,2009-07-13,2009-07-13,,,0,8K_FTS+8K_SUBMISSIONS,,2834,1,2
356870,"Indigo-Energy, Inc.",1,2013-04-08,2013-04-08,,,0,8K_FTS+8K_SUBMISSIONS,,1311,1,2
357097,ISOLAGEN INC,1,2009-06-16,2009-06-16,,,78,8K_FTS+8K_SUBMISSIONS,,2834,1,8
357108,ISC8 INC. /DE,1,2014-09-24,2014-09-24,,,363,8K_FTS+8K_SUBMISSIONS,,7373,1,10
3662,Sunbeam Corporation,1,2001-02-06,,2001-02-06,,0,LOPUCKI,11,3634,1,1
38079,SABINE OIL & GAS CORP,1,2015-07-15,2015-07-15,2015-07-15,0,0,8K_FTS+8K_SUBMISSIONS+LOPUCKI,11,1311,1,3
38079,SABINE OIL & GAS CORP,2,2016-08-03,2016-08-03,,,0,8K_FTS+8K_SUBMISSIONS,,1311,1,2
38570,"Orleans Homebuilders, Inc.",1,2010-03-01,2010-03-03,2010-03-01,2,2,8K_FTS+8K_SUBMISSIONS+LOPUCKI,11,1531,1,3
38792,FRANKS NURSERY & CRAFTS INC,1,2004-09-10,2004-09-10,,,0,8K_SUBMISSIONS,,5900.0,1,1
38851,"Thorn Apple Valley, Inc.",1,1999-03-05,,1999-03-05,,0,LOPUCKI,11,2011,1,1
38984,"Elah Holdings, Inc.",1,2008-06-18,2008-06-18,2008-06-18,0,0,8K_SUBMISSIONS+LOPUCKI,11,5063.0,1,2
38984,FREMONT GENERAL CORP,2,2010-06-01,2010-06-01,,,14,8K_FTS+8K_SUBMISSIONS,,6022,1,4
38984,"Real Industry, Inc.",3,2017-11-17,2017-11-17,2017-11-17,0,173,8K_FTS+8K_SUBMISSIONS+LOPUCKI,11,5063,1,27
3941,Allied Products Corp.,1,2000-10-02,,2000-10-02,,0,LOPUCKI,11,3523,1,1
39899,TEGNA INC,1,2004-12-17,2004-12-17,,,0,8K_SUBMISSIONS,,4833.0,1,1
40675,GENERAL KINETICS INC,1,2007-02-15,2007-02-15,,,0,8K_SUBMISSIONS,,3490.0,1,1
40729,Ally Financial Inc.,1,2009-04-30,2009-04-30,,,0,8K_SUBMISSIONS,,6022.0,1,1
40730,General Motors Corporation,1,2009-06-01,2009-06-03,2009-06-01,2,37,8K_FTS+8K_SUBMISSIONS+LOPUCKI,11,3711,1,7
40730,Motors Liquidation Co,2,2011-04-04,2011-04-04,,,0,8K_FTS+8K_SUBMISSIONS,,3711,1,2
43300,"Great Atlantic & Pacific Tea Company, Inc.",1,2010-12-12,2010-12-15,2010-12-12,3,3,8K_FTS+8K_SUBMISSIONS+LOPUCKI,11,5411,1,3
43300,GREAT ATLANTIC & PACIFIC TEA CO INC,2,2012-03-05,2012-03-05,,,0,8K_FTS+8K_SUBMISSIONS,,5411,1,2
44471,"Guilford Mills, Inc.",1,2002-03-13,,2002-03-13,,0,LOPUCKI,11,2250,1,1
4457,Amerco,1,2003-06-20,,2003-06-20,,0,LOPUCKI,11,7500,1,1
44570,"ENTERGY GULF STATES LOUISIANA, LLC",1,2005-09-28,2005-09-28,,,0,8K_SUBMISSIONS,,4911.0,1,1
4515,AMERICAN AIRLINES INC,1,2011-11-29,2011-11-29,,,0,8K_FTS+8K_SUBMISSIONS,,4512,1,2
4515,AMERICAN AIRLINES INC,2,2013-10-23,2013-10-23,,,0,8K_FTS+8K_SUBMISSIONS,,4512,1,2
46012,"Harvard Industries, Inc. (1997)",1,1997-05-08,,1997-05-08,,0,LOPUCKI,11,3060,1,1
46012,"Harvard Industries, Inc. (2002)",2,2002-01-15,,2002-01-15,,0,LOPUCKI,11,3060,1,1
46043,HARVEY ELECTRONICS INC,1,2008-01-04,2008-01-04,,,0,8K_SUBMISSIONS,,5731.0,1,1
46205,Hawaiian Airlines Inc.,1,2003-03-21,,2003-03-21,,0,LOPUCKI,11,4512,1,1
46517,Hechinger Company,1,1999-06-11,,1999-06-11,,0,LOPUCKI,11,5211,1,1
46601,Heilig-Meyers Company,1,2000-08-16,,2000-08-16,,0,LOPUCKI,11,5712,1,1
4707,AMERICA CAPITAL CORP,1,2006-07-14,2006-07-14,,,0,8K_SUBMISSIONS,,6036.0,1,1
4707,AMERICA CAPITAL CORP,2,2009-02-09,2009-02-09,,,0,8K_FTS+8K_SUBMISSIONS,,6036,1,2
47129,HERTZ CORP,1,2020-05-26,2020-05-26,,,0,8K_FTS+8K_SUBMISSIONS,,7510,1,2
47129,HERTZ CORP,2,2021-06-16,2021-06-16,,,0,8K_FTS+8K_SUBMISSIONS,,7510,1,2
47395,High Voltage Engineering Corporation (2004),1,2004-03-01,,2004-03-01,,344,LOPUCKI,11,3620,1,2
49534,LIFE PARTNERS HOLDINGS INC,1,2015-01-26,2015-01-26,,,114,8K_FTS+8K_SUBMISSIONS,,6311,1,8
49534,LIFE PARTNERS HOLDINGS INC,2,2016-11-07,2016-11-07,,,0,8K_FTS+8K_SUBMISSIONS,,6311,1,2
49588,ICH Corporation,1,1995-10-10,,1995-10-10,,0,LOPUCKI,11,6321,1,1
49930,IMPERIAL INDUSTRIES INC,1,2009-06-11,2009-06-11,,,0,8K_FTS+8K_SUBMISSIONS,,3290,1,2
50859,"Wherehouse Entertainment, Inc. (1995)",1,1995-08-02,,1995-08-02,,0,LOPUCKI,11,5735,1,1
50957,"Furniture Brands International, Inc. (2013)",1,2013-09-09,2013-09-10,2013-09-09,1,326,8K_FTS+8K_SUBMISSIONS+LOPUCKI,11,2510,1,7
51124,American Banknote Corporation,1,1999-12-08,,1999-12-08,,0,LOPUCKI,11,2750,1,1
51124,AMERICAN BANKNOTE CORP,2,2005-01-21,2005-01-21,,,83,8K_SUBMISSIONS,,2750.0,1,2
51939,CORUS BANKSHARES INC,1,2009-09-16,2009-09-16,2010-06-15,-272,272,8K_FTS+8K_SUBMISSIONS+LOPUCKI,11,6021,1,5
51939,CORUS BANKSHARES INC,2,2011-10-28,2011-10-28,,,0,8K_FTS+8K_SUBMISSIONS,,6021,1,2
52617,Irwin Financial Corporation,1,2009-09-18,2009-09-21,2009-09-18,3,3,8K_FTS+8K_SUBMISSIONS+LOPUCKI,7,6022,1,3
53025,"Jacobson Stores, Inc.",1,2002-01-15,,2002-01-15,,0,LOPUCKI,11,5311,1,1
54291,KAISER ALUMINUM & CHEMICAL CORP,1,2005-12-23,2005-12-23,,,46,8K_SUBMISSIONS,,3334.0,1,2
54681,KATY INDUSTRIES INC,1,2017-05-18,2017-05-18,,,0,8K_FTS+8K_SUBMISSIONS,,3559,1,2
5588,American Pad & Paper Company,1,2000-01-10,,2000-01-10,,0,LOPUCKI,11,2670,1,1
56824,Kmart Corp.,1,2002-01-22,,2002-01-22,,0,LOPUCKI,11,5331,1,1
57055,KV PHARMACEUTICAL CO /DE/,1,2012-08-08,2012-08-08,,,0,8K_FTS+8K_SUBMISSIONS,,2834,1,2
57055,KV PHARMACEUTICAL CO /DE/,2,2013-09-05,2013-09-05,,,18,8K_FTS+8K_SUBMISSIONS,,2834,1,8
57187,Laclede Steel Company (1998),1,1998-11-30,,1998-11-30,,0,LOPUCKI,11,3312,1,1
57725,LANNETT CO INC,1,2023-05-03,2023-05-03,,,48,8K_FTS+8K_SUBMISSIONS,,2834,1,6
58361,"LEE ENTERPRISES, INC  (LEE)",1,2011-12-12,2011-12-12,2011-12-12,0,45,8K_FTS+8K_SUBMISSIONS+LOPUCKI,11,2711,1,5
58592,4 KIDS ENTERTAINMENT INC,1,2011-04-06,2011-04-06,,,0,8K_FTS+8K_SUBMISSIONS,,6794,1,2
58592,4 KIDS ENTERTAINMENT INC,2,2012-12-19,2012-12-19,,,0,8K_FTS+8K_SUBMISSIONS,,6794,1,2
60150,Lomas Financial Corp. (1995),1,1995-10-10,,1995-10-10,,0,LOPUCKI,11,6162,1,1
60527,"ENTERGY LOUISIANA HOLDINGS, INC",1,2005-09-28,2005-09-28,,,0,8K_SUBMISSIONS,,4911.0,1,1
6071,"Ames Department Stores, Inc. (2001)",1,2001-08-20,,2001-08-20,,0,LOPUCKI,11,5331,1,1
60731,LTV Corp. (2000),1,2000-12-29,,2000-12-29,,0,LOPUCKI,11,3312,1,1
61300,R H Macy & Co. Inc.,1,1992-01-27,,1992-01-27,,0,LOPUCKI,11,5311,1,1
6201,AMR CORP  (AAL),1,2011-11-29,2011-11-29,2011-11-29,0,0,8K_FTS+8K_SUBMISSIONS+LOPUCKI,11,4512,1,3
6201,AMR CORP  (AAL),2,2013-10-23,2013-10-23,,,0,8K_FTS+8K_SUBMISSIONS,,4512,1,2
6260,"Anacomp, Inc.",1,1996-01-05,,1996-01-05,,0,LOPUCKI,11,3861,1,1
65202,ANTARES RESOURCES CORP,1,2005-08-18,2005-08-18,,,0,8K_SUBMISSIONS,,8711.0,1,1
65384,"Metropolitan Mortgage & Securities Co., Inc.",1,2004-02-04,,2004-02-04,,0,LOPUCKI,11,6799,1,1
65984,ENTERGY CORP /DE/,1,2005-09-28,2005-09-28,,,0,8K_SUBMISSIONS,,4911.0,1,1
66849,SOUTHERN INVESTORS SERVICE CO INC,1,2005-04-12,2005-04-12,,,190,8K_SUBMISSIONS,,7011.0,1,2
66895,Mississippi Chemical Corp.,1,2003-05-15,,2003-05-15,,0,LOPUCKI,11,2870,1,1
66895,MISSISSIPPI CHEMICAL CORP /MS/,2,2004-09-08,2004-09-08,,,97,8K_SUBMISSIONS,,2870.0,1,2
66901,"ENTERGY MISSISSIPPI, LLC",1,2005-09-28,2005-09-28,,,0,8K_SUBMISSIONS,,4911.0,1,1
67494,"Pierre Foods, Inc.",1,2008-07-15,,2008-07-15,,0,LOPUCKI,11,2013,1,1
6885,"Stage Stores, Inc. (2000)",1,2000-06-01,,2000-06-01,,0,LOPUCKI,11,5651,1,1
6885,"Stage Stores, Inc. (2020)",2,2020-05-10,2020-05-12,2020-05-10,2,2,8K_FTS+8K_SUBMISSIONS+LOPUCKI,11,5651,1,3
6948,Applied Magnetics Corporation,1,2000-01-07,,2000-01-07,,0,LOPUCKI,11,3679,1,1
701345,"US Airways Group, Inc. (2002)",1,2002-08-11,,2002-08-11,,0,LOPUCKI,11,4512,1,1
701345,"US Airways Group, Inc. (2004)",2,2004-09-12,2004-09-13,2004-09-12,1,1,8K_SUBMISSIONS+LOPUCKI,11,4512,1,2
701345,US AIRWAYS GROUP INC,3,2005-09-22,2005-09-22,,,0,8K_SUBMISSIONS,,4512.0,1,1
701374,"Six Flags, Inc.",1,2009-06-13,2009-06-15,2009-06-13,2,325,8K_FTS+8K_SUBMISSIONS+LOPUCKI,11,7990,1,5
701856,Safety Kleen Corp.,1,2000-06-09,,2000-06-09,,0,LOPUCKI,11,4955,1,1
703701,Westbridge Capital Corp.,1,1998-09-16,,1998-09-16,,0,LOPUCKI,11,6321,1,1
703799,"ViCorp Restaurants, Inc.",1,2008-04-03,2008-04-08,2008-04-03,5,5,8K_SUBMISSIONS+LOPUCKI,11,5812,1,2
703901,VIROPRO INC,1,2008-02-04,2008-02-04,,,0,8K_SUBMISSIONS,,6794.0,1,1
704384,BIOVEST INTERNATIONAL INC,1,2008-11-10,2008-11-10,,,0,8K_SUBMISSIONS,,2834.0,1,1
704384,BIOVEST INTERNATIONAL INC,2,2010-11-02,2010-11-02,,,0,8K_FTS+8K_SUBMISSIONS,,2834,1,2
704384,BIOVEST INTERNATIONAL INC,3,2013-03-07,2013-03-07,,,130,8K_FTS+8K_SUBMISSIONS,,2834,1,6
705200,PAB BANKSHARES INC,1,2011-05-02,2011-05-02,,,0,8K_FTS+8K_SUBMISSIONS,,6022,1,2
70578,National Steel Corp.,1,2002-03-06,,2002-03-06,,0,LOPUCKI,11,3312,1,1
706465,HENRY COUNTY BANCSHARES INC,1,2012-01-24,2012-01-24,,,0,8K_FTS+8K_SUBMISSIONS,,6022,1,2
707855,PRINCETON NATIONAL BANCORP INC,1,2012-11-05,2012-11-05,,,0,8K_FTS+8K_SUBMISSIONS,,6021,1,2
708819,"McDermott International, Inc.",1,2020-01-21,2020-01-22,2020-01-21,1,57,8K_FTS+8K_SUBMISSIONS+LOPUCKI,11,3443,1,5
709136,"Graham-Field Health Products, Inc.",1,1999-12-27,,1999-12-27,,0,LOPUCKI,11,5047,1,1
711665,"Gadsden Properties, Inc.",1,2020-10-13,2020-10-13,,,175,8K_FTS+8K_SUBMISSIONS,,6500,1,8
71322,BANK OF NEW ENGLAND CORP,1,2005-03-14,2005-03-14,,,1807,8K_SUBMISSIONS,,6021.0,1,45
71322,BANK OF NEW ENGLAND CORP,2,2011-02-28,2011-02-28,,,164,8K_SUBMISSIONS,,6021.0,1,8
713492,CHAD THERAPEUTICS INC,1,2009-02-20,2009-02-20,,,0,8K_FTS+8K_SUBMISSIONS,,3842,1,2
714560,US AIRWAYS INC,1,2005-09-22,2005-09-22,,,0,8K_SUBMISSIONS,,4512.0,1,1
714756,"AMCORE Financial, Inc.",1,2010-08-19,2010-08-20,2010-08-19,1,1,8K_FTS+8K_SUBMISSIONS+LOPUCKI,11,6021,1,3
715031,HOME DIRECTOR INC,1,2005-10-04,2005-10-04,,,0,8K_SUBMISSIONS,,3669.0,1,1
715031,HOME DIRECTOR INC,2,2006-10-27,2006-10-27,,,0,8K_SUBMISSIONS,,3669.0,1,1
71508,"Entergy New Orleans, Inc.",1,2005-09-23,2005-09-28,2005-09-23,5,5,8K_SUBMISSIONS+LOPUCKI,11,4911,1,2
716006,Yellow Corp  (YELLQ),1,2023-08-07,2023-08-07,,,142,8K_FTS+8K_SUBMISSIONS,,4213,1,14
716101,HYDROGEN POWER INC,1,2008-01-25,2008-01-25,,,0,8K_SUBMISSIONS,,2810.0,1,1
716457,FRONTIER FINANCIAL CORP /WA/,1,2010-05-03,2010-05-03,,,0,8K_FTS+8K_SUBMISSIONS,,6022,1,2
716644,FoxMeyer Health Corp. (FoxMeyer Drug Co. only),1,1996-08-27,,1996-08-27,,0,LOPUCKI,11,5122,1,1
716823,Milacron Inc.,1,2009-03-10,2009-03-11,2009-03-10,1,1,8K_FTS+8K_SUBMISSIONS+LOPUCKI,11,3559,1,3
718007,"DELSITE, INC.",1,2009-04-03,2009-04-03,,,0,8K_FTS+8K_SUBMISSIONS,,2844,1,2
719241,"Conseco, Inc.",1,2002-12-17,,2002-12-17,,0,LOPUCKI,11,6311,1,1
719274,"GRESHAM WORLDWIDE, INC.  (GIGA)",1,2024-08-16,2024-08-16,,,0,8K_FTS+8K_SUBMISSIONS,,3825,1,2
719662,SONA MOBILE HOLDINGS CORP,1,2009-03-16,2009-03-16,,,0,8K_FTS+8K_SUBMISSIONS,,7372,1,2
719721,Merry-Go-Round Enterprises Inc.,1,1994-01-11,,1994-01-11,,0,LOPUCKI,11,5611,1,1
719739,SVB FINANCIAL GROUP  (SIVBQ),1,2023-03-10,2023-03-10,,,7,8K_FTS+8K_SUBMISSIONS,,6022,1,4
719739,SVB FINANCIAL GROUP  (SIVBQ),2,2024-08-23,2024-08-23,,,77,8K_FTS+8K_SUBMISSIONS,,6022,1,4
720145,CIPRICO INC,1,2008-07-28,2008-07-28,,,0,8K_SUBMISSIONS,,3576.0,1,1
720154,"Inotiv, Inc.",1,2026-06-03,2026-06-03,,,56,8K_SUBMISSIONS,,8731.0,1,3
720851,NESTOR INC,1,2009-06-08,2009-06-08,,,0,8K_FTS+8K_SUBMISSIONS,,7372,1,2
720875,DYNATRONICS CORP,1,2026-01-12,2026-01-12,,,0,8K_SUBMISSIONS,,3841.0,1,1
721059,"Reliance Acceptance Group, Inc.",1,1998-02-09,,1998-02-09,,0,LOPUCKI,11,6021,1,1
722104,SAVIENT PHARMACEUTICALS INC,1,2013-10-15,2013-10-15,,,217,8K_FTS+8K_SUBMISSIONS,,2833,1,4
722487,"Comdisco, Inc.",1,2001-07-16,,2001-07-16,,0,LOPUCKI,11,7377,1,1
722839,"OneTravel Holdings, Inc.",1,2006-07-12,2006-07-12,,,0,8K_SUBMISSIONS,,6552.0,1,1
72316,NORD RESOURCES CORP,1,2014-11-24,2014-11-24,,,0,8K_FTS+8K_SUBMISSIONS,,1400,1,2
723371,Hartmarx Corporation,1,2009-01-23,2009-01-26,2009-01-23,3,3,8K_FTS+8K_SUBMISSIONS+LOPUCKI,11,2300,1,3
723527,"Worldcom, Inc.",1,2002-07-21,,2002-07-21,,0,LOPUCKI,11,4813,1,1
724571,FREDS INC,1,2019-09-09,2019-09-09,,,287,8K_FTS+8K_SUBMISSIONS,,5331,1,6
724742,SYMS CORP  (TPHS),1,2011-11-02,2011-11-02,2011-11-02,0,309,8K_FTS+8K_SUBMISSIONS+LOPUCKI,11,5651,1,5
725151,"Medical Resources, Inc.",1,2000-04-07,,2000-04-07,,0,LOPUCKI,11,8071,1,1
726513,"Lenox Group, Inc.",1,2008-11-23,2008-12-11,2008-11-23,18,18,8K_SUBMISSIONS+LOPUCKI,11,2711,1,3
726617,Builders Transport Inc.,1,1998-05-21,,1998-05-21,,0,LOPUCKI,11,4213,1,1
726990,AMERICANWEST BANCORPORATION,1,2010-10-28,2010-10-28,2010-10-28,0,0,8K_FTS+8K_SUBMISSIONS+LOPUCKI,11,6022,1,3
726990,AMERICANWEST BANCORPORATION,2,2013-09-06,2013-09-06,,,0,8K_FTS+8K_SUBMISSIONS,,6022,1,2
727207,"Accelerate Diagnostics, Inc  (AXDX)",1,2025-05-08,2025-05-08,,,102,8K_FTS+8K_SUBMISSIONS,,3826,1,4
727346,"GLOBAL HEALTHCARE REIT, INC.  (GBCS)",1,2019-10-23,2019-10-23,,,41,8K_FTS+8K_SUBMISSIONS,,6798,1,4
728249,INTERPHASE CORP,1,2015-10-01,2015-10-01,,,0,8K_FTS+8K_SUBMISSIONS,,3576,1,2
72911,NORTEL NETWORKS CORP,1,2009-01-14,2009-01-14,2009-01-14,0,2,8K_FTS+8K_SUBMISSIONS+LOPUCKI,11,3661,1,5
730255,CalAmp Corp.,1,2024-06-03,2024-06-03,,,44,8K_FTS+8K_SUBMISSIONS,,3663,1,4
73088,NorthWestern Corporation,1,2003-09-14,,2003-09-14,,0,LOPUCKI,11,4931,1,1
73088,NORTHWESTERN CORP,2,2004-10-26,2004-10-26,,,0,8K_SUBMISSIONS,,4931.0,1,1
73093,Northwestern Steel & Wire Co.,1,2000-12-19,,2000-12-19,,0,LOPUCKI,11,3312,1,1
731190,"IT Group, Inc.",1,2002-01-16,,2002-01-16,,0,LOPUCKI,11,4955,1,1
731859,Ampal-American Israel Corporation,1,2012-08-29,2012-08-31,2012-08-29,2,226,8K_FTS+8K_SUBMISSIONS+LOPUCKI,11,6799,1,5
7323,"ENTERGY ARKANSAS, LLC",1,2005-09-28,2005-09-28,,,0,8K_SUBMISSIONS,,4911.0,1,1
732717,"AT&T INC.  (T, TBB, TBC, T-PA, T-PC)",1,2012-01-13,2012-01-13,,,0,8K_FTS+8K_SUBMISSIONS,,4813,1,2
732935,"Ithaca Industries, Inc.",1,1996-10-08,,1996-10-08,,0,LOPUCKI,11,2251,1,1
73605,OAKRIDGE HOLDINGS INC,1,2017-05-23,2017-05-23,,,0,8K_FTS+8K_SUBMISSIONS,,3728,1,2
73609,Oakwood Homes Corp.,1,2002-11-15,,2002-11-15,,0,LOPUCKI,11,2451,1,1
73887,Bristow Group Inc.,1,2019-05-11,2019-05-13,2019-05-11,2,151,8K_FTS+8K_SUBMISSIONS+LOPUCKI,11,4522,1,5
73902,Covanta Energy Corp.,1,2002-04-01,,2002-04-01,,0,LOPUCKI,11,4991,1,1
739708,"iHeartCommunications, Inc.",1,2018-03-15,2018-03-15,,,0,8K_FTS+8K_SUBMISSIONS,,4832,1,2
739878,"KID BRANDS, INC",1,2014-06-19,2014-06-19,,,63,8K_FTS+8K_SUBMISSIONS,,3990,1,4
741815,HOOPER HOLMES INC,1,2018-08-28,2018-08-28,,,171,8K_FTS+8K_SUBMISSIONS,,8090,1,4
742112,INVACARE CORP,1,2023-02-01,2023-02-01,,,90,8K_FTS+8K_SUBMISSIONS,,3842,1,6
74273,OLD STONE CORP,1,2012-06-06,2012-06-06,,,357,8K_FTS+8K_SUBMISSIONS,,6035,1,12
742814,TELEMETRIX INC,1,2008-12-17,2008-12-17,,,0,8K_SUBMISSIONS,,3663.0,1,1
742814,TELEMETRIX INC,2,2011-09-16,2011-09-16,,,0,8K_FTS+8K_SUBMISSIONS,,3663,1,2
7431,"Armstrong World Industries, Inc.",1,2000-12-06,,2000-12-06,,0,LOPUCKI,11,3089,1,1
7431,ARMSTRONG WORLD INDUSTRIES INC,2,2006-08-18,2006-08-18,,,0,8K_SUBMISSIONS,,3089.0,1,1
744106,FEDDERS CORP /DE,1,2007-08-28,2007-08-28,,,0,8K_SUBMISSIONS,,3585.0,1,1
744667,FORSTER DRILLING CORP,1,2009-02-23,2009-02-23,,,3,8K_FTS+8K_SUBMISSIONS,,3533,1,4
744962,NUTRITION 21 INC,1,2011-08-31,2011-08-31,,,118,8K_FTS+8K_SUBMISSIONS,,2836,1,10
745287,Intermet Corp.,1,2004-09-29,2004-10-05,2004-09-29,6,6,8K_SUBMISSIONS+LOPUCKI,11,3320,1,2
745287,INTERMET CORP,2,2005-11-09,2005-11-09,,,0,8K_SUBMISSIONS,,3320.0,1,1
745543,"All State Properties Holdings, Inc.  (PBAJ)",1,2016-01-04,2016-01-04,,,0,8K_FTS+8K_SUBMISSIONS,,2834,1,2
745655,"China Crescent Enterprises, Inc.",1,2005-03-18,2005-03-18,,,0,8K_SUBMISSIONS,,3570.0,1,1
745655,"China Crescent Enterprises, Inc.",2,2006-04-07,2006-04-07,,,0,8K_SUBMISSIONS,,3570.0,1,1
74585,Oneida Ltd.,1,2006-03-19,2006-03-22,2006-03-19,3,3,8K_SUBMISSIONS+LOPUCKI,11,3910,1,2
746961,"Pegasus Gold, Inc.",1,1998-01-16,,1998-01-16,,0,LOPUCKI,11,1040,1,1
74783,Acceptance Insurance Companies Inc.,1,2005-01-07,2005-01-10,2005-01-07,3,3,8K_SUBMISSIONS+LOPUCKI,11,6331,1,2
74783,ACCEPTANCE INSURANCE COMPANIES INC,2,2010-08-10,2010-08-10,,,0,8K_FTS+8K_SUBMISSIONS,,6331,1,2
748790,"Global Clean Energy Holdings, Inc.  (GCEH)",1,2025-04-18,2025-04-18,,,116,8K_FTS+8K_SUBMISSIONS,,2860,1,4
750199,"Energy Partners, Ltd.",1,2009-05-01,2009-05-05,2009-05-01,4,147,8K_FTS+8K_SUBMISSIONS+LOPUCKI,11,1311,1,7
750813,Seitel Inc.,1,2003-06-06,,2003-06-06,,0,LOPUCKI,11,1382,1,1
75149,Outboard Marine Corporation,1,2000-12-22,,2000-12-22,,0,LOPUCKI,11,3510,1,1
75208,"Overseas Shipholding Group, Inc.",1,2012-11-14,2012-11-15,2012-11-14,1,1,8K_FTS+8K_SUBMISSIONS+LOPUCKI,11,4412,1,3
75234,Owens Corning,1,2000-10-05,,2000-10-05,,0,LOPUCKI,11,3290,1,1
753048,"AXION INTERNATIONAL HOLDINGS, INC.",1,2015-12-08,2015-12-08,,,162,8K_FTS+8K_SUBMISSIONS,,3086,1,6
75307,Oxoco Inc.,1,1986-09-10,,1986-09-10,,0,LOPUCKI,11,1311,1,1
753772,MEDIZONE INTERNATIONAL INC,1,2018-05-11,2018-05-11,,,0,8K_FTS+8K_SUBMISSIONS,,5122,1,2
75439,"Medite Cancer Diagnostics, Inc.",1,2019-01-03,2019-01-03,,,0,8K_FTS+8K_SUBMISSIONS,,3841,1,2
754597,HABERSHAM BANCORP,1,2011-02-23,2011-02-23,,,0,8K_FTS+8K_SUBMISSIONS,,6022,1,2
75488,Pacific Gas & Electric Co. (2001),1,2001-04-06,,2001-04-06,,0,LOPUCKI,11,4931,1,1
75488,PACIFIC GAS & ELECTRIC Co,2,2019-01-14,2019-01-14,,,15,8K_FTS+8K_SUBMISSIONS,,4931,1,4
75488,PACIFIC GAS & ELECTRIC Co,3,2020-06-24,2020-06-24,,,0,8K_FTS+8K_SUBMISSIONS,,4931,1,2
757011,USG Corp. (1993),1,1993-03-17,,1993-03-17,,0,LOPUCKI,11,3275,1,1
757011,USG Corp. (2001),2,2001-06-25,,2001-06-25,,0,LOPUCKI,11,3270,1,1
757011,USG CORP,3,2006-06-21,2006-06-21,,,0,8K_SUBMISSIONS,,3270.0,1,1
758256,Saint James CO,1,2010-04-22,2010-04-22,,,0,8K_FTS+8K_SUBMISSIONS,,9995,1,2
758604,"Bush Industries, Inc.",1,2004-03-31,,2004-03-31,,0,LOPUCKI,11,2511,1,1
758722,Paracelsus Healthcare Corp.,1,2000-09-15,,2000-09-15,,0,LOPUCKI,11,8062,1,1
758743,VIDEO DISPLAY CORP  (VIDE),1,2017-02-16,2017-02-16,,,0,8K_FTS+8K_SUBMISSIONS,,3670,1,2
759153,PARTICLE DRILLING TECHNOLOGIES INC/NV,1,2009-06-02,2009-06-02,,,112,8K_FTS+8K_SUBMISSIONS,,1389,1,6
76321,PARKER DRILLING CO /DE/,1,2018-12-12,2018-12-12,2018-12-12,0,89,8K_FTS+8K_SUBMISSIONS+LOPUCKI,11,1381,1,5
763739,Morrison Knudsen Corp.,1,1996-06-25,,1996-06-25,,0,LOPUCKI,11,1540,1,1
764195,VBI Vaccines Inc/BC  (VBIVQ),1,2024-07-30,2024-07-30,,,3,8K_FTS+8K_SUBMISSIONS,,2834,1,4
764241,INTEGRA BANK CORP,1,2011-08-01,2011-08-01,,,0,8K_FTS+8K_SUBMISSIONS,,6022,1,2
764794,Rudy Nutrition,1,2006-02-23,2006-02-23,,,0,8K_SUBMISSIONS,,3579.0,1,1
764897,Banyan Rail Services Inc.  (BRST),1,2013-01-14,2013-01-14,,,29,8K_FTS+8K_SUBMISSIONS,,6798,1,4
764897,"Broad Street Realty, Inc.",2,2026-03-26,2026-03-26,,,0,8K_SUBMISSIONS,,6500.0,1,1
764960,"Phar-Mor, Inc. (2001)",1,2001-09-24,,2001-09-24,,0,LOPUCKI,11,5912,1,1
766004,"Sbarro, Inc.",1,2011-04-04,,2011-04-04,,0,LOPUCKI,11,5812,1,1
766738,Genicom Corporation,1,2000-03-10,,2000-03-10,,0,LOPUCKI,11,3577,1,1
76744,"Payless Cashways, Inc. (1997)",1,1997-07-21,,1997-07-21,,0,LOPUCKI,11,5211,1,1
76744,"Payless Cashways, Inc. (2001)",2,2001-06-04,,2001-06-04,,0,LOPUCKI,11,5211,1,1
76791,"PORTRAIT CORP OF AMERICA, INC.",1,2006-09-07,2006-09-07,,,0,8K_SUBMISSIONS,,7200.0,1,1
768119,DATATEC SYSTEMS INC,1,2004-12-15,2004-12-15,,,0,8K_SUBMISSIONS,,7373.0,1,1
768835,BIG LOTS INC  (BIG),1,2024-09-10,2024-09-10,,,0,8K_FTS+8K_SUBMISSIONS,,5331,1,2
768835,FORMER BL STORES INC,2,2025-10-30,2025-10-30,,,0,8K_FTS+8K_SUBMISSIONS,,5331,1,2
769591,"Nayna Networks, Inc.",1,2007-11-27,2007-11-27,,,0,8K_SUBMISSIONS,,3576.0,1,1
769879,"Recycling Industries, Inc.",1,1999-02-26,,1999-02-26,,0,LOPUCKI,11,5093,1,1
770471,"Titan Global Holdings, Inc.",1,2009-02-12,2009-02-12,,,0,8K_FTS+8K_SUBMISSIONS,,3669,1,2
770944,Bally Total Fitness Holding Corporation (2007),1,2007-07-31,2007-08-01,2007-07-31,1,51,8K_SUBMISSIONS+LOPUCKI,11,7997,1,3
770944,Bally Total Fitness Holding Corporation (2008),2,2008-12-03,,2008-12-03,,0,LOPUCKI,11,7997,1,1
771485,PDG ENVIRONMENTAL INC,1,2010-02-26,2010-02-26,,,0,8K_FTS+8K_SUBMISSIONS,,4955,1,2
77155,Penn Traffic Co (1999),1,1999-03-01,,1999-03-01,,0,LOPUCKI,11,5411,1,1
77155,Penn Traffic Co (2003),2,2003-05-30,,2003-05-30,,0,LOPUCKI,11,5411,1,1
77155,PENN TRAFFIC CO,3,2005-03-24,2005-03-24,,,197,8K_SUBMISSIONS,,5411.0,1,2
77155,PENN TRAFFIC CO,4,2009-11-18,2009-11-18,,,349,8K_FTS+8K_SUBMISSIONS,,5411,1,4
77159,PENN VIRGINIA CORP,1,2016-05-12,2016-05-12,2016-05-12,0,97,8K_FTS+8K_SUBMISSIONS+LOPUCKI,11,1311,1,5
772349,"American Business Financial Services, Inc.",1,2005-01-21,2005-01-27,2005-01-21,6,6,8K_SUBMISSIONS+LOPUCKI,11,6162,1,2
77281,Pennsylvania Real Estate Investment Trust,1,2020-11-01,2020-11-03,2020-11-01,2,33,8K_FTS+8K_SUBMISSIONS+LOPUCKI,11,6798,1,5
77281,PENNSYLVANIA REAL ESTATE INVESTMENT TRUST,2,2023-12-11,2023-12-11,,,112,8K_FTS+8K_SUBMISSIONS,,6798,1,8
773318,VERITEC INC,1,2005-02-28,2005-02-28,,,427,8K_SUBMISSIONS,,8741.0,1,4
773326,FORELAND CORP,1,2004-11-30,2004-11-30,,,0,8K_SUBMISSIONS,,1311.0,1,1
773468,INDYMAC BANCORP INC,1,2008-07-15,2008-07-15,2008-07-31,-16,16,8K_SUBMISSIONS+LOPUCKI,7,6035.0,1,2
773603,LIQUITEK ENTERPRISES INC,1,2006-12-14,2006-12-14,,,0,8K_SUBMISSIONS,,3470.0,1,1
773937,SEREFEX CORP,1,2008-10-06,2008-10-06,,,168,8K_FTS+8K_SUBMISSIONS,,2670.0,1,4
774937,ExeLED Holdings Inc.,1,2006-04-13,2006-04-13,,,0,8K_SUBMISSIONS,,3640.0,1,1
774937,ExeLED Holdings Inc.,2,2008-05-02,2008-05-02,,,13,8K_SUBMISSIONS,,3640.0,1,2
776008,"ROCK CREEK PHARMACEUTICALS, INC.",1,2016-09-28,2016-09-28,,,0,8K_FTS+8K_SUBMISSIONS,,2833,1,2
777516,"Healthsport, Inc.",1,2011-10-06,2011-10-06,,,0,8K_FTS+8K_SUBMISSIONS,,2834,1,2
778164,"Pacific Ethanol, Inc.  (ALTO)",1,2009-05-18,2009-05-18,,,0,8K_FTS+8K_SUBMISSIONS,,2860,1,2
778164,"Pacific Ethanol, Inc.  (ALTO)",2,2010-06-11,2010-06-11,,,0,8K_FTS+8K_SUBMISSIONS,,2860,1,2
778423,ARLINGTON HOSPITALITY INC,1,2005-09-01,2005-09-01,,,60,8K_SUBMISSIONS,,7011.0,1,2
778438,"Berry Petroleum Company, LLC",1,2016-05-11,2016-05-11,,,265,8K_FTS+8K_SUBMISSIONS,,1311,1,4
778718,"Tower Air, Inc.",1,2000-02-29,,2000-02-29,,0,LOPUCKI,11,4512,1,1
779334,Birmingham Steel Corp.,1,2002-06-03,,2002-06-03,,0,LOPUCKI,11,3312,1,1
780118,Amwest Insurance Group Inc.,1,2001-07-24,,2001-07-24,,0,LOPUCKI,11,6351,1,1
784932,SURETY CAPITAL CORP /DE/,1,2008-01-08,2008-01-08,,,0,8K_SUBMISSIONS,,6021.0,1,1
785081,VIRAGEN INTERNATIONAL INC,1,2007-10-23,2007-10-23,,,0,8K_SUBMISSIONS,,2836.0,1,1
785814,"Integrated Health Services, Inc.",1,2000-02-02,,2000-02-02,,0,LOPUCKI,11,8300,1,1
785968,"Miller Energy Resources, Inc.",1,2015-08-06,2015-10-06,2015-08-06,61,236,8K_FTS+8K_SUBMISSIONS+LOPUCKI,11,1311,1,5
786110,Gymboree Corporation (2017),1,2017-06-11,,2017-06-11,,0,LOPUCKI,11,2300,1,1
786110,Gymboree Corporation (2019),2,2019-01-16,,2019-01-16,,0,LOPUCKI,11,2300,1,1
786765,BUTLER INTERNATIONAL INC /MD/,1,2009-06-05,2009-06-05,,,0,8K_FTS+8K_SUBMISSIONS,,7363,1,2
787618,"Consolidated Hydro, Inc.",1,1997-09-15,,1997-09-15,,0,LOPUCKI,11,4911,1,1
788983,PORTOLA PACKAGING INC,1,2008-09-03,2008-09-03,,,0,8K_SUBMISSIONS,,3089.0,1,1
789878,"AVASOFT, INC.",1,2008-06-02,2008-06-02,,,0,8K_SUBMISSIONS,,5400.0,1,1
789879,ENSURGE INC,1,2004-10-28,2004-10-28,,,281,8K_SUBMISSIONS,,7389.0,1,2
790414,Gottschalks Inc.,1,2009-01-14,2009-01-16,2009-01-14,2,2,8K_FTS+8K_SUBMISSIONS+LOPUCKI,11,5311,1,3
790414,GOTTSCHALKS INC,2,2011-03-02,2011-03-02,,,0,8K_FTS+8K_SUBMISSIONS,,5311,1,2
790706,"Golden Books Family Entertainment, Inc.",1,1999-02-26,,1999-02-26,,0,LOPUCKI,11,2731,1,1
790815,"Fretter, Inc.",1,1996-09-24,,1996-09-24,,0,LOPUCKI,11,5731,1,1
791115,COACH INDUSTRIES GROUP INC,1,2007-09-21,2007-09-21,,,0,8K_SUBMISSIONS,,3711.0,1,1
792570,Casual Male Corp.,1,2001-05-18,,2001-05-18,,0,LOPUCKI,11,5661,1,1
79259,Mortgage & Realty Trust (1995),1,1995-08-18,,1995-08-18,,0,LOPUCKI,11,6798,1,1
79326,Polaroid Corp,1,2001-10-12,,2001-10-12,,0,LOPUCKI,11,3861,1,1
795662,"Sterling Chemicals Holdings, Inc.",1,2001-07-16,,2001-07-16,,0,LOPUCKI,11,7377,1,1
796486,Adelphia Communications Corp.,1,2002-06-25,,2002-06-25,,0,LOPUCKI,11,4841,1,1
796486,ADELPHIA COMMUNICATIONS CORP,2,2006-07-05,2006-07-05,,,190,8K_SUBMISSIONS,,4841.0,1,2
796764,"PREMIER EXHIBITIONS, INC.",1,2016-06-14,2016-06-14,,,0,8K_FTS+8K_SUBMISSIONS,,7900,1,2
796764,"PREMIER EXHIBITIONS, INC.",2,2019-10-18,2019-10-18,,,0,8K_FTS+8K_SUBMISSIONS,,7900,1,2
797167,NATURADE INC,1,2006-09-07,2006-09-07,,,315,8K_SUBMISSIONS,,2834.0,1,4
797329,FASHION HOUSE HOLDINGS INC,1,2008-04-22,2008-04-22,,,0,8K_SUBMISSIONS,,5600.0,1,1
797331,SECURED INVESTMENT RESOURCES FUND LP II,1,2006-09-15,2006-09-15,,,0,8K_SUBMISSIONS,,6500.0,1,1
797448,VERSO TECHNOLOGIES INC,1,2008-04-29,2008-04-29,,,0,8K_SUBMISSIONS,,7373.0,1,1
797496,FRONTIER INSURANCE GROUP INC,1,2005-07-06,2005-07-06,,,169,8K_SUBMISSIONS,,6351.0,1,2
797542,QUANTUM X LABS INC.,1,2004-12-08,2004-12-08,,,0,8K_SUBMISSIONS,,7372.0,1,1
797556,Laroche Industries Inc.,1,2000-05-03,,2000-05-03,,0,LOPUCKI,11,5160,1,1
798246,"Forstmann & Company, Inc.",1,1995-09-22,,1995-09-22,,0,LOPUCKI,11,2200,1,1
798671,"Mid-American Waste Systems, Inc.",1,1997-01-21,,1997-01-21,,0,LOPUCKI,11,4953,1,1
798949,Unit Corporation,1,2020-05-22,2020-05-26,2020-05-22,4,82,8K_FTS+8K_SUBMISSIONS+LOPUCKI,11,1311,1,9
799088,"Carmike Cinemas, Inc.",1,2000-08-08,,2000-08-08,,0,LOPUCKI,11,7830,1,1
799097,SAN HOLDINGS INC,1,2007-11-27,2007-11-27,,,0,8K_SUBMISSIONS,,3572.0,1,1
799119,AMERICAN INTERNATIONAL PETROLEUM CORP /NV/,1,2004-10-12,2004-10-12,,,0,8K_SUBMISSIONS,,2911.0,1,1
799274,Reeves Industries Inc.,1,1997-11-21,,1997-11-21,,0,LOPUCKI,11,2221,1,1
799698,LadRx Corp  (LADX),1,2025-07-31,2025-07-31,,,0,8K_FTS+8K_SUBMISSIONS,,2836,1,2
800181,MED DIVERSIFIED INC,1,2004-09-16,2004-09-16,,,0,8K_SUBMISSIONS,,8082.0,1,1
800401,EPICUS COMMUNICATIONS GROUP INC,1,2005-12-14,2005-12-14,,,0,8K_SUBMISSIONS,,4813.0,1,1
80134,Presidio Oil Company,1,1996-08-05,,1996-08-05,,0,LOPUCKI,11,1311,1,1
801351,Warnaco Group Inc.,1,2001-06-11,,2001-06-11,,0,LOPUCKI,11,2340,1,1
801441,"Carolco Pictures, Inc.",1,1995-11-10,,1995-11-10,,0,LOPUCKI,11,7812,1,1
801550,DVI Inc.,1,2003-08-25,,2003-08-25,,0,LOPUCKI,11,6172,1,1
801550,DVI INC,2,2004-12-01,2004-12-01,,,0,8K_SUBMISSIONS,,6172.0,1,1
801898,"Harnischfeger Industries, Inc.",1,1999-06-07,,1999-06-07,,0,LOPUCKI,11,3532,1,1
802301,"Silicon Graphics, Inc. (2006)",1,2006-05-08,2006-05-09,2006-05-08,1,134,8K_SUBMISSIONS+LOPUCKI,11,3571,1,3
802301,SILICON GRAPHICS INC,2,2009-04-01,2009-04-01,2009-04-01,0,0,8K_FTS+8K_SUBMISSIONS+LOPUCKI,11,3571,1,3
802481,Pilgrims Pride Corporation,1,2008-12-01,2008-12-04,2008-12-01,3,3,8K_SUBMISSIONS+LOPUCKI,11,2015,1,2
802481,PILGRIMS PRIDE CORP  (PPC),2,2009-12-10,2009-12-10,,,0,8K_FTS+8K_SUBMISSIONS,,2015,1,2
803443,"Leasing Solutions, Inc.",1,1999-11-17,,1999-11-17,,0,LOPUCKI,11,7377,1,1
803568,PHP Healthcare Corporation,1,1998-11-19,,1998-11-19,,0,LOPUCKI,11,8011,1,1
804154,LITHIUM TECHNOLOGY CORP,1,2014-12-11,2014-12-11,,,0,8K_FTS+8K_SUBMISSIONS,,3690,1,2
804331,Indian Hill Holdings Corp,1,2007-02-12,2007-02-12,,,31,8K_SUBMISSIONS,,4813.0,1,2
804331,Indian Hill Holdings Corp,2,2011-07-28,2011-07-28,,,0,8K_FTS+8K_SUBMISSIONS,,4813,1,2
804888,ACCLAIM ENTERTAINMENT INC,1,2004-09-02,2004-09-02,,,0,8K_SUBMISSIONS,,7372.0,1,1
805305,"Quiksilver, Inc.",1,2015-09-09,2015-09-11,2015-09-09,2,149,8K_FTS+8K_SUBMISSIONS+LOPUCKI,11,2320,1,5
805956,"CellNet Data Systems, Inc.",1,2000-02-04,,2000-02-04,,0,LOPUCKI,11,4822,1,1
806085,Lehman Brothers Holdings Inc.,1,2008-09-15,2008-09-19,2008-09-15,4,4,8K_SUBMISSIONS+LOPUCKI,11,6211,1,2
806085,LEHMAN BROTHERS HOLDINGS INC,2,2011-12-14,2011-12-14,,,89,8K_FTS+8K_SUBMISSIONS,,6211,1,4
806624,DELTA WOODSIDE INDUSTRIES INC /SC/,1,2006-10-13,2006-10-13,,,0,8K_SUBMISSIONS,,2211.0,1,1
806624,DELTA WOODSIDE INDUSTRIES INC /SC/,2,2007-10-15,2007-10-15,,,0,8K_SUBMISSIONS,,2211.0,1,1
806817,JENNIFER CONVERTIBLES INC,1,2010-07-20,2010-07-20,,,223,8K_FTS+8K_SUBMISSIONS,,5712,1,6
807708,"Kenetech Corp. (Kenetech Windpower, Inc. only)",1,1996-05-29,,1996-05-29,,0,LOPUCKI,11,4911,1,1
808207,"System Software Associates, Inc.",1,2000-05-03,,2000-05-03,,0,LOPUCKI,11,7372,1,1
810208,"AuraSound, Inc.",1,2013-01-31,2013-01-31,,,0,8K_FTS+8K_SUBMISSIONS,,3651,1,2
810332,"Mesa Air Group, Inc.",1,2010-01-05,2010-01-06,2010-01-05,1,1,8K_FTS+8K_SUBMISSIONS+LOPUCKI,11,4512,1,3
810332,MESA AIR GROUP INC  (MESA),2,2011-03-03,2011-03-03,,,0,8K_FTS+8K_SUBMISSIONS,,4512,1,2
810370,AdAl Group Inc.,1,2006-06-07,2006-06-07,,,0,8K_SUBMISSIONS,,9995.0,1,1
81050,Chazak Value Corp.,1,2007-05-18,2007-05-18,,,264,8K_SUBMISSIONS,,3577.0,1,2
810536,FIRSTFED FINANCIAL CORP,1,2009-12-23,2009-12-23,2010-01-06,-14,15,8K_FTS+8K_SUBMISSIONS+LOPUCKI,11,6035,1,5
810536,FIRSTFED FINANCIAL CORP,2,2012-11-16,2012-11-16,,,52,8K_FTS+8K_SUBMISSIONS,,6035,1,4
810932,GLOBALNET CORP,1,2005-06-29,2005-06-29,,,0,8K_SUBMISSIONS,,4813.0,1,1
811036,"TaxMasters, Inc.",1,2012-03-16,2012-03-16,,,0,8K_FTS+8K_SUBMISSIONS,,7200,1,2
811119,Americold Corp.,1,1995-05-09,,1995-05-09,,0,LOPUCKI,11,4220,1,1
811240,"BIOLASE, INC  (BIOL)",1,2024-10-01,2024-10-01,,,0,8K_FTS+8K_SUBMISSIONS,,3843,1,2
811596,Kaiser Aluminum Corp.,1,2002-02-12,,2002-02-12,,0,LOPUCKI,11,3334,1,1
811596,KAISER ALUMINUM CORP,2,2005-12-23,2005-12-23,,,46,8K_SUBMISSIONS,,3350.0,1,2
811696,Sharper Image Corporation,1,2008-02-19,2008-02-21,2008-02-19,2,2,8K_SUBMISSIONS+LOPUCKI,11,5940,1,2
812423,"Nu-kote Holding, Inc.",1,1998-11-06,,1998-11-06,,0,LOPUCKI,11,3950,1,1
812708,"Wellman, Inc.",1,2008-02-22,2008-02-28,2008-02-22,6,349,8K_FTS+8K_SUBMISSIONS+LOPUCKI,11,2820,1,4
812906,"Hancock Fabrics, Inc.",1,2007-03-21,2007-03-27,2007-03-21,6,6,8K_SUBMISSIONS+LOPUCKI,11,5940,1,2
812906,HANCOCK FABRICS INC,2,2008-08-01,2008-08-01,,,0,8K_SUBMISSIONS,,5940.0,1,1
812906,HANCOCK FABRICS INC,3,2016-02-02,2016-02-02,,,0,8K_FTS+8K_SUBMISSIONS,,5940,1,2
812906,HANCOCK FABRICS INC,4,2017-08-02,2017-08-02,,,0,8K_FTS+8K_SUBMISSIONS,,5940,1,2
813347,"Komag, Inc.",1,2001-08-24,,2001-08-24,,0,LOPUCKI,11,3695,1,1
8137,Guy F. Atkinson Company of California,1,1997-08-10,,1997-08-10,,0,LOPUCKI,11,1600,1,1
813781,Exide Technologies (2002),1,2002-04-15,,2002-04-15,,0,LOPUCKI,11,3690,1,1
813781,EXIDE TECHNOLOGIES,2,2013-06-10,2013-06-10,2013-06-10,0,0,8K_FTS+8K_SUBMISSIONS+LOPUCKI,11,3690,1,3
813920,"CEC Entertainment, Inc.",1,2020-06-24,,2020-06-24,,0,LOPUCKI,11,5812,1,1
814013,"Specialty Equipment Companies, Inc.",1,1991-12-24,,1991-12-24,,0,LOPUCKI,11,5081,1,1
814068,"Champion Enterprises, Inc.",1,2009-11-15,2009-11-20,2009-11-15,5,5,8K_FTS+8K_SUBMISSIONS+LOPUCKI,11,2451,1,3
814241,Formica Corp.,1,2002-03-05,,2002-03-05,,0,LOPUCKI,11,3080,1,1
814249,"MicroAge, Inc.",1,2000-04-13,,2000-04-13,,0,LOPUCKI,11,5045,1,1
814549,EBIX INC  (EBIXQ),1,2023-12-19,2023-12-19,,,255,8K_FTS+8K_SUBMISSIONS,,7373,1,6
814570,Bibb Co,1,1996-07-03,,1996-07-03,,0,LOPUCKI,11,2211,1,1
815508,BIOPURE CORP,1,2009-07-16,2009-07-16,,,0,8K_FTS+8K_SUBMISSIONS,,2836,1,2
817979,ACCURIDE CORP,1,2009-10-08,2009-10-08,2009-10-08,0,137,8K_FTS+8K_SUBMISSIONS+LOPUCKI,11,3714,1,5
818074,ALL AMERICAN SEMICONDUCTOR INC,1,2007-04-27,2007-04-27,,,0,8K_SUBMISSIONS,,5065.0,1,1
818350,"RDM Sports Group, Inc.",1,1997-08-29,,1997-08-29,,0,LOPUCKI,11,3751,1,1
818815,Inacom Corp.,1,2000-06-16,,2000-06-16,,0,LOPUCKI,11,6794,1,1
819480,Read-Rite Corp.,1,2003-06-17,,2003-06-17,,0,LOPUCKI,7,3679,1,1
819551,ILX RESORTS INC,1,2009-03-02,2009-03-02,,,0,8K_FTS+8K_SUBMISSIONS,,6532,1,2
819551,ILX RESORTS INC,2,2010-07-28,2010-07-28,,,41,8K_FTS+8K_SUBMISSIONS,,6532,1,4
819898,SpectraVision Inc.,1,1995-06-08,,1995-06-08,,0,LOPUCKI,11,4899,1,1
820380,INTERNATIONAL AUTOMATED SYSTEMS INC,1,2018-11-21,2018-11-21,,,0,8K_FTS+8K_SUBMISSIONS,,7372,1,2
820408,AMERICAN BUSINESS CORP,1,2007-11-02,2007-11-02,,,0,8K_SUBMISSIONS,,4213.0,1,1
821202,Borden Chemicals & Plastics LP (Borden Chemicals & Plastics Operating LP only),1,2001-04-03,,2001-04-03,,0,LOPUCKI,11,2821,1,1
821483,Delta Petroleum Corporation,1,2011-12-15,2011-12-22,2011-12-15,7,267,8K_FTS+8K_SUBMISSIONS+LOPUCKI,11,1311,1,5
821536,HEARUSA INC,1,2011-05-19,2011-05-19,,,400,8K_FTS+8K_SUBMISSIONS,,5990,1,7
824206,"American Rice, Inc.",1,1998-08-11,,1998-08-11,,0,LOPUCKI,11,5140,1,1
82536,Recoton Corp.,1,2003-04-08,,2003-04-08,,0,LOPUCKI,11,3679,1,1
825692,"Caraustar Industries, Inc.",1,2009-05-31,2009-06-01,2009-05-31,1,87,8K_FTS+8K_SUBMISSIONS+LOPUCKI,11,2631,1,7
826253,AURA SYSTEMS INC,1,2005-06-30,2005-06-30,,,204,8K_SUBMISSIONS,,3690.0,1,2
826773,"UniTek Global Services, Inc.",1,2014-11-03,2014-11-03,,,67,8K_FTS+8K_SUBMISSIONS,,4812,1,4
827187,Sleep Number Corp,1,2026-06-12,2026-06-12,,,0,8K_SUBMISSIONS,,2510.0,1,1
827809,NOVELION THERAPEUTICS INC.,1,2019-05-21,2019-05-21,,,245,8K_FTS+8K_SUBMISSIONS,,2834,1,12
829218,Huntsman Polymers Corp,1,2002-02-27,,2002-02-27,,0,LOPUCKI,no order for relief,2821,1,1
829499,Interstate Bakeries Corporation,1,2004-09-22,2004-09-27,2004-09-22,5,5,8K_SUBMISSIONS+LOPUCKI,11,2050,1,2
829499,INTERSTATE BAKERIES CORP/DE/,2,2008-12-11,2008-12-11,,,0,8K_SUBMISSIONS,,2050.0,1,1
829676,"NTELOS, Inc.",1,2003-03-04,,2003-03-04,,0,LOPUCKI,11,4813,1,1
830141,"Pioneer Companies, Inc.",1,2001-07-31,,2001-07-31,,0,LOPUCKI,11,2800,1,1
830519,EMAX HOLDINGS CORP,1,2011-06-23,2011-06-23,,,0,8K_FTS+8K_SUBMISSIONS,,6770,1,2
830741,"VHGI HOLDINGS, INC.",1,2013-09-30,2013-09-30,,,0,8K_FTS+8K_SUBMISSIONS,,7373,1,2
831115,HEARTLAND TECHNOLOGY INC,1,2005-06-24,2005-06-24,,,70,8K_SUBMISSIONS,,6770.0,1,2
831246,FRANKLIN CREDIT HOLDING CORP/DE/,1,2012-06-05,2012-06-05,,,69,8K_FTS+8K_SUBMISSIONS,,6199,1,8
831327,Imperial Sugar Company,1,2001-01-16,,2001-01-16,,0,LOPUCKI,11,2060,1,1
832820,"KCS Energy, Inc.",1,2000-01-05,,2000-01-05,,0,LOPUCKI,11,5172,1,1
832922,"Drug Emporium, Inc.",1,2001-03-26,,2001-03-26,,0,LOPUCKI,11,5912,1,1
833203,Wyndstorm CORP,1,2011-10-13,2011-10-13,,,0,8K_FTS+8K_SUBMISSIONS,,7389,1,4
83394,Resorts International Inc. (1994),1,1994-03-21,,1994-03-21,,0,LOPUCKI,11,7990,1,1
834285,"REPUBLIC FIRST BANCORP INC  (FRBK, FRBKQ)",1,2024-04-29,2024-04-29,,,129,8K_FTS+8K_SUBMISSIONS,,6022,1,4
834408,Brooke Corporation,1,2008-10-28,2008-10-29,2008-10-28,1,2,8K_SUBMISSIONS+LOPUCKI,11,6411,1,3
835012,COMMONWEALTH BANKSHARES INC,1,2011-09-30,2011-09-30,,,0,8K_FTS+8K_SUBMISSIONS,,6021,1,2
835768,MAIR HOLDINGS INC,1,2005-10-13,2005-10-13,,,0,8K_SUBMISSIONS,,4512.0,1,1
836974,Montgomery Ward Holding Corp. (1997),1,1997-07-07,,1997-07-07,,0,LOPUCKI,11,5311,1,1
836974,Montgomery Ward Holding Corp. (2000),2,2000-12-28,,2000-12-28,,0,LOPUCKI,11,5311,1,1
837173,"Walter Energy, Inc.",1,2015-07-15,2015-07-15,2015-07-15,0,0,8K_FTS+8K_SUBMISSIONS+LOPUCKI,11,1220,1,3
837472,BOUNDLESS CORP,1,2006-06-13,2006-06-13,,,0,8K_SUBMISSIONS,,6770.0,1,1
837852,"IDEANOMICS, INC.  (IDEX)",1,2024-12-06,2024-12-06,,,0,8K_FTS+8K_SUBMISSIONS,,3711,1,2
838448,FF Holdings Corporation,1,1998-01-07,,1998-01-07,,0,LOPUCKI,11,5411,1,1
839441,IMAGENETIX INC /NV/,1,2012-12-18,2012-12-18,,,0,8K_FTS+8K_SUBMISSIONS,,2834,1,2
839621,Granite Broadcasting Corporation,1,2006-12-11,2006-12-13,2006-12-11,2,2,8K_SUBMISSIONS+LOPUCKI,11,4833,1,2
840216,"Koll Real Estate Group, Inc.",1,1997-07-14,,1997-07-14,,0,LOPUCKI,11,1531,1,1
840216,"California Coastal Communities, Inc.",2,2009-10-27,2009-11-02,2009-10-27,6,6,8K_FTS+8K_SUBMISSIONS+LOPUCKI,11,1531,1,3
840216,CALIFORNIA COASTAL COMMUNITIES INC,3,2010-12-08,2010-12-08,,,79,8K_FTS+8K_SUBMISSIONS,,1531,1,6
840256,Vineyard National Bancorp,1,2009-07-21,2009-07-22,2009-07-21,1,385,8K_FTS+8K_SUBMISSIONS+LOPUCKI,11,6021,1,29
840264,CAPITOL BANCORP LTD,1,2012-08-09,2012-08-09,2012-08-09,0,0,8K_FTS+8K_SUBMISSIONS+LOPUCKI,11,6021,1,3
840264,CAPITOL BANCORP LTD,2,2014-02-04,2014-02-04,,,0,8K_FTS+8K_SUBMISSIONS,,6021,1,2
840302,"MTS, Incorporated",1,2004-02-09,,2004-02-09,,0,LOPUCKI,11,5735,1,1
840319,Aphton CORP,1,2006-05-24,2006-05-24,,,0,8K_SUBMISSIONS,,2836.0,1,1
840889,DORAL FINANCIAL CORP,1,2015-03-02,2015-03-02,2015-03-11,-9,10,8K_FTS+8K_SUBMISSIONS+LOPUCKI,11,6029,1,5
84129,RITE AID CORP  (RADCQ),1,2023-10-16,2023-10-16,,,72,8K_FTS+8K_SUBMISSIONS,,5912,1,6
841866,AMS HEALTH SCIENCES INC,1,2008-01-02,2008-01-02,,,40,8K_SUBMISSIONS,,5099.0,1,2
842162,LEAR CORP  (LEA),1,2009-07-07,2009-07-07,2009-07-07,0,121,8K_FTS+8K_SUBMISSIONS+LOPUCKI,11,3714,1,7
842635,Lyondell Chemical Company,1,2009-01-06,2009-01-07,2009-01-06,1,1,8K_FTS+8K_SUBMISSIONS+LOPUCKI,11,2860,1,3
842722,"Fuse Science, Inc.",1,2026-07-17,2026-07-17,,,0,8K_SUBMISSIONS,,4581.0,1,1
842913,"Kash N Karry Food Stores, Inc.",1,1994-11-09,,1994-11-09,,0,LOPUCKI,11,5411,1,1
843494,"ASCENDIA BRANDS, INC.",1,2008-08-08,2008-08-08,,,0,8K_SUBMISSIONS,,2844.0,1,1
843964,HEARTLAND PARTNERS L P,1,2006-04-26,2006-04-26,,,2,8K_SUBMISSIONS,,6552.0,1,2
844143,Centric Brands Inc.,1,2020-05-18,2020-05-18,2020-05-18,0,148,8K_FTS+8K_SUBMISSIONS+LOPUCKI,11,2300,1,7
844843,"Geotek Communications, Inc.",1,1998-06-29,,1998-06-29,,0,LOPUCKI,11,3663,1,1
844887,DIAMONDHEAD CASINO CORP  (DHCC),1,2025-08-04,2025-08-04,,,0,8K_FTS+8K_SUBMISSIONS,,7011,1,2
844985,POSITRON CORP,1,2016-05-10,2016-05-10,,,0,8K_FTS+8K_SUBMISSIONS,,3845,1,2
844985,POSITRON CORP,2,2018-08-01,2018-08-01,,,0,8K_FTS+8K_SUBMISSIONS,,3845,1,2
845577,"Loewen Group, Inc.",1,1999-06-01,,1999-06-01,,0,LOPUCKI,11,7200,1,1
845879,CHARYS HOLDING CO INC,1,2009-03-12,2009-03-12,,,0,8K_FTS+8K_SUBMISSIONS,,7200,1,2
846378,Mercury Finance Company,1,1998-07-06,,1998-07-06,,0,LOPUCKI,11,6141,1,1
846475,ZYNEX INC  (ZYXI),1,2025-12-16,2025-12-16,,,94,8K_FTS+8K_SUBMISSIONS,,3845,1,8
846615,"JPS Textile Group, Inc. (1997)",1,1997-08-01,,1997-08-01,,0,LOPUCKI,11,2211,1,1
846815,Collins & Aikman Corporation,1,2005-05-17,2005-05-20,2005-05-17,3,3,8K_SUBMISSIONS+LOPUCKI,11,3714,1,2
846815,COLLINS & AIKMAN CORP,2,2007-10-16,2007-10-16,,,0,8K_SUBMISSIONS,,3714.0,1,1
847322,Criimi Mae Inc.,1,1998-10-05,,1998-10-05,,0,LOPUCKI,11,6798,1,1
847468,"Waste Systems International, Inc.",1,2001-01-11,,2001-01-11,,0,LOPUCKI,11,4953,1,1
847555,"IdentiPHI, Inc.",1,2009-02-12,2009-02-12,,,0,8K_FTS+8K_SUBMISSIONS,,7370,1,2
849101,Avado Brands Inc.,1,2004-02-04,,2004-02-04,,0,LOPUCKI,11,5812,1,1
84919,"RCLC, INC.",1,2011-09-09,2011-09-09,,,46,8K_FTS+8K_SUBMISSIONS,,2890,1,4
849979,Weirton Steel Corp.,1,2003-05-19,,2003-05-19,,0,LOPUCKI,11,3312,1,1
850261,"Sorrento Therapeutics, Inc.  (SRNE)",1,2023-02-13,2023-02-13,,,9,8K_FTS+8K_SUBMISSIONS,,2836,1,4
850519,"SONICblue, Inc.",1,2003-03-21,,2003-03-21,,0,LOPUCKI,11,3576,1,1
850660,Thermadyne Holdings Corp. (2001),1,2001-11-19,,2001-11-19,,0,LOPUCKI,11,3541,1,1
851199,SIRICOMM INC,1,2007-12-26,2007-12-26,,,0,8K_SUBMISSIONS,,7372.0,1,1
851726,Santa Fe Gold CORP,1,2015-08-28,2015-08-28,,,0,8K_FTS+8K_SUBMISSIONS,,1000,1,2
852570,GLOBAL AXCESS CORP,1,2013-08-06,2013-08-06,,,0,8K_FTS+8K_SUBMISSIONS,,7389,1,2
852766,"YTB International, Inc.",1,2013-03-05,2013-03-05,,,224,8K_FTS+8K_SUBMISSIONS,,4700,1,4
852772,"Flagstar Companies, Inc.",1,1997-06-27,,1997-06-27,,0,LOPUCKI,11,5812,1,1
852952,WestPoint Stevens Inc. (2003),1,2003-06-01,,2003-06-01,,0,LOPUCKI,11,2390,1,1
853695,DRI CORP,1,2012-03-29,2012-03-29,,,0,8K_FTS+8K_SUBMISSIONS,,3669,1,2
853927,"American Media Operations, Inc.",1,2010-11-17,,2010-11-17,,0,LOPUCKI,11,2721,1,1
85417,ROWE COMPANIES,1,2006-09-22,2006-09-22,,,0,8K_SUBMISSIONS,,2510.0,1,1
854171,"GLOBAL AIRCRAFT SOLUTIONS, INC.",1,2009-02-02,2009-02-02,,,81,8K_FTS+8K_SUBMISSIONS,,4581,1,4
854709,Dayton Superior Corporation,1,2009-04-19,2009-04-20,2009-04-19,1,1,8K_FTS+8K_SUBMISSIONS+LOPUCKI,11,3317,1,3
854858,AJAY SPORTS INC,1,2007-01-03,2007-01-03,,,0,8K_SUBMISSIONS,,3949.0,1,1
855109,"MidgardXXI, Inc.",1,2007-05-03,2007-05-03,,,0,8K_SUBMISSIONS,,3572.0,1,1
855372,ECO2 PLASTICS INC,1,2009-11-25,2009-11-25,,,219,8K_FTS+8K_SUBMISSIONS,,4955,1,4
855581,"WEIDA COMMUNICATIONS, INC.",1,2006-03-31,2006-03-31,,,0,8K_SUBMISSIONS,,4813.0,1,1
855667,"Neenah Enterprises, Inc. (2010)",1,2010-02-03,2010-02-04,2010-02-03,1,1,8K_FTS+8K_SUBMISSIONS+LOPUCKI,11,3320,1,3
855684,UCAP INC,1,2004-11-05,2004-11-05,,,0,8K_SUBMISSIONS,,6500.0,1,1
856200,"Kaiser Group International, Inc.",1,2000-06-09,,2000-06-09,,0,LOPUCKI,11,4955,1,1
856569,ENCORIUM GROUP INC,1,2012-05-18,2012-05-18,,,0,8K_FTS+8K_SUBMISSIONS,,8731,1,2
857171,ABLE LABORATORIES INC,1,2005-07-20,2005-07-20,,,0,8K_SUBMISSIONS,,2835.0,1,1
857171,ABLE LABORATORIES INC,2,2006-07-21,2006-07-21,,,0,8K_SUBMISSIONS,,2835.0,1,1
857954,Caldor Corporation,1,1995-09-18,,1995-09-18,,0,LOPUCKI,11,5311,1,1
858395,"Caesars Entertainment Operating Company, Inc.",1,2015-01-12,2015-01-15,2015-01-12,3,3,8K_FTS+8K_SUBMISSIONS+LOPUCKI,11,7011,1,3
858558,READERS DIGEST ASSOCIATION INC,1,2009-08-24,2009-08-24,2009-08-24,0,0,8K_FTS+8K_SUBMISSIONS+LOPUCKI,11,2731,1,3
859475,TRIDENT MICROSYSTEMS INC,1,2012-01-04,2012-01-04,2012-01-04,0,350,8K_FTS+8K_SUBMISSIONS+LOPUCKI,11,3674,1,5
859735,GARDENBURGER INC,1,2005-10-17,2005-10-17,,,154,8K_SUBMISSIONS,,2030.0,1,2
859747,1PM Industries,1,2008-06-03,2008-06-03,,,6,8K_SUBMISSIONS,,2000.0,1,2
860131,Wave Sync Corp.,1,2006-10-06,2006-10-06,,,188,8K_SUBMISSIONS,,2860.0,1,2
860192,Geneva Steel Company (1999),1,1999-02-01,,1999-02-01,,0,LOPUCKI,11,3312,1,1
860420,APS Holding Corp.,1,1998-02-02,,1998-02-02,,0,LOPUCKI,11,5013,1,1
861459,GRANITE CONSTRUCTION INC,1,2026-02-18,2026-02-18,,,0,8K_SUBMISSIONS,,1600.0,1,1
861955,"CIB Marine Bancshares, Inc.",1,2009-09-15,2009-09-16,2009-09-15,1,51,8K_FTS+8K_SUBMISSIONS+LOPUCKI,11,6022,1,5
863456,WET SEAL INC,1,2015-01-16,2015-01-16,,,349,8K_FTS+8K_SUBMISSIONS,,5621,1,6
86346,Salant Corp. (1998),1,1998-12-29,,1998-12-29,,0,LOPUCKI,11,2320,1,1
863894,VERU INC.,1,2016-01-04,2016-01-04,,,0,8K_SUBMISSIONS,,2834.0,1,1
864968,"Venture Stores, Inc",1,1998-01-20,,1998-01-20,,0,LOPUCKI,11,5331,1,1
865570,THQ INC,1,2012-12-19,2012-12-19,2012-12-19,0,237,8K_FTS+8K_SUBMISSIONS+LOPUCKI,11,7372,1,5
865941,CELADON GROUP INC,1,2019-12-19,2019-12-19,,,0,8K_FTS+8K_SUBMISSIONS,,4213,1,2
866253,Cityscape Financial Corp.,1,1998-10-06,,1998-10-06,,0,LOPUCKI,11,6162,1,1
866439,"DarkPulse, Inc.  (DPLS)",1,2023-07-10,2023-07-10,,,0,8K_FTS+8K_SUBMISSIONS,,7372,1,2
866492,"Tectonic Network, Inc",1,2005-10-03,2005-10-03,,,0,8K_SUBMISSIONS,,7372.0,1,1
866535,"Retail Pro, Inc.",1,2009-01-12,2009-01-12,,,0,8K_FTS+8K_SUBMISSIONS,,7372,1,2
866609,ION GEOPHYSICAL CORP,1,2022-04-13,2022-04-13,,,0,8K_FTS+8K_SUBMISSIONS,,1382,1,2
866671,WESTERN WATER CO,1,2005-05-24,2005-05-24,,,269,8K_SUBMISSIONS,,6795.0,1,2
867028,"FOMO WORLDWIDE, INC.  (IGOT)",1,2024-04-15,2024-04-15,,,77,8K_FTS+8K_SUBMISSIONS,,6799,1,4
867687,"AMERICA WEST RESOURCES, INC.",1,2007-10-19,2007-10-19,,,0,8K_SUBMISSIONS,,1220.0,1,1
867687,"AMERICA WEST RESOURCES, INC.",2,2013-02-07,2013-02-07,,,0,8K_FTS+8K_SUBMISSIONS,,1220,1,2
867773,SUNPOWER CORP  (SPWRQ),1,2024-08-06,2024-08-06,,,0,8K_FTS+8K_SUBMISSIONS,,3674,1,2
868076,American Eco Corp.,1,2000-08-04,,2000-08-04,,0,LOPUCKI,11,7600,1,1
868263,"Vista Eyecare, Inc.",1,2000-04-05,,2000-04-05,,0,LOPUCKI,11,5990,1,1
868512,"Sun-Times Media Group, Inc.",1,2009-03-31,,2009-03-31,,0,LOPUCKI,11,2711,1,1
868725,"Rentech, Inc.",1,2017-12-19,2017-12-21,2017-12-19,2,111,8K_FTS+8K_SUBMISSIONS+LOPUCKI,11,2870,1,7
868797,"Winstar Communications, Inc.",1,2001-04-18,,2001-04-18,,0,LOPUCKI,11,4813,1,1
869487,TANDY BRANDS ACCESSORIES INC,1,2014-03-17,2014-03-17,,,37,8K_FTS+8K_SUBMISSIONS,,2300,1,4
870213,"Burlington Industries, Inc.",1,2001-11-15,,2001-11-15,,0,LOPUCKI,11,3211,1,1
870398,SBM CERTIFICATE CO,1,2013-05-03,2013-05-03,,,52,8K_FTS+8K_SUBMISSIONS,,,1,4
87050,Neonode Inc.,1,2008-12-15,2008-12-15,,,0,8K_SUBMISSIONS,,3679.0,1,1
870756,"National Energy Group, Inc.",1,1998-12-04,,1998-12-04,,0,LOPUCKI,11,1311,1,1
870826,"iMedia Brands, Inc.",1,2023-06-29,2023-06-29,,,243,8K_FTS+8K_SUBMISSIONS,,5961,1,4
872248,PETROQUEST ENERGY INC,1,2018-11-07,2018-11-07,,,85,8K_FTS+8K_SUBMISSIONS,,1311,1,4
872545,MCINTOSH BANCSHARES INC /GA/,1,2011-06-21,2011-06-21,,,0,8K_FTS+8K_SUBMISSIONS,,6022,1,2
874265,"Genesis Health Ventures, Inc.",1,2000-06-22,,2000-06-22,,0,LOPUCKI,11,8051,1,1
874292,ADDVANTAGE TECHNOLOGIES GROUP INC  (AEYGQ),1,2024-02-01,2024-02-01,,,0,8K_FTS+8K_SUBMISSIONS,,5000,1,2
874389,"Applied Extrusion Technologies, Inc.",1,2004-12-01,,2004-12-01,,0,LOPUCKI,11,3081,1,1
874499,Gulfport Energy Corporation,1,2020-11-13,2020-11-16,2020-11-13,3,167,8K_FTS+8K_SUBMISSIONS+LOPUCKI,11,1311,1,5
874501,"Ambac Financial Group, Inc.",1,2010-11-08,2010-11-10,2010-11-08,2,2,8K_FTS+8K_SUBMISSIONS+LOPUCKI,11,6351,1,3
874501,AMBAC FINANCIAL GROUP INC  (AMBC),2,2012-03-20,2012-03-20,,,0,8K_FTS+8K_SUBMISSIONS,,6351,1,2
874690,"Sun Television and Appliances, Inc.",1,1998-09-16,,1998-09-16,,0,LOPUCKI,11,5731,1,1
874710,ALLIED HEALTHCARE PRODUCTS INC,1,2023-05-12,2023-05-12,,,67,8K_FTS+8K_SUBMISSIONS,,3842,1,4
874808,"Marvel Entertainment Group, Inc.",1,1996-12-27,,1996-12-27,,0,LOPUCKI,11,2721,1,1
874841,PACIFIC SUNWEAR OF CALIFORNIA INC,1,2016-04-08,2016-04-08,,,157,8K_FTS+8K_SUBMISSIONS,,5600,1,4
875090,"Home Holdings, Inc.",1,1998-01-15,,1998-01-15,,0,LOPUCKI,11,6331,1,1
875612,"Ameriserve Food Distribution, Inc.",1,2000-01-31,,2000-01-31,,0,LOPUCKI,11,5141,1,1
876320,"AgriBioTech, Inc.",1,2000-01-25,,2000-01-25,,0,LOPUCKI,11,100,1,1
877355,"LandAmerica Financial Group, Inc.",1,2008-11-26,2008-12-01,2008-11-26,5,380,8K_FTS+8K_SUBMISSIONS+LOPUCKI,11,6361,1,6
878079,"Bon Ton Stores, Inc.",1,2018-02-04,2018-02-05,2018-02-04,1,75,8K_FTS+8K_SUBMISSIONS+LOPUCKI,11,5311,1,5
878324,"Paging Network, Inc.",1,2000-07-14,,2000-07-14,,0,LOPUCKI,11,4812,1,1
878720,CHILDREN S BOOKS & TOYS INC,1,2004-11-04,2004-11-04,,,0,8K_SUBMISSIONS,,5961.0,1,1
878726,Tuesday Morning Corporation,1,2020-05-27,2020-05-28,2020-05-27,1,215,8K_FTS+8K_SUBMISSIONS+LOPUCKI,11,5331,1,11
878726,TUESDAY MORNING CORP/DE  (TUEMQ),2,2023-02-16,2023-02-16,,,1,8K_FTS+8K_SUBMISSIONS,,5331,1,4
878731,"Finlay Enterprises, Inc.",1,2009-08-05,2009-08-06,2009-08-05,1,1,8K_FTS+8K_SUBMISSIONS+LOPUCKI,11,5944,1,3
878731,FINLAY ENTERPRISES INC /DE,2,2010-08-24,2010-08-24,,,0,8K_FTS+8K_SUBMISSIONS,,5944,1,2
878774,American Mortgage Acceptance Company,1,2010-04-26,2010-04-28,2010-04-26,2,2,8K_FTS+8K_SUBMISSIONS+LOPUCKI,11,6798,1,3
878802,Quadrant 4 System Corp,1,2017-07-05,2017-07-05,,,434,8K_FTS+8K_SUBMISSIONS,,3669,1,10
878808,FIRSTGOLD CORP.,1,2010-01-29,2010-01-29,,,130,8K_FTS+8K_SUBMISSIONS,,1040,1,6
879206,USN CORP,1,2004-12-23,2004-12-23,,,0,8K_SUBMISSIONS,,5944.0,1,1
879206,USN CORP,2,2006-03-13,2006-03-13,,,0,8K_SUBMISSIONS,,5944.0,1,1
879969,CareMatrix Corp.,1,2000-11-09,,2000-11-09,,0,LOPUCKI,11,8050,1,1
880460,"Perfumania Holdings, Inc.",1,2017-08-26,2017-08-29,2017-08-26,3,48,8K_FTS+8K_SUBMISSIONS+LOPUCKI,11,5900,1,5
88095,Sea Containers Ltd.,1,2006-10-15,2006-10-19,2006-10-15,4,4,8K_SUBMISSIONS+LOPUCKI,11,4400,1,2
88095,SEA CONTAINERS LTD /NY/,2,2008-12-02,2008-12-02,,,71,8K_FTS+8K_SUBMISSIONS,,4400.0,1,3
881468,SPATIALIGHT INC,1,2008-02-25,2008-02-25,,,0,8K_SUBMISSIONS,,3861.0,1,1
881524,VIVUS INC,1,2020-07-07,2020-07-07,,,0,8K_FTS+8K_SUBMISSIONS,,2834,1,2
882287,"Mariner Post-Acute Network, Inc.",1,2000-01-18,,2000-01-18,,0,LOPUCKI,11,8051,1,1
883476,CRESCENT BANKING CO,1,2010-07-26,2010-07-26,,,0,8K_FTS+8K_SUBMISSIONS,,6022,1,2
883697,REGEN BIOLOGICS INC,1,2011-04-11,2011-04-11,,,64,8K_FTS+8K_SUBMISSIONS,,3841,1,8
883701,"Finova Group, Inc.",1,2001-03-07,,2001-03-07,,0,LOPUCKI,11,6153,1,1
883702,"Acme Metals, Incorporated",1,1998-09-28,,1998-09-28,,0,LOPUCKI,11,3312,1,1
883943,CHRISTOPHER & BANKS CORP,1,2021-01-14,2021-01-14,,,0,8K_FTS+8K_SUBMISSIONS,,5621,1,2
884124,"Galey & Lord, Inc. (2002)",1,2002-02-19,,2002-02-19,,0,LOPUCKI,11,2211,1,1
884124,"Galey & Lord, Inc. (2004)",2,2004-08-19,,2004-08-19,,0,LOPUCKI,11,2211,1,1
884217,"Tailored Brands, Inc.",1,2020-08-02,2020-08-03,2020-08-02,1,122,8K_FTS+8K_SUBMISSIONS+LOPUCKI,11,5600,1,9
884318,"Metricom, Inc.",1,2001-07-02,,2001-07-02,,0,LOPUCKI,11,3663,1,1
884719,FOCUS ENHANCEMENTS INC,1,2008-09-17,2008-09-17,,,0,8K_SUBMISSIONS,,3576.0,1,1
884940,STEIN MART INC,1,2020-08-12,2020-08-12,2020-08-12,0,0,8K_FTS+8K_SUBMISSIONS+LOPUCKI,11,5651,1,3
884999,Dyersburg Corp.,1,2000-09-25,,2000-09-25,,0,LOPUCKI,11,2211,1,1
885066,Alliance Entertainment Corp.,1,1997-07-14,,1997-07-14,,0,LOPUCKI,11,5099,1,1
885322,Anchor BanCorp Wisconsin Inc.,1,2013-08-12,2013-08-13,2013-08-12,1,46,8K_FTS+8K_SUBMISSIONS+LOPUCKI,11,6036,1,7
885475,Eco-Shift Power Corp.,1,2008-09-16,2008-09-16,,,0,8K_SUBMISSIONS,,7200.0,1,1
885551,VALENCE TECHNOLOGY INC,1,2012-07-13,2012-07-13,,,0,8K_FTS+8K_SUBMISSIONS,,3690,1,2
885551,VALENCE TECHNOLOGY INC,2,2013-11-22,2013-11-22,,,0,8K_FTS+8K_SUBMISSIONS,,3690,1,2
885672,ASTROPOWER INC,1,2004-12-13,2004-12-13,,,0,8K_SUBMISSIONS,,3674.0,1,1
886158,BED BATH & BEYOND INC,1,2023-04-24,2023-04-24,,,158,8K_FTS+8K_SUBMISSIONS,,5700,1,8
886328,E DIGITAL CORP,1,2017-07-07,2017-07-07,,,0,8K_FTS+8K_SUBMISSIONS,,3674,1,2
886835,SUPERIOR ENERGY SERVICES INC,1,2020-12-07,2020-12-07,2020-12-07,0,44,8K_FTS+8K_SUBMISSIONS+LOPUCKI,11,1389,1,5
887150,HAMPSHIRE GROUP LTD,1,2016-11-25,2016-11-25,,,0,8K_FTS+8K_SUBMISSIONS,,2253,1,2
887247,DMK PHARMACEUTICALS Corp  (DMKPQ),1,2024-02-05,2024-02-05,,,0,8K_FTS+8K_SUBMISSIONS,,2834,1,2
887356,"Bradlees, Inc. (1995)",1,1995-06-23,,1995-06-23,,0,LOPUCKI,11,5311,1,1
887356,Bradlees Inc. (2000),2,2000-12-26,,2000-12-26,,0,LOPUCKI,11,5311,1,1
887403,DaisyTek International Corp.,1,2003-05-07,,2003-05-07,,0,LOPUCKI,11,5110,1,1
887433,AMPEX CORP /DE/,1,2008-03-31,2008-03-31,,,192,8K_SUBMISSIONS,,3663.0,1,6
887591,Fibermark Inc.,1,2004-03-30,,2004-03-30,,0,LOPUCKI,11,2631,1,1
887591,FIBERMARK INC,2,2005-12-05,2005-12-05,,,30,8K_SUBMISSIONS,,2631.0,1,2
887701,NORTH AMERICAN PALLADIUM LTD,1,2008-05-19,2008-05-19,,,0,8K_SUBMISSIONS,,1000.0,1,1
887921,"Revlon, Inc. (Revlon Consumer Products Corporation)",1,2022-06-15,2022-06-16,2022-06-15,1,293,8K_FTS+8K_SUBMISSIONS+LOPUCKI,11,2844,1,5
888507,PRESIDENT CASINOS INC,1,2006-12-08,2006-12-08,,,0,8K_SUBMISSIONS,,7990.0,1,1
888507,PRESIDENT CASINOS INC,2,2009-01-30,2009-01-30,,,0,8K_FTS+8K_SUBMISSIONS,,7990,1,2
888693,ISCO INTERNATIONAL INC,1,2009-07-15,2009-07-15,,,161,8K_FTS+8K_SUBMISSIONS,,3825,1,4
888918,Carbide Graphite Group Inc.,1,2001-09-21,,2001-09-21,,0,LOPUCKI,11,3620,1,1
889423,SATCON TECHNOLOGY CORP,1,2012-10-18,2012-10-18,,,0,8K_FTS+8K_SUBMISSIONS,,3674,1,2
889429,"Paragon Trade Brands, Inc.",1,1998-01-06,,1998-01-06,,0,LOPUCKI,11,2670,1,1
889571,United Artists Theatre Company,1,2000-09-05,,2000-09-05,,0,LOPUCKI,11,7830,1,1
889992,"Forticell BioScience, Inc.",1,2008-11-21,2008-11-21,,,251,8K_FTS+8K_SUBMISSIONS,,3841.0,1,3
890080,FOAMEX L P,1,2005-09-22,2005-09-22,,,0,8K_SUBMISSIONS,,3086.0,1,1
890081,FOAMEX CAPITAL CORP,1,2005-09-22,2005-09-22,,,0,8K_SUBMISSIONS,,3086.0,1,1
890093,"JumboSports, Inc.",1,1998-12-27,,1998-12-27,,0,LOPUCKI,11,5940,1,1
890447,Vertex Energy Inc.  (VTNR),1,2024-09-26,2024-09-26,,,118,8K_FTS+8K_SUBMISSIONS,,2911,1,6
890449,"PennCorp Financial Group, Inc.",1,2000-02-07,,2000-02-07,,0,LOPUCKI,11,6311,1,1
890547,REVLON CONSUMER PRODUCTS CORP,1,2022-06-16,2022-06-16,,,292,8K_FTS+8K_SUBMISSIONS,,2844,1,4
890784,RAMP CORP,1,2005-06-08,2005-06-08,,,0,8K_SUBMISSIONS,,7370.0,1,1
89107,"Service Merchandise Company, Inc.",1,1999-03-15,,1999-03-15,,0,LOPUCKI,11,5399,1,1
891285,Ha-Lo Industries,1,2001-07-30,,2001-07-30,,0,LOPUCKI,11,5090,1,1
891504,"TAPESTRY PHARMACEUTICALS, INC",1,2009-03-25,2009-03-25,,,0,8K_FTS+8K_SUBMISSIONS,,2833,1,2
891531,"Breed Technologies, Inc.",1,1999-09-20,,1999-09-20,,0,LOPUCKI,11,3714,1,1
892449,VENTURE FINANCIAL GROUP INC,1,2009-09-17,2009-09-17,,,0,8K_FTS+8K_SUBMISSIONS,,6022,1,2
892535,THORNBURG MORTGAGE INC,1,2009-05-01,2009-05-01,2009-05-01,0,0,8K_FTS+8K_SUBMISSIONS+LOPUCKI,11,6798,1,3
892553,Chart Industries Inc.,1,2003-07-08,,2003-07-08,,0,LOPUCKI,11,3443,1,1
892604,"Worldtex, Inc.",1,2001-03-12,,2001-03-12,,0,LOPUCKI,11,2200,1,1
892986,WARREN RESOURCES INC,1,2016-06-03,2016-06-03,,,109,8K_FTS+8K_SUBMISSIONS,,1311,1,6
893670,"Hayes Lemmerz International, Inc. (2001)",1,2001-12-05,,2001-12-05,,0,LOPUCKI,11,3714,1,1
893741,FRESH CHOICE INC,1,2005-12-23,2005-12-23,,,0,8K_SUBMISSIONS,,5812.0,1,1
894076,Philip Services Corp. (1999),1,1999-06-25,,1999-06-25,,0,LOPUCKI,11,4950,1,1
894158,"Theriva Biologics, Inc.",1,2005-07-15,2005-07-15,,,0,8K_SUBMISSIONS,,2834.0,1,1
894232,Drypers Corp.,1,2000-10-10,,2000-10-10,,0,LOPUCKI,11,2670,1,1
894267,COWLITZ BANCORPORATION,1,2010-08-02,2010-08-02,,,0,8K_FTS+8K_SUBMISSIONS,,6022,1,2
894490,BANKUNITED FINANCIAL CORP,1,2009-05-29,2009-05-29,,,0,8K_FTS+8K_SUBMISSIONS,,6035,1,2
894490,BANKUNITED FINANCIAL CORP,2,2012-03-09,2012-03-09,,,0,8K_FTS+8K_SUBMISSIONS,,6035,1,2
894503,INTEGRAL HEALTH INC,1,2006-04-27,2006-04-27,,,0,8K_SUBMISSIONS,,6770.0,1,1
894544,CHANCELLOR GROUP INC.,1,2007-11-02,2007-11-02,,,291,8K_SUBMISSIONS,,1311.0,1,2
894552,"E Med Future, Inc.",1,2006-12-13,2006-12-13,,,0,8K_SUBMISSIONS,,7819.0,1,1
894552,E MED FUTURE INC  (EMDF),2,2011-12-15,2011-12-15,,,124,8K_FTS+8K_SUBMISSIONS,,3841,1,4
894751,"Boston Chicken, Inc.",1,1998-10-05,,1998-10-05,,0,LOPUCKI,11,5812,1,1
895126,Chesapeake Energy Corporation,1,2020-06-28,2020-06-29,2020-06-28,1,205,8K_FTS+8K_SUBMISSIONS+LOPUCKI,11,1311,1,5
895419,"WOLFSPEED, INC.  (WOLF)",1,2025-07-01,2025-07-01,,,91,8K_FTS+8K_SUBMISSIONS,,3674,1,6
895517,"Molten Metal Technology, Inc.",1,1997-12-03,,1997-12-03,,0,LOPUCKI,11,4955,1,1
895642,ENER1 INC,1,2012-01-26,2012-01-26,2012-01-26,0,36,8K_FTS+8K_SUBMISSIONS+LOPUCKI,11,3690,1,7
895648,GENERAL GROWTH PROPERTIES INC,1,2009-04-16,2009-04-16,2009-04-16,0,0,8K_FTS+8K_SUBMISSIONS+LOPUCKI,11,6798,1,3
895648,GENERAL GROWTH PROPERTIES INC,2,2010-10-27,2010-10-27,,,0,8K_FTS+8K_SUBMISSIONS,,6798,1,2
895651,SIGHT RESOURCE CORP,1,2005-11-10,2005-11-10,,,0,8K_SUBMISSIONS,,8000.0,1,1
895665,"Clearday, Inc.  (CLRD)",1,2024-04-05,2024-04-05,,,0,8K_FTS+8K_SUBMISSIONS,,8050,1,2
895716,"StarVox Communications, Inc. /DE/",1,2005-01-18,2005-01-18,,,0,8K_SUBMISSIONS,,6770.0,1,1
896265,Pillowtex Corp. (2000),1,2000-11-14,,2000-11-14,,0,LOPUCKI,11,2390,1,1
896265,Pillowtex Corp. (2003),2,2003-07-30,,2003-07-30,,0,LOPUCKI,11,2390,1,1
896493,"Ault Alliance, Inc.  (AULT, AULT-PD)",1,2023-08-03,2023-08-03,,,0,8K_FTS+8K_SUBMISSIONS,,3679,1,2
896842,ORCHARD SUPPLY HARDWARE STORES CORP,1,2013-06-17,2013-06-17,2013-06-17,0,255,8K_FTS+8K_SUBMISSIONS+LOPUCKI,11,5200,1,7
896985,Destination Maternity Corp,1,2019-10-25,2019-10-25,,,0,8K_FTS+8K_SUBMISSIONS,,5621,1,2
897729,TRUMP ATLANTIC CITY ASSOCIATES,1,2004-11-24,2004-11-24,,,138,8K_SUBMISSIONS,,7990.0,1,2
897745,WCI Steel Inc.,1,2003-09-16,,2003-09-16,,0,LOPUCKI,11,3312,1,1
897861,FIRST STATE BANCORPORATION,1,2011-02-01,2011-02-01,2011-04-27,-85,85,8K_FTS+8K_SUBMISSIONS+LOPUCKI,7,6022,1,3
898660,STATION CASINOS INC,1,2009-07-28,2009-07-28,2009-07-28,0,0,8K_FTS+8K_SUBMISSIONS+LOPUCKI,11,7990,1,3
898660,STATION CASINOS INC,2,2010-09-15,2010-09-15,,,0,8K_FTS+8K_SUBMISSIONS,,7990,1,2
898904,ATA Holdings Corp.,1,2004-10-26,2004-10-28,2004-10-26,2,2,8K_SUBMISSIONS+LOPUCKI,11,4522,1,2
898904,ATA HOLDINGS CORP,2,2006-02-06,2006-02-06,,,0,8K_SUBMISSIONS,,4522.0,1,1
899166,"POINT BLANK SOLUTIONS, INC.",1,2010-04-14,2010-04-14,,,0,8K_FTS+8K_SUBMISSIONS,,3842,1,2
899647,RIVIERA HOLDINGS CORP,1,2010-07-14,2010-07-14,,,146,8K_FTS+8K_SUBMISSIONS,,7011,1,4
901696,MTI TECHNOLOGY CORP,1,2007-10-19,2007-10-19,,,0,8K_SUBMISSIONS,,3572.0,1,1
902274,LIBBEY INC,1,2020-06-01,2020-06-01,2020-06-01,0,141,8K_FTS+8K_SUBMISSIONS+LOPUCKI,11,3220,1,5
902279,Levitz Furniture Incorporated,1,1997-09-05,,1997-09-05,,0,LOPUCKI,11,5712,1,1
902281,ELECTROGLAS INC,1,2009-07-13,2009-07-13,,,0,8K_FTS+8K_SUBMISSIONS,,3559,1,2
904020,FLYI INC,1,2005-11-07,2005-11-07,2005-11-07,0,0,8K_SUBMISSIONS+LOPUCKI,11,4512.0,1,2
904020,FLYI INC,2,2007-03-21,2007-03-21,,,12,8K_SUBMISSIONS,,4512.0,1,2
904080,STONE ENERGY CORP,1,2016-12-14,2016-12-14,2016-12-14,0,63,8K_FTS+8K_SUBMISSIONS+LOPUCKI,11,1311,1,5
904901,WatchIt Technologies Inc.,1,2010-10-22,2010-10-22,,,0,8K_SUBMISSIONS,,7389.0,1,1
904978,"Sun HealthCare Group, Inc.",1,1999-10-15,,1999-10-15,,0,LOPUCKI,11,8051,1,1
904979,SHILOH INDUSTRIES INC,1,2020-08-31,2020-08-31,,,0,8K_FTS+8K_SUBMISSIONS,,3460,1,2
906337,PM Liquidating Corp.,1,2008-07-23,2008-07-23,,,48,8K_SUBMISSIONS,,7374.0,1,4
906347,NTL Communications Corp.,1,2002-05-08,,2002-05-08,,0,LOPUCKI,11,4813,1,1
906469,"Washington Group International, Inc.",1,2001-05-14,,2001-05-14,,0,LOPUCKI,11,8711,1,1
908797,"Coho Energy, Inc. (1999)",1,1999-08-23,,1999-08-23,,0,LOPUCKI,11,1311,1,1
908797,"Coho Energy, Inc. (2002)",2,2002-02-06,,2002-02-06,,0,LOPUCKI,11,1311,1,1
909326,"Asyst Technologies, Inc.",1,2009-04-20,2009-04-24,2009-04-20,4,4,8K_FTS+8K_SUBMISSIONS+LOPUCKI,11,3559,1,3
909950,"Allied Holdings, Inc.",1,2005-07-31,2005-08-01,2005-07-31,1,1,8K_SUBMISSIONS+LOPUCKI,11,4213,1,2
909950,ALLIED SYSTEMS HOLDINGS INC,2,2007-05-24,2007-05-24,,,0,8K_SUBMISSIONS,,4213.0,1,1
910468,"Flooring America, Inc.",1,2000-06-15,,2000-06-15,,0,LOPUCKI,11,5700,1,1
910562,"Arm Financial Group, Inc.",1,1999-12-20,,1999-12-20,,0,LOPUCKI,11,6311,1,1
910612,CBL & Associates Properties Inc. (CBL & Associates LP),1,2020-11-01,2020-11-02,2020-11-01,1,284,8K_FTS+8K_SUBMISSIONS+LOPUCKI,11,6798,1,4
910619,Monaco Coach Corporation,1,2009-03-05,2009-03-09,2009-03-05,4,4,8K_FTS+8K_SUBMISSIONS+LOPUCKI,11,3711,1,3
911002,LodgeNet Interactive Corporation,1,2013-01-27,2013-01-28,2013-01-27,1,43,8K_FTS+8K_SUBMISSIONS+LOPUCKI,11,4899,1,5
911004,Friedman's Inc.,1,2005-01-14,2005-01-18,2005-01-14,4,320,8K_SUBMISSIONS+LOPUCKI,11,5944,1,3
911115,Atchison Casting Corp.,1,2003-08-04,,2003-08-04,,0,LOPUCKI,11,3320,1,1
911522,"GST Telecommunications, Inc.",1,2000-05-17,,2000-05-17,,0,LOPUCKI,11,4813,1,1
911576,VESTA INSURANCE GROUP INC,1,2006-07-05,2006-07-05,2006-07-18,-13,177,8K_SUBMISSIONS+LOPUCKI,11,6331.0,1,5
911626,"Ultimate Electronics, Inc.",1,2005-01-11,2005-01-18,2005-01-11,7,7,8K_SUBMISSIONS+LOPUCKI,11,5731,1,2
911631,TRIAD GUARANTY INC,1,2012-12-12,2012-12-12,2013-06-03,-173,173,8K_FTS+8K_SUBMISSIONS+LOPUCKI,11,6351,1,3
911801,EARTHSHELL CORP,1,2007-01-22,2007-01-22,,,189,8K_SUBMISSIONS,,2650.0,1,3
912142,Specialty Foods Corp.,1,2000-09-18,,2000-09-18,,0,LOPUCKI,11,2020,1,1
912192,"MobileMedia Communications, Inc.",1,1997-01-30,,1997-01-30,,0,LOPUCKI,11,4812,1,1
912241,PROGRESSIVE GAMING INTERNATIONAL CORP,1,2009-03-20,2009-03-20,,,0,8K_FTS+8K_SUBMISSIONS,,3990,1,2
912295,"GC Companies, Inc.",1,2000-10-11,,2000-10-11,,0,LOPUCKI,11,7830,1,1
912365,EVERGREEN ENERGY INC,1,2012-01-24,2012-01-24,,,0,8K_FTS+8K_SUBMISSIONS,,1221,1,2
912908,"Foamex International, Inc. (2005)",1,2005-09-19,2005-09-22,2005-09-19,3,3,8K_SUBMISSIONS+LOPUCKI,11,3086,1,2
912908,"Foamex International, Inc. (2009)",2,2009-02-18,2009-02-24,2009-02-18,6,6,8K_FTS+8K_SUBMISSIONS+LOPUCKI,11,3086,1,3
913015,REGENT COMMUNICATIONS INC,1,2010-03-01,2010-03-01,,,43,8K_FTS+8K_SUBMISSIONS,,4832,1,4
913144,"RENAISSANCERE HOLDINGS LTD  (RNR, RNR-PF, RNR-PG)",1,2012-05-22,2012-05-22,,,0,8K_FTS+8K_SUBMISSIONS,,6331,1,2
913144,"RENAISSANCERE HOLDINGS LTD  (RNR, RNR-PF, RNR-PG)",2,2014-12-30,2014-12-30,,,142,8K_FTS+8K_SUBMISSIONS,,6331,1,4
913364,"ABC-NACO, Inc.",1,2001-10-18,,2001-10-18,,0,LOPUCKI,11,3460,1,1
913437,"Purina Mills, Inc.",1,1999-10-28,,1999-10-28,,0,LOPUCKI,11,2040,1,1
913665,TerreStar Corporation (TerreStar Networks Inc. only) (2010),1,2010-10-19,2010-10-22,2010-10-19,3,120,8K_FTS+8K_SUBMISSIONS+LOPUCKI,11,4899,1,4
914384,Dan River Inc.,1,2004-03-31,2005-01-24,2004-03-31,299,320,8K_SUBMISSIONS+LOPUCKI,11,2200,1,3
914480,"Trism, Inc.",1,1999-09-16,,1999-09-16,,0,LOPUCKI,11,4213,1,1
914749,"CAI Wireless Systems, Inc.",1,1998-07-30,,1998-07-30,,0,LOPUCKI,11,4841,1,1
915140,CBL & ASSOCIATES LIMITED PARTNERSHIP,1,2020-11-02,2020-11-02,,,283,8K_FTS+8K_SUBMISSIONS,,6798.0,1,3
915354,OSULLIVAN INDUSTRIES HOLDINGS INC,1,2005-10-19,2005-10-19,,,154,8K_SUBMISSIONS,,2511.0,1,2
915390,Arch Wireless Inc.,1,2001-11-09,,2001-11-09,,0,LOPUCKI,11,4812,1,1
916457,Calpine Corp.,1,2005-12-20,2005-12-23,2005-12-20,3,3,8K_SUBMISSIONS+LOPUCKI,11,4911,1,2
916457,CALPINE CORP,2,2007-12-27,2007-12-27,,,0,8K_SUBMISSIONS,,4911.0,1,1
917464,"EOTT Energy Partners, L.P.",1,2002-10-08,,2002-10-08,,0,LOPUCKI,11,5171,1,1
917707,"Heartland Wireless Communications, Inc.",1,1998-12-04,,1998-12-04,,0,LOPUCKI,11,4841,1,1
918111,"Just For Feet, Inc.",1,1999-11-04,,1999-11-04,,0,LOPUCKI,11,5661,1,1
918275,"Kellstrom Industries, Inc.",1,2002-02-20,,2002-02-20,,0,LOPUCKI,11,3724,1,1
918358,"Wireless One, Inc.",1,1999-02-11,,1999-02-11,,0,LOPUCKI,11,4841,1,1
918577,"Rouge Industries, Inc.",1,2003-10-23,,2003-10-23,,0,LOPUCKI,11,3312,1,1
918581,"Ciber, Inc.",1,2017-04-09,2017-04-10,2017-04-09,1,29,8K_FTS+8K_SUBMISSIONS+LOPUCKI,11,7371,1,5
918944,"MediaNews Group, Inc. (Affiliated Media, Inc. only)",1,2010-01-22,,2010-01-22,,0,LOPUCKI,11,2711,1,1
919013,WAVE SYSTEMS CORP,1,2016-02-01,2016-02-01,,,210,8K_FTS+8K_SUBMISSIONS,,3577,1,6
919226,Smurfit-Stone Container Corporation,1,2009-01-26,2009-01-30,2009-01-26,4,4,8K_FTS+8K_SUBMISSIONS+LOPUCKI,11,2631,1,3
919226,SMURFIT STONE CONTAINER CORP,2,2010-02-25,2010-02-25,,,117,8K_FTS+8K_SUBMISSIONS,,2631,1,6
919603,"IGIA, Inc.",1,2004-10-27,2004-10-27,,,0,8K_SUBMISSIONS,,5960.0,1,1
919603,"IGIA, Inc.",2,2006-01-13,2006-01-13,,,0,8K_SUBMISSIONS,,5960.0,1,1
919943,"McLeodUSA, Inc. (2002)",1,2002-01-30,,2002-01-30,,0,LOPUCKI,11,4812,1,1
919943,McLeodUSA LLC,2,2005-10-28,2005-10-28,2005-10-28,0,49,8K_SUBMISSIONS+LOPUCKI,11,4813.0,1,3
919988,Jayhawk Acceptance Corp.,1,1997-02-07,,1997-02-07,,0,LOPUCKI,11,6141,1,1
920173,"FPA Medical Management, Inc.",1,1998-07-19,,1998-07-19,,0,LOPUCKI,11,8093,1,1
920317,U.S. Dry Cleaning Services Corp,1,2005-01-20,2005-01-20,,,43,8K_SUBMISSIONS,,7200.0,1,5
920317,US DRY CLEANING CORP,2,2010-03-05,2010-03-05,,,0,8K_FTS+8K_SUBMISSIONS,,7200,1,2
920317,US Dry Cleaning Services Corp,3,2011-09-29,2011-09-29,,,0,8K_FTS+8K_SUBMISSIONS,,7200,1,2
920321,"CENVEO, INC",1,2018-02-02,2018-02-02,2018-02-02,0,0,8K_FTS+8K_SUBMISSIONS+LOPUCKI,11,2670,1,3
920448,BROADVISION INC,1,2020-03-27,2020-03-27,,,3,8K_FTS+8K_SUBMISSIONS,,7372,1,4
920947,NORTHFIELD LABORATORIES INC /DE/,1,2009-06-01,2009-06-01,,,121,8K_FTS+8K_SUBMISSIONS,,2836,1,4
921549,"Trico Marine Services, Inc. (2004)",1,2004-12-21,2004-12-27,2004-12-21,6,85,8K_SUBMISSIONS+LOPUCKI,11,4400,1,7
921549,"Trico Marine Services, Inc. (2010)",2,2010-08-25,2010-08-26,2010-08-25,1,357,8K_FTS+8K_SUBMISSIONS+LOPUCKI,11,4400,1,7
921623,"PacificAmerica Money Center, Inc.",1,1999-11-19,,1999-11-19,,0,LOPUCKI,11,6162,1,1
922341,Hvide Marine Incorporated,1,1999-09-08,,1999-09-08,,0,LOPUCKI,11,4412,1,1
922358,"FERRELLGAS PARTNERS L P  (FGPR, FGPRB)",1,2021-01-11,2021-01-11,2021-01-11,0,0,8K_FTS+8K_SUBMISSIONS+LOPUCKI,11,5900,1,3
922359,FERRELLGAS L P,1,2021-01-11,2021-01-11,,,0,8K_FTS+8K_SUBMISSIONS,,5900,1,2
922360,FERRELLGAS FINANCE CORP,1,2021-01-11,2021-01-11,,,0,8K_FTS+8K_SUBMISSIONS,,5900,1,2
922471,Budget Group Inc.,1,2002-07-29,,2002-07-29,,0,LOPUCKI,11,7510,1,1
922475,"ITT Educational Services, Inc.",1,2016-09-16,2016-09-26,2016-09-16,10,10,8K_FTS+8K_SUBMISSIONS+LOPUCKI,7,8200,1,3
922812,American Homestar Corp.,1,2001-01-11,,2001-01-11,,0,LOPUCKI,11,2452,1,1
922978,"Trend-Lines, Inc.",1,2000-08-11,,2000-08-11,,0,LOPUCKI,11,5961,1,1
92339,COLONIAL BANCGROUP INC,1,2009-08-20,2009-08-20,2009-08-25,-5,294,8K_FTS+8K_SUBMISSIONS+LOPUCKI,11,6022,1,7
923473,"Palm Harbor Homes, Inc.",1,2010-11-29,2010-11-30,2010-11-29,1,1,8K_FTS+8K_SUBMISSIONS+LOPUCKI,11,2452,1,3
923529,COOPERATIVE BANKSHARES INC,1,2009-06-22,2009-06-22,2009-08-19,-58,58,8K_FTS+8K_SUBMISSIONS+LOPUCKI,7,6036,1,5
923877,"ION Media Networks, Inc.",1,2009-05-19,,2009-05-19,,0,LOPUCKI,11,4832,1,1
924095,WATERSIDE CAPITAL CORP  (MVCO),1,2014-06-03,2014-06-03,,,0,8K_FTS+8K_SUBMISSIONS,,6199.0,1,2
924174,Coram Healthcare Corp.,1,2000-08-08,,2000-08-08,,0,LOPUCKI,11,8082,1,1
924174,CORAM HEALTHCARE CORP,2,2004-11-02,2004-11-02,,,0,8K_SUBMISSIONS,,8082.0,1,1
924374,"CHS Electronics, Inc.",1,2000-04-04,,2000-04-04,,0,LOPUCKI,11,5045,1,1
924632,"International Fibercom, Inc.",1,2002-02-13,,2002-02-13,,0,LOPUCKI,11,7373,1,1
924635,"Ernst Home Center, Inc.",1,1996-07-12,,1996-07-12,,0,LOPUCKI,11,5211,1,1
925178,"Movie Gallery, Inc. (2007)",1,2007-10-16,2007-10-17,2007-10-16,1,183,8K_SUBMISSIONS+LOPUCKI,11,7841,1,4
925178,"Movie Gallery, Inc. (2010)",2,2010-02-02,,2010-02-02,,0,LOPUCKI,11,7841,1,1
925464,SECURITY BANK CORP,1,2009-07-27,2009-07-27,2009-07-31,-4,4,8K_FTS+8K_SUBMISSIONS+LOPUCKI,7,6022,1,3
925548,"Tower Automotive, Inc.",1,2005-02-02,2005-02-07,2005-02-02,5,5,8K_SUBMISSIONS+LOPUCKI,11,3460,1,2
925928,"Telscape International, Inc.",1,2001-04-27,,2001-04-27,,0,LOPUCKI,11,4813,1,1
926229,SCANTEK MEDICAL INC,1,2008-12-31,2008-12-31,,,0,8K_SUBMISSIONS,,5047.0,1,1
926296,First Merchants Acceptance Corporation,1,1997-07-11,,1997-07-11,,0,LOPUCKI,11,6141,1,1
926617,"VERMILLION, INC.  (AWH)",1,2009-03-31,2009-03-31,,,300,8K_FTS+8K_SUBMISSIONS,,3826,1,6
927417,"Polymer Group, Inc.",1,2002-03-25,,2002-03-25,,0,LOPUCKI,11,2221,1,1
927761,MYMETICS CORP,1,2006-02-13,2006-02-13,,,0,8K_SUBMISSIONS,,2836.0,1,1
927790,Union Acceptance Corporation,1,2002-10-31,,2002-10-31,,0,LOPUCKI,11,6141,1,1
928375,Dutch Gold Resources Inc,1,2004-12-29,2004-12-29,,,0,8K_SUBMISSIONS,,1040.0,1,1
928375,Dutch Gold Resources Inc,2,2014-04-17,2014-04-17,,,329,8K_FTS+8K_SUBMISSIONS,,5160,1,6
928423,EQUUS GAMING CO LP,1,2004-10-19,2004-10-19,,,0,8K_SUBMISSIONS,,7990.0,1,1
928800,KH FUNDING CO,1,2010-12-06,2010-12-06,,,0,8K_FTS+8K_SUBMISSIONS,,6162,1,2
929144,"Young Broadcasting, Inc.",1,2009-02-13,2009-02-17,2009-02-13,4,4,8K_FTS+8K_SUBMISSIONS+LOPUCKI,11,4833,1,3
929941,"Family Golf Centers, Inc.",1,2000-05-04,,2000-05-04,,0,LOPUCKI,11,7990,1,1
929994,"Assisted Living Concepts, Inc.",1,2001-10-01,,2001-10-01,,0,LOPUCKI,11,8050,1,1
930735,Crown Pacific Partners L.P.,1,2003-06-29,,2003-06-29,,0,LOPUCKI,11,2421,1,1
930735,CROWN PACIFIC PARTNERS L P,2,2004-12-21,2004-12-21,,,0,8K_SUBMISSIONS,,2421.0,1,1
930835,EDISON MISSION ENERGY,1,2012-12-17,2012-12-17,2012-12-17,0,0,8K_FTS+8K_SUBMISSIONS+LOPUCKI,11,4911,1,3
930835,EDISON MISSION ENERGY,2,2014-03-17,2014-03-17,,,0,8K_FTS+8K_SUBMISSIONS,,4911,1,2
931336,DEAN FOODS CO,1,2019-11-12,2019-11-12,2019-11-12,0,0,8K_FTS+8K_SUBMISSIONS+LOPUCKI,11,2020,1,3
931336,DEAN FOODS CO,2,2021-04-14,2021-04-14,,,15,8K_FTS+8K_SUBMISSIONS,,2020,1,4
931457,UNIVERSAL AUTOMOTIVE INDUSTRIES INC /DE/,1,2005-05-31,2005-05-31,,,0,8K_SUBMISSIONS,,5013.0,1,1
931702,"OCA, Inc.",1,2006-03-14,2006-03-20,2006-03-14,6,6,8K_SUBMISSIONS+LOPUCKI,11,8000,1,2
932110,"Kitty Hawk, Inc.",1,2000-05-01,,2000-05-01,,0,LOPUCKI,11,4522,1,1
932110,KITTY HAWK INC,2,2007-10-15,2007-10-15,,,276,8K_SUBMISSIONS,,4522.0,1,2
932127,ADDISON DAVIS DIAGNOSTICS,1,2006-10-19,2006-10-19,,,0,8K_SUBMISSIONS,,2834.0,1,1
932140,"e.spire Communications, Inc.",1,2001-03-22,,2001-03-22,,0,LOPUCKI,11,4813,1,1
933035,"County Seat, Inc.",1,1996-10-17,,1996-10-17,,0,LOPUCKI,11,5611,1,1
933136,"Washington Mutual, Inc.",1,2008-09-26,2008-09-30,2008-09-26,4,4,8K_SUBMISSIONS+LOPUCKI,11,6035,1,2
933136,"WASHINGTON MUTUAL, INC  (COOP)",2,2012-03-01,2012-03-01,,,32,8K_FTS+8K_SUBMISSIONS,,6035,1,5
933157,Aurora Oil & Gas CORP,1,2009-07-14,2009-07-14,,,161,8K_FTS+8K_SUBMISSIONS,,1311,1,4
933738,ENGLOBAL CORP  (ENGC),1,2025-03-06,2025-03-06,,,0,8K_FTS+8K_SUBMISSIONS,,8711,1,2
933747,"Renaissance Cosmetics, Inc.",1,1999-06-02,,1999-06-02,,0,LOPUCKI,11,2844,1,1
93456,Standard Register Company,1,2015-03-12,2015-03-13,2015-03-12,1,281,8K_FTS+8K_SUBMISSIONS+LOPUCKI,11,2761,1,7
934852,U.S. Office Products Company,1,2001-03-05,,2001-03-05,,0,LOPUCKI,11,5961,1,1
935063,DOWNEY FINANCIAL CORP,1,2008-11-24,2008-11-24,2008-11-25,-1,2,8K_SUBMISSIONS+LOPUCKI,7,6035.0,1,3
935066,SHELLS SEAFOOD RESTAURANTS INC,1,2008-09-03,2008-09-03,,,0,8K_SUBMISSIONS,,5812.0,1,1
93542,ENESCO GROUP INC,1,2007-01-16,2007-01-16,,,36,8K_SUBMISSIONS,,5190.0,1,2
935493,AZZURRA HOLDING CORP,1,2006-11-01,2006-11-01,,,246,8K_SUBMISSIONS,,3663.0,1,3
935724,PMI GROUP INC,1,2011-10-24,2011-10-24,2011-11-23,-30,30,8K_FTS+8K_SUBMISSIONS+LOPUCKI,11,6351,1,5
935724,PMI GROUP INC,2,2013-07-29,2013-07-29,,,0,8K_FTS+8K_SUBMISSIONS,,6351,1,2
935802,"Anicom, Inc.",1,2001-01-05,,2001-01-05,,0,LOPUCKI,11,5063,1,1
936404,WINFIELD CAPITAL CORP,1,2005-11-22,2005-11-22,,,1,8K_SUBMISSIONS,,,1,2
936446,Amerinac Holding Corp.,1,2005-02-07,2005-02-07,,,332,8K_SUBMISSIONS,,5072.0,1,2
937969,BERTHEL GROWTH & INCOME TRUST I,1,2009-01-08,2009-01-08,,,0,8K_FTS+8K_SUBMISSIONS,,,1,2
937969,BERTHEL GROWTH & INCOME TRUST I,2,2010-03-05,2010-03-05,,,0,8K_FTS+8K_SUBMISSIONS,,,1,2
937971,"ACT Manufacturing, Inc.",1,2001-12-21,,2001-12-21,,0,LOPUCKI,11,3672,1,1
939930,"PYXUS INTERNATIONAL, INC.  (PYYX)",1,2020-06-15,2020-06-15,2020-06-15,0,70,8K_FTS+8K_SUBMISSIONS+LOPUCKI,11,5150,1,5
94026,"Stellex Industries, Inc. (Stellex Technologies, Inc.)",1,2000-09-12,,2000-09-12,,0,LOPUCKI,11,3812,1,1
940510,"Borders Group, Inc.",1,2011-02-16,2011-02-17,2011-02-16,1,309,8K_FTS+8K_SUBMISSIONS+LOPUCKI,11,5940,1,5
940716,PSINet Inc.,1,2001-05-31,,2001-05-31,,0,LOPUCKI,11,7370,1,1
941020,GENELINK INC,1,2014-04-22,2014-04-22,,,0,8K_FTS+8K_SUBMISSIONS,,8071,1,3
941738,Wheeling Pittsburgh Corp. (2000),1,2000-11-16,,2000-11-16,,0,LOPUCKI,11,3312,1,1
942138,"SLI, Inc.",1,2002-09-09,,2002-09-09,,0,LOPUCKI,11,3640,1,1
942307,Dade Behring Inc.,1,2002-08-01,,2002-08-01,,0,LOPUCKI,11,2835,1,1
943206,COMPUTER LEARNING CENTERS INC,1,2005-07-25,2005-07-25,,,0,8K_SUBMISSIONS,,8200.0,1,1
943320,Trump Hotels & Casino Resorts Inc. (2004),1,2004-11-21,2004-11-24,2004-11-21,3,186,8K_SUBMISSIONS+LOPUCKI,11,7011,1,4
943320,"TRUMP ENTERTAINMENT RESORTS, INC.",2,2009-02-17,2009-02-17,2009-02-17,0,518,8K_FTS+8K_SUBMISSIONS+LOPUCKI,11,7011,1,9
943320,"Trump Entertainment Resorts, Inc. (2014)",3,2014-09-09,,2014-09-09,,0,LOPUCKI,11,7011,1,1
943322,TRUMP ENTERTAINMENT RESORTS HOLDINGS LP,1,2005-05-26,2005-05-26,,,0,8K_SUBMISSIONS,,7011.0,1,1
943322,TRUMP ENTERTAINMENT RESORTS HOLDINGS LP,2,2009-02-17,2009-02-17,,,423,8K_FTS+8K_SUBMISSIONS,,7011,1,6
943323,TRUMP ENTERTAINMENT RESORTS FUNDING INC,1,2005-05-26,2005-05-26,,,0,8K_SUBMISSIONS,,7011.0,1,1
943323,TRUMP ENTERTAINMENT RESORTS FUNDING INC,2,2009-02-17,2009-02-17,,,423,8K_FTS+8K_SUBMISSIONS,,7011,1,6
943605,"Source Interlink Companies, Inc.",1,2009-04-27,2009-05-01,2009-04-27,4,53,8K_FTS+8K_SUBMISSIONS+LOPUCKI,11,7331,1,5
943861,GOODRICH PETROLEUM CORP,1,2016-04-15,2016-04-15,,,171,8K_FTS+8K_SUBMISSIONS,,1311,1,4
944136,"TC GLOBAL, INC.",1,2012-10-15,2012-10-15,,,0,8K_FTS+8K_SUBMISSIONS,,5812,1,2
944163,AIRNET COMMUNICATIONS CORP,1,2006-05-23,2006-05-23,,,0,8K_SUBMISSIONS,,3663.0,1,1
944522,VION PHARMACEUTICALS INC,1,2009-12-18,2009-12-18,,,112,8K_FTS+8K_SUBMISSIONS,,2836,1,4
944725,"United Western Bancorp, Inc.",1,2012-03-02,2012-03-05,2012-03-02,3,3,8K_FTS+8K_SUBMISSIONS+LOPUCKI,11,6022,1,3
944739,TRANSWITCH CORP /DE,1,2013-11-21,2013-11-21,,,0,8K_FTS+8K_SUBMISSIONS,,3674,1,2
945436,"SunEdison, Inc.",1,2016-04-21,2016-04-27,2016-04-21,6,6,8K_FTS+8K_SUBMISSIONS+LOPUCKI,11,3674,1,3
945489,BELL INDUSTRIES INC /NEW/,1,2008-06-19,2008-06-19,,,0,8K_SUBMISSIONS,,5065.0,1,1
945530,"Gulf States Steel, Inc. of Alabama",1,1999-07-01,,1999-07-01,,0,LOPUCKI,11,3312,1,1
945764,Denbury Resources Inc.,1,2020-07-30,2020-07-31,2020-07-30,1,36,8K_FTS+8K_SUBMISSIONS+LOPUCKI,11,1311,1,6
945771,Viatel Inc.,1,2001-05-02,,2001-05-02,,0,LOPUCKI,11,4813,1,1
945979,"Mobile Energy Services Holdings, Inc.",1,1999-01-14,,1999-01-14,,0,LOPUCKI,11,4931,1,1
94601,"Stone & Webster, Inc.",1,2000-06-02,,2000-06-02,,0,LOPUCKI,11,8711,1,1
946090,First Mariner Bancorp,1,2014-02-10,2014-02-12,2014-02-10,2,2,8K_FTS+8K_SUBMISSIONS+LOPUCKI,11,6022,1,3
946140,Forcenergy Inc,1,1999-03-21,,1999-03-21,,0,LOPUCKI,11,1311,1,1
946283,"Z Holdings Group, Inc.",1,2005-05-12,2005-05-12,,,0,8K_SUBMISSIONS,,6770.0,1,1
946283,LMIC INC,2,2009-06-11,2009-06-11,,,0,8K_FTS+8K_SUBMISSIONS,,3672,1,2
946323,Midway Airlines Corp (2001),1,2001-08-13,,2001-08-13,,0,LOPUCKI,11,4512,1,1
946392,"Global TeleSystems, Inc.",1,2001-10-11,,2001-10-11,,0,LOPUCKI,11,4813,1,1
946661,GLYCOGENESYS  INC,1,2006-02-03,2006-02-03,,,0,8K_SUBMISSIONS,,2836.0,1,1
946842,AMBASSADORS INTERNATIONAL INC,1,2011-04-07,2011-04-07,,,348,8K_FTS+8K_SUBMISSIONS,,4700,1,4
947156,"Seven Seas Petroleum, Inc.",1,2002-12-20,,2002-12-20,,0,LOPUCKI,11,1382,1,1
947268,"WebLink Wireless, Inc.",1,2001-05-23,,2001-05-23,,0,LOPUCKI,11,4812,1,1
947397,EVERGREEN SOLAR INC,1,2011-08-15,2011-08-15,,,0,8K_FTS+8K_SUBMISSIONS,,3674,1,2
947425,PROFESSIONAL VETERINARY PRODUCTS LTD /NE/,1,2010-08-25,2010-08-25,,,0,8K_FTS+8K_SUBMISSIONS,,5099,1,2
947425,PROFESSIONAL VETERINARY PRODUCTS LTD /NE/,2,2011-12-15,2011-12-15,,,0,8K_FTS+8K_SUBMISSIONS,,5099,1,2
947429,International Wire Group Inc.,1,2004-03-24,,2004-03-24,,0,LOPUCKI,11,3357,1,1
948073,Crown Vantage Inc.,1,2000-03-15,,2000-03-15,,0,LOPUCKI,11,2621,1,1
948421,Iridium LLC (six omitted),1,1999-08-13,,1999-08-13,,0,LOPUCKI,11,4812,1,1
948844,"PROLIANCE INTERNATIONAL, INC.",1,2009-07-08,2009-07-08,,,0,8K_FTS+8K_SUBMISSIONS,,3714,1,2
949039,"Diamond Offshore Drilling, Inc.",1,2020-04-26,2020-04-27,2020-04-26,1,353,8K_FTS+8K_SUBMISSIONS+LOPUCKI,11,1381,1,7
949228,BEACH FIRST NATIONAL BANCSHARES INC,1,2010-04-12,2010-04-12,2010-05-14,-32,35,8K_FTS+8K_SUBMISSIONS+LOPUCKI,7,6021,1,5
949876,NORTH AMERICAN SCIENTIFIC INC,1,2009-03-17,2009-03-17,,,0,8K_FTS+8K_SUBMISSIONS,,3845,1,2
95585,"Pathmark Stores, Inc.",1,2000-07-12,,2000-07-12,,0,LOPUCKI,11,5411,1,1
96287,BOMBAY CO INC,1,2007-09-26,2007-09-26,,,0,8K_SUBMISSIONS,,5712.0,1,1
96289,RadioShack Corporation,1,2015-02-05,2015-02-11,2015-02-05,6,245,8K_FTS+8K_SUBMISSIONS+LOPUCKI,11,5731,1,7
96638,Advanta Corp.,1,2009-11-08,2009-11-09,2009-11-08,1,1,8K_FTS+8K_SUBMISSIONS+LOPUCKI,11,6141,1,3
96638,ADVANTA CORP,2,2011-02-16,2011-02-16,,,14,8K_FTS+8K_SUBMISSIONS,,6141,1,4
97052,TELTRONICS INC,1,2011-06-27,2011-06-27,,,0,8K_FTS+8K_SUBMISSIONS,,3661,1,2
9779,Fairchild Corporation,1,2009-03-18,2009-03-19,2009-03-18,1,6,8K_FTS+8K_SUBMISSIONS+LOPUCKI,11,5600,1,7
98222,Tidewater Inc.,1,2017-05-17,2017-05-18,2017-05-17,1,62,8K_FTS+8K_SUBMISSIONS+LOPUCKI,11,4400,1,5
98559,Tokheim Corp. (2000),1,2000-08-28,,2000-08-28,,0,LOPUCKI,11,3580,1,1
98559,Tokheim Corporation (2002),2,2002-11-21,,2002-11-21,,0,LOPUCKI,11,3586,1,1
99321,TRANSCAPITAL FINANCIAL CORP,1,2006-07-14,2006-07-14,,,0,8K_SUBMISSIONS,,6035.0,1,1
99321,TRANSCAPITAL FINANCIAL CORP,2,2008-09-26,2008-09-26,,,0,8K_SUBMISSIONS,,6035.0,1,1
