cik,company,event_date,prior_event_date,n_events,all_event_dates,source,chapter,sic,is_primary_filer,date_discrepancy_days,in_window
75307,Oxoco Inc.,1986-09-10,,1,1986-09-10,LOPUCKI,11,1311,1,,0
814013,"Specialty Equipment Companies, Inc.",1991-12-24,,1,1991-12-24,LOPUCKI,11,5081,1,,0
61300,R H Macy & Co. Inc.,1992-01-27,,1,1992-01-27,LOPUCKI,11,5311,1,,0
757011,USG Corp. (1993),1993-03-17,,3,1993-03-17;2001-06-25;2006-06-21,LOPUCKI,11,3275,1,,0
314485,Commonwealth Equity Trust,1993-08-02,,1,1993-08-02,LOPUCKI,11,6799,1,,0
719721,Merry-Go-Round Enterprises Inc.,1994-01-11,,1,1994-01-11,LOPUCKI,11,5611,1,,0
83394,Resorts International Inc. (1994),1994-03-21,,1,1994-03-21,LOPUCKI,11,7990,1,,0
315125,"House of Fabrics, Inc.",1994-11-02,,1,1994-11-02,LOPUCKI,11,5940,1,,0
842913,"Kash N Karry Food Stores, Inc.",1994-11-09,,1,1994-11-09,LOPUCKI,11,5411,1,,0
316236,Grand Union Company (1995),1995-01-25,,3,1995-01-25;1998-06-24;2000-10-03,LOPUCKI,11,5411,1,,0
811119,Americold Corp.,1995-05-09,,1,1995-05-09,LOPUCKI,11,4220,1,,0
29917,Dow Corning Corporation,1995-05-15,,1,1995-05-15,LOPUCKI,11,2821,1,,0
819898,SpectraVision Inc.,1995-06-08,,1,1995-06-08,LOPUCKI,11,4899,1,,0
887356,"Bradlees, Inc. (1995)",1995-06-23,,2,1995-06-23;2000-12-26,LOPUCKI,11,5311,1,,0
50859,"Wherehouse Entertainment, Inc. (1995)",1995-08-02,,1,1995-08-02,LOPUCKI,11,5735,1,,0
79259,Mortgage & Realty Trust (1995),1995-08-18,,1,1995-08-18,LOPUCKI,11,6798,1,,0
857954,Caldor Corporation,1995-09-18,,1,1995-09-18,LOPUCKI,11,5311,1,,0
798246,"Forstmann & Company, Inc.",1995-09-22,,1,1995-09-22,LOPUCKI,11,2200,1,,0
49588,ICH Corporation,1995-10-10,,1,1995-10-10,LOPUCKI,11,6321,1,,0
60150,Lomas Financial Corp. (1995),1995-10-10,,1,1995-10-10,LOPUCKI,11,6162,1,,0
1121785,"SLM International, Inc.",1995-10-24,,2,1995-10-24;2009-03-04,LOPUCKI,11,3944,1,,0
31575,"Edison Brothers Stores, Inc. (1995)",1995-11-03,,2,1995-11-03;1999-03-09,LOPUCKI,11,5600,1,,0
801441,"Carolco Pictures, Inc.",1995-11-10,,1,1995-11-10,LOPUCKI,11,7812,1,,0
6260,"Anacomp, Inc.",1996-01-05,,1,1996-01-05,LOPUCKI,11,3861,1,,0
276780,"Color Tile, Inc.",1996-01-24,,1,1996-01-24,LOPUCKI,11,5211,1,,0
807708,"Kenetech Corp. (Kenetech Windpower, Inc. only)",1996-05-29,,1,1996-05-29,LOPUCKI,11,4911,1,,0
763739,Morrison Knudsen Corp.,1996-06-25,,1,1996-06-25,LOPUCKI,11,1540,1,,0
814570,Bibb Co,1996-07-03,,1,1996-07-03,LOPUCKI,11,2211,1,,0
924635,"Ernst Home Center, Inc.",1996-07-12,,1,1996-07-12,LOPUCKI,11,5211,1,,0
80134,Presidio Oil Company,1996-08-05,,1,1996-08-05,LOPUCKI,11,1311,1,,0
716644,FoxMeyer Health Corp. (FoxMeyer Drug Co. only),1996-08-27,,1,1996-08-27,LOPUCKI,11,5122,1,,0
1052163,Anchor Glass Container Corp. (1996),1996-09-13,,3,1996-09-13;2002-04-15;2005-08-08,LOPUCKI,11,3221,1,,0
790815,"Fretter, Inc.",1996-09-24,,1,1996-09-24,LOPUCKI,11,5731,1,,0
11821,"Best Products Company, Inc. (1996)",1996-09-24,,1,1996-09-24,LOPUCKI,11,5999,1,,0
732935,"Ithaca Industries, Inc.",1996-10-08,,1,1996-10-08,LOPUCKI,11,2251,1,,0
933035,"County Seat, Inc.",1996-10-17,,1,1996-10-17,LOPUCKI,11,5611,1,,0
874808,"Marvel Entertainment Group, Inc.",1996-12-27,,1,1996-12-27,LOPUCKI,11,2721,1,,0
798671,"Mid-American Waste Systems, Inc.",1997-01-21,,1,1997-01-21,LOPUCKI,11,4953,1,,0
912192,"MobileMedia Communications, Inc.",1997-01-30,,1,1997-01-30,LOPUCKI,11,4812,1,,0
919988,Jayhawk Acceptance Corp.,1997-02-07,,1,1997-02-07,LOPUCKI,11,6141,1,,0
46012,"Harvard Industries, Inc. (1997)",1997-05-08,,2,1997-05-08;2002-01-15,LOPUCKI,11,3060,1,,0
852772,"Flagstar Companies, Inc.",1997-06-27,,1,1997-06-27,LOPUCKI,11,5812,1,,0
836974,Montgomery Ward Holding Corp. (1997),1997-07-07,,2,1997-07-07;2000-12-28,LOPUCKI,11,5311,1,,0
926296,First Merchants Acceptance Corporation,1997-07-11,,1,1997-07-11,LOPUCKI,11,6141,1,,0
885066,Alliance Entertainment Corp.,1997-07-14,,1,1997-07-14,LOPUCKI,11,5099,1,,0
76744,"Payless Cashways, Inc. (1997)",1997-07-21,,2,1997-07-21;2001-06-04,LOPUCKI,11,5211,1,,0
846615,"JPS Textile Group, Inc. (1997)",1997-08-01,,1,1997-08-01,LOPUCKI,11,2211,1,,0
8137,Guy F. Atkinson Company of California,1997-08-10,,1,1997-08-10,LOPUCKI,11,1600,1,,0
818350,"RDM Sports Group, Inc.",1997-08-29,,1,1997-08-29,LOPUCKI,11,3751,1,,0
902279,Levitz Furniture Incorporated,1997-09-05,,1,1997-09-05,LOPUCKI,11,5712,1,,0
787618,"Consolidated Hydro, Inc.",1997-09-15,,1,1997-09-15,LOPUCKI,11,4911,1,,0
799274,Reeves Industries Inc.,1997-11-21,,1,1997-11-21,LOPUCKI,11,2221,1,,0
895517,"Molten Metal Technology, Inc.",1997-12-03,,1,1997-12-03,LOPUCKI,11,4955,1,,0
889429,"Paragon Trade Brands, Inc.",1998-01-06,,1,1998-01-06,LOPUCKI,11,2670,1,,0
838448,FF Holdings Corporation,1998-01-07,,1,1998-01-07,LOPUCKI,11,5411,1,,0
875090,"Home Holdings, Inc.",1998-01-15,,1,1998-01-15,LOPUCKI,11,6331,1,,0
746961,"Pegasus Gold, Inc.",1998-01-16,,1,1998-01-16,LOPUCKI,11,1040,1,,0
864968,"Venture Stores, Inc",1998-01-20,,1,1998-01-20,LOPUCKI,11,5331,1,,0
860420,APS Holding Corp.,1998-02-02,,1,1998-02-02,LOPUCKI,11,5013,1,,0
14920,Brunos Inc.,1998-02-02,,1,1998-02-02,LOPUCKI,11,5411,1,,0
721059,"Reliance Acceptance Group, Inc.",1998-02-09,,1,1998-02-09,LOPUCKI,11,6021,1,,0
726617,Builders Transport Inc.,1998-05-21,,1,1998-05-21,LOPUCKI,11,4213,1,,0
844843,"Geotek Communications, Inc.",1998-06-29,,1,1998-06-29,LOPUCKI,11,3663,1,,0
846378,Mercury Finance Company,1998-07-06,,1,1998-07-06,LOPUCKI,11,6141,1,,0
920173,"FPA Medical Management, Inc.",1998-07-19,,1,1998-07-19,LOPUCKI,11,8093,1,,0
914749,"CAI Wireless Systems, Inc.",1998-07-30,,1,1998-07-30,LOPUCKI,11,4841,1,,0
824206,"American Rice, Inc.",1998-08-11,,1,1998-08-11,LOPUCKI,11,5140,1,,0
703701,Westbridge Capital Corp.,1998-09-16,,1,1998-09-16,LOPUCKI,11,6321,1,,0
874690,"Sun Television and Appliances, Inc.",1998-09-16,,1,1998-09-16,LOPUCKI,11,5731,1,,0
883702,"Acme Metals, Incorporated",1998-09-28,,1,1998-09-28,LOPUCKI,11,3312,1,,0
30966,Erly Industries Inc.,1998-09-28,,1,1998-09-28,LOPUCKI,11,2040,1,,0
1011836,Southern Pacific Funding Corporation,1998-10-01,,1,1998-10-01,LOPUCKI,11,6159,1,,0
894751,"Boston Chicken, Inc.",1998-10-05,,1,1998-10-05,LOPUCKI,11,5812,1,,0
847322,Criimi Mae Inc.,1998-10-05,,1,1998-10-05,LOPUCKI,11,6798,1,,0
866253,Cityscape Financial Corp.,1998-10-06,,1,1998-10-06,LOPUCKI,11,6162,1,,0
812423,"Nu-kote Holding, Inc.",1998-11-06,,1,1998-11-06,LOPUCKI,11,3950,1,,0
1004153,AmeriTruck Distribution Corp.,1998-11-09,,1,1998-11-09,LOPUCKI,11,4213,1,,0
803568,PHP Healthcare Corporation,1998-11-19,,1,1998-11-19,LOPUCKI,11,8011,1,,0
57187,Laclede Steel Company (1998),1998-11-30,,1,1998-11-30,LOPUCKI,11,3312,1,,0
917707,"Heartland Wireless Communications, Inc.",1998-12-04,,1,1998-12-04,LOPUCKI,11,4841,1,,0
870756,"National Energy Group, Inc.",1998-12-04,,1,1998-12-04,LOPUCKI,11,1311,1,,0
890093,"JumboSports, Inc.",1998-12-27,,1,1998-12-27,LOPUCKI,11,5940,1,,0
86346,Salant Corp. (1998),1998-12-29,,1,1998-12-29,LOPUCKI,11,2320,1,,0
1011584,Fine Host Corporation,1999-01-07,,1,1999-01-07,LOPUCKI,11,5812,1,,0
945979,"Mobile Energy Services Holdings, Inc.",1999-01-14,,1,1999-01-14,LOPUCKI,11,4931,1,,0
1018730,"Smartalk Teleservices, Inc.",1999-01-19,,1,1999-01-19,LOPUCKI,11,4899,1,,0
860192,Geneva Steel Company (1999),1999-02-01,,1,1999-02-01,LOPUCKI,11,3312,1,,0
918358,"Wireless One, Inc.",1999-02-11,,1,1999-02-11,LOPUCKI,11,4841,1,,0
790706,"Golden Books Family Entertainment, Inc.",1999-02-26,,1,1999-02-26,LOPUCKI,11,2731,1,,0
769879,"Recycling Industries, Inc.",1999-02-26,,1,1999-02-26,LOPUCKI,11,5093,1,,0
77155,Penn Traffic Co (1999),1999-03-01,,4,1999-03-01;2003-05-30;2005-03-24;2009-11-18,LOPUCKI,11,5411,1,,0
217416,United Companies Financial Corporation,1999-03-01,,1,1999-03-01,LOPUCKI,11,6141,1,,0
1024321,"Wilshire Financial Services Group, Inc.",1999-03-03,,1,1999-03-03,LOPUCKI,11,6199,1,,0
38851,"Thorn Apple Valley, Inc.",1999-03-05,,1,1999-03-05,LOPUCKI,11,2011,1,,0
89107,"Service Merchandise Company, Inc.",1999-03-15,,1,1999-03-15,LOPUCKI,11,5399,1,,0
946140,Forcenergy Inc,1999-03-21,,1,1999-03-21,LOPUCKI,11,1311,1,,0
1018221,"Florida Coast Paper Company, LLC",1999-04-02,,1,1999-04-02,LOPUCKI,11,2631,1,,0
1015360,Dailey International Inc.,1999-05-28,,1,1999-05-28,LOPUCKI,11,1389,1,,0
845577,"Loewen Group, Inc.",1999-06-01,,1,1999-06-01,LOPUCKI,11,7200,1,,0
933747,"Renaissance Cosmetics, Inc.",1999-06-02,,1,1999-06-02,LOPUCKI,11,2844,1,,0
801898,"Harnischfeger Industries, Inc.",1999-06-07,,1,1999-06-07,LOPUCKI,11,3532,1,,0
46517,Hechinger Company,1999-06-11,,1,1999-06-11,LOPUCKI,11,5211,1,,0
894076,Philip Services Corp. (1999),1999-06-25,,1,1999-06-25,LOPUCKI,11,4950,1,,0
945530,"Gulf States Steel, Inc. of Alabama",1999-07-01,,1,1999-07-01,LOPUCKI,11,3312,1,,0
1018214,"Goss Graphic Systems, Inc. (1999)",1999-07-30,,1,1999-07-30,LOPUCKI,11,3555,1,,0
948421,Iridium LLC (six omitted),1999-08-13,,1,1999-08-13,LOPUCKI,11,4812,1,,0
109265,Zenith Electronics Corp.,1999-08-23,,1,1999-08-23,LOPUCKI,11,3651,1,,0
908797,"Coho Energy, Inc. (1999)",1999-08-23,,2,1999-08-23;2002-02-06,LOPUCKI,11,1311,1,,0
1018980,"Costilla Energy, Inc.",1999-09-03,,1,1999-09-03,LOPUCKI,11,1311,1,,0
922341,Hvide Marine Incorporated,1999-09-08,,1,1999-09-08,LOPUCKI,11,4412,1,,0
1060009,"Vencor, Inc.",1999-09-13,,1,1999-09-13,LOPUCKI,11,8050,1,,0
914480,"Trism, Inc.",1999-09-16,,1,1999-09-16,LOPUCKI,11,4213,1,,0
891531,"Breed Technologies, Inc.",1999-09-20,,1,1999-09-20,LOPUCKI,11,3714,1,,0
1039971,"Eagle Geophysical, Inc.",1999-09-29,,1,1999-09-29,LOPUCKI,11,1382,1,,0
1002063,"Complete Management, Inc.",1999-10-12,,1,1999-10-12,LOPUCKI,11,8742,1,,0
1008597,"Planet Hollywood International, Inc.",1999-10-12,,1,1999-10-12,LOPUCKI,11,5812,1,,0
904978,"Sun HealthCare Group, Inc.",1999-10-15,,1,1999-10-15,LOPUCKI,11,8051,1,,0
1036712,"OpTel, Inc.",1999-10-28,,1,1999-10-28,LOPUCKI,11,4841,1,,0
913437,"Purina Mills, Inc.",1999-10-28,,1,1999-10-28,LOPUCKI,11,2040,1,,0
918111,"Just For Feet, Inc.",1999-11-04,,1,1999-11-04,LOPUCKI,11,5661,1,,0
803443,"Leasing Solutions, Inc.",1999-11-17,,1,1999-11-17,LOPUCKI,11,7377,1,,0
921623,"PacificAmerica Money Center, Inc.",1999-11-19,,1,1999-11-19,LOPUCKI,11,6162,1,,0
100166,Tultex Corporation,1999-12-03,,1,1999-12-03,LOPUCKI,11,2253,1,,0
51124,American Banknote Corporation,1999-12-08,,2,1999-12-08;2005-01-21,LOPUCKI,11,2750,1,,0
910562,"Arm Financial Group, Inc.",1999-12-20,,1,1999-12-20,LOPUCKI,11,6311,1,,0
709136,"Graham-Field Health Products, Inc.",1999-12-27,,1,1999-12-27,LOPUCKI,11,5047,1,,0
1053303,"Fruit of the Loom, Ltd.",1999-12-29,,1,1999-12-29,LOPUCKI,11,2250,1,,0
832820,"KCS Energy, Inc.",2000-01-05,,1,2000-01-05,LOPUCKI,11,5172,1,,0
1060242,Imperial Home Decor Group Inc.,2000-01-05,,1,2000-01-05,LOPUCKI,11,2673,1,,0
6948,Applied Magnetics Corporation,2000-01-07,,1,2000-01-07,LOPUCKI,11,3679,1,,0
5588,American Pad & Paper Company,2000-01-10,,1,2000-01-10,LOPUCKI,11,2670,1,,0
882287,"Mariner Post-Acute Network, Inc.",2000-01-18,,1,2000-01-18,LOPUCKI,11,8051,1,,0
876320,"AgriBioTech, Inc.",2000-01-25,,1,2000-01-25,LOPUCKI,11,100,1,,0
875612,"Ameriserve Food Distribution, Inc.",2000-01-31,,1,2000-01-31,LOPUCKI,11,5141,1,,0
785814,"Integrated Health Services, Inc.",2000-02-02,,1,2000-02-02,LOPUCKI,11,8300,1,,0
805956,"CellNet Data Systems, Inc.",2000-02-04,,1,2000-02-04,LOPUCKI,11,4822,1,,0
890449,"PennCorp Financial Group, Inc.",2000-02-07,,1,2000-02-07,LOPUCKI,11,6311,1,,0
1007588,DecisionOne Holdings Corp.,2000-02-14,,1,2000-02-14,LOPUCKI,11,7373,1,,0
778718,"Tower Air, Inc.",2000-02-29,,1,2000-02-29,LOPUCKI,11,4512,1,,0
30908,"Eagle Food Centers, Inc.",2000-02-29,,1,2000-02-29,LOPUCKI,11,5411,1,,0
766738,Genicom Corporation,2000-03-10,,1,2000-03-10,LOPUCKI,11,3577,1,,0
948073,Crown Vantage Inc.,2000-03-15,,1,2000-03-15,LOPUCKI,11,2621,1,,0
1016741,"Grand Court Lifestyles, Inc.",2000-03-20,,1,2000-03-20,LOPUCKI,11,8050,1,,0
1061499,Key Plastics L.L.C.,2000-03-23,,1,2000-03-23,LOPUCKI,11,3714,1,,0
924374,"CHS Electronics, Inc.",2000-04-04,,1,2000-04-04,LOPUCKI,11,5045,1,,0
868263,"Vista Eyecare, Inc.",2000-04-05,,1,2000-04-05,LOPUCKI,11,5990,1,,0
725151,"Medical Resources, Inc.",2000-04-07,,1,2000-04-07,LOPUCKI,11,8071,1,,0
1042422,"Hedstrom Holdings, Inc.",2000-04-11,,1,2000-04-11,LOPUCKI,11,3944,1,,0
814249,"MicroAge, Inc.",2000-04-13,,1,2000-04-13,LOPUCKI,11,5045,1,,0
1029253,Clark Material Handling Company,2000-04-17,,1,2000-04-17,LOPUCKI,11,3537,1,,0
1005653,New American Healthcare Corp.,2000-04-19,,1,2000-04-19,LOPUCKI,11,8062,1,,0
1007184,Einstein Noah Bagel Corp,2000-04-27,,1,2000-04-27,LOPUCKI,11,5812,1,,0
932110,"Kitty Hawk, Inc.",2000-05-01,,2,2000-05-01;2007-10-15,LOPUCKI,11,4522,1,,0
808207,"System Software Associates, Inc.",2000-05-03,,1,2000-05-03,LOPUCKI,11,7372,1,,0
797556,Laroche Industries Inc.,2000-05-03,,1,2000-05-03,LOPUCKI,11,5160,1,,0
929941,"Family Golf Centers, Inc.",2000-05-04,,1,2000-05-04,LOPUCKI,11,7990,1,,0
1044649,"Cambridge Industries, Inc.",2000-05-10,,1,2000-05-10,LOPUCKI,11,3080,1,,0
1002130,ContiFinancial Corp.,2000-05-17,,1,2000-05-17,LOPUCKI,11,6162,1,,0
1060948,"MMH Holdings, Inc.",2000-05-17,,1,2000-05-17,LOPUCKI,11,3537,1,,0
911522,"GST Telecommunications, Inc.",2000-05-17,,1,2000-05-17,LOPUCKI,11,4813,1,,0
1016577,Sunterra Corp.,2000-05-31,,1,2000-05-31,LOPUCKI,11,7000,1,,0
94601,"Stone & Webster, Inc.",2000-06-02,,1,2000-06-02,LOPUCKI,11,8711,1,,0
701856,Safety Kleen Corp.,2000-06-09,,1,2000-06-09,LOPUCKI,11,4955,1,,0
1033671,Safelite Glass Corporation,2000-06-09,,1,2000-06-09,LOPUCKI,11,7500,1,,0
856200,"Kaiser Group International, Inc.",2000-06-09,,1,2000-06-09,LOPUCKI,11,4955,1,,0
910468,"Flooring America, Inc.",2000-06-15,,1,2000-06-15,LOPUCKI,11,5700,1,,0
818815,Inacom Corp.,2000-06-16,,1,2000-06-16,LOPUCKI,11,6794,1,,0
1043497,Creditrust Corporation,2000-06-21,,1,2000-06-21,LOPUCKI,11,7389,1,,0
874265,"Genesis Health Ventures, Inc.",2000-06-22,,1,2000-06-22,LOPUCKI,11,8051,1,,0
1041830,"Reliant Building Products, Inc.",2000-07-11,,1,2000-07-11,LOPUCKI,11,3442,1,,0
1023294,"Prime Succession, Inc.",2000-07-12,,1,2000-07-12,LOPUCKI,11,7200,1,,0
95585,"Pathmark Stores, Inc.",2000-07-12,,1,2000-07-12,LOPUCKI,11,5411,1,,0
878324,"Paging Network, Inc.",2000-07-14,,1,2000-07-14,LOPUCKI,11,4812,1,,0
868076,American Eco Corp.,2000-08-04,,1,2000-08-04,LOPUCKI,11,7600,1,,0
1047368,Glenoit Corp.,2000-08-08,,1,2000-08-08,LOPUCKI,11,2250,1,,0
799088,"Carmike Cinemas, Inc.",2000-08-08,,1,2000-08-08,LOPUCKI,11,7830,1,,0
924174,Coram Healthcare Corp.,2000-08-08,,2,2000-08-08;2004-11-02,LOPUCKI,11,8082,1,,0
922978,"Trend-Lines, Inc.",2000-08-11,,1,2000-08-11,LOPUCKI,11,5961,1,,0
46601,Heilig-Meyers Company,2000-08-16,,1,2000-08-16,LOPUCKI,11,5712,1,,0
98559,Tokheim Corp. (2000),2000-08-28,,2,2000-08-28;2002-11-21,LOPUCKI,11,3580,1,,0
889571,United Artists Theatre Company,2000-09-05,,1,2000-09-05,LOPUCKI,11,7830,1,,0
94026,"Stellex Industries, Inc. (Stellex Technologies, Inc.)",2000-09-12,,1,2000-09-12,LOPUCKI,11,3812,1,,0
758722,Paracelsus Healthcare Corp.,2000-09-15,,1,2000-09-15,LOPUCKI,11,8062,1,,0
1021649,"Orbcomm Global, LP",2000-09-15,,1,2000-09-15,LOPUCKI,11,4812,1,,0
912142,Specialty Foods Corp.,2000-09-18,,1,2000-09-18,LOPUCKI,11,2020,1,,0
884999,Dyersburg Corp.,2000-09-25,,1,2000-09-25,LOPUCKI,11,2211,1,,0
1066048,Fine Air Services Corp.,2000-09-27,,1,2000-09-27,LOPUCKI,11,4522,1,,0
3941,Allied Products Corp.,2000-10-02,,1,2000-10-02,LOPUCKI,11,3523,1,,0
75234,Owens Corning,2000-10-05,,1,2000-10-05,LOPUCKI,11,3290,1,,0
894232,Drypers Corp.,2000-10-10,,1,2000-10-10,LOPUCKI,11,2670,1,,0
912295,"GC Companies, Inc.",2000-10-11,,1,2000-10-11,LOPUCKI,11,7830,1,,0
879969,CareMatrix Corp.,2000-11-09,,1,2000-11-09,LOPUCKI,11,8050,1,,0
1013240,"ICG Communications, Inc.",2000-11-14,,1,2000-11-14,LOPUCKI,11,4813,1,,0
896265,Pillowtex Corp. (2000),2000-11-14,,2,2000-11-14;2003-07-30,LOPUCKI,11,2390,1,,0
941738,Wheeling Pittsburgh Corp. (2000),2000-11-16,,1,2000-11-16,LOPUCKI,11,3312,1,,0
12105,"Big V Supermarkets, Inc.",2000-11-22,,1,2000-11-22,LOPUCKI,11,5411,1,,0
1002131,Lernout & Hauspie Speech Products NV,2000-11-29,,1,2000-11-29,LOPUCKI,11,7372,1,,0
7431,"Armstrong World Industries, Inc.",2000-12-06,,2,2000-12-06;2006-08-18,LOPUCKI,11,3089,1,,0
1055684,Unicapital Corporation,2000-12-11,,1,2000-12-11,LOPUCKI,11,6159,1,,0
73093,Northwestern Steel & Wire Co.,2000-12-19,,1,2000-12-19,LOPUCKI,11,3312,1,,0
75149,Outboard Marine Corporation,2000-12-22,,1,2000-12-22,LOPUCKI,11,3510,1,,0
60731,LTV Corp. (2000),2000-12-29,,1,2000-12-29,LOPUCKI,11,3312,1,,0
1004967,"Pacific Gateway Exchange, Inc.",2000-12-29,,1,2000-12-29,LOPUCKI,11,4813,1,,0
1021352,JCC Holding Co.,2001-01-04,,1,2001-01-04,LOPUCKI,11,7900,1,,0
935802,"Anicom, Inc.",2001-01-05,,1,2001-01-05,LOPUCKI,11,5063,1,,0
278327,"Trans World Airlines, Inc. (2001)",2001-01-10,,1,2001-01-10,LOPUCKI,11,4512,1,,0
922812,American Homestar Corp.,2001-01-11,,1,2001-01-11,LOPUCKI,11,2452,1,,0
847468,"Waste Systems International, Inc.",2001-01-11,,1,2001-01-11,LOPUCKI,11,4953,1,,0
1080558,"NorthPoint Communications Group, Inc.",2001-01-16,,1,2001-01-16,LOPUCKI,11,4813,1,,0
831327,Imperial Sugar Company,2001-01-16,,1,2001-01-16,LOPUCKI,11,2060,1,,0
350920,"Mediq, Inc.",2001-01-24,,1,2001-01-24,LOPUCKI,11,7350,1,,0
1056312,"Vlasic Foods International, Inc.",2001-01-29,,1,2001-01-29,LOPUCKI,11,2000,1,,0
1021706,"Kevco, Inc.",2001-02-05,,1,2001-02-05,LOPUCKI,11,3440,1,,0
3662,Sunbeam Corporation,2001-02-06,,1,2001-02-06,LOPUCKI,11,3634,1,,0
1054588,Loews Cineplex Entertainment Corp,2001-02-15,,1,2001-02-15,LOPUCKI,11,7830,1,,0
934852,U.S. Office Products Company,2001-03-05,,1,2001-03-05,LOPUCKI,11,5961,1,,0
1052245,"eToys, Inc.",2001-03-07,,1,2001-03-07,LOPUCKI,11,5961,1,,0
883701,"Finova Group, Inc.",2001-03-07,,1,2001-03-07,LOPUCKI,11,6153,1,,0
892604,"Worldtex, Inc.",2001-03-12,,1,2001-03-12,LOPUCKI,11,2200,1,,0
1026486,Star Telecommunications Inc.,2001-03-13,,1,2001-03-13,LOPUCKI,11,4813,1,,0
1036297,"RSL Communications, Ltd.",2001-03-19,,1,2001-03-19,LOPUCKI,11,4813,1,,0
1059888,"Holt Group, Inc.",2001-03-21,,1,2001-03-21,LOPUCKI,11,4400,1,,0
932140,"e.spire Communications, Inc.",2001-03-22,,1,2001-03-22,LOPUCKI,11,4813,1,,0
832922,"Drug Emporium, Inc.",2001-03-26,,1,2001-03-26,LOPUCKI,11,5912,1,,0
1043438,"U.S.A. Floral Products, Inc.",2001-04-02,,1,2001-04-02,LOPUCKI,11,5190,1,,0
1099231,"Pathnet Telecommunications, Inc.",2001-04-02,,1,2001-04-02,LOPUCKI,11,4813,1,,0
1098311,"Republic Technologies International Holdings, LLC (2001)",2001-04-02,,1,2001-04-02,LOPUCKI,11,3312,1,,0
821202,Borden Chemicals & Plastics LP (Borden Chemicals & Plastics Operating LP only),2001-04-03,,1,2001-04-03,LOPUCKI,11,2821,1,,0
1071645,"World Access, Inc.",2001-04-04,,2,2001-04-04;2004-09-22,LOPUCKI,11,3669,1,,0
1011630,ProMedCo Management Company,2001-04-04,,1,2001-04-04,LOPUCKI,11,8011,1,,0
1009403,"marchFIRST, Inc.",2001-04-12,,1,2001-04-12,LOPUCKI,11,8742,1,,0
868797,"Winstar Communications, Inc.",2001-04-18,,1,2001-04-18,LOPUCKI,11,4813,1,,0
1046558,"Convergent Communications, Inc.",2001-04-19,,1,2001-04-19,LOPUCKI,11,4813,1,,0
1039780,"Friede Goldman Halter, Inc.",2001-04-19,,1,2001-04-19,LOPUCKI,11,3533,1,,0
1096287,"Xpedior, Inc.",2001-04-20,,1,2001-04-20,LOPUCKI,11,7389,1,,0
925928,"Telscape International, Inc.",2001-04-27,,1,2001-04-27,LOPUCKI,11,4813,1,,0
945771,Viatel Inc.,2001-05-02,,1,2001-05-02,LOPUCKI,11,4813,1,,0
1064526,"Grove Worldwide, LLC",2001-05-07,,1,2001-05-07,LOPUCKI,11,3531,1,,0
1059706,Transportation Components Inc.,2001-05-07,,1,2001-05-07,LOPUCKI,11,5013,1,,0
906469,"Washington Group International, Inc.",2001-05-14,,1,2001-05-14,LOPUCKI,11,8711,1,,0
792570,Casual Male Corp.,2001-05-18,,1,2001-05-18,LOPUCKI,11,5661,1,,0
1047021,Teligent Inc,2001-05-21,,1,2001-05-21,LOPUCKI,11,4812,1,,0
947268,"WebLink Wireless, Inc.",2001-05-23,,1,2001-05-23,LOPUCKI,11,4812,1,,0
940716,PSINet Inc.,2001-05-31,,1,2001-05-31,LOPUCKI,11,7370,1,,0
801351,Warnaco Group Inc.,2001-06-11,,1,2001-06-11,LOPUCKI,11,2340,1,,0
356395,"Reliance Group Holdings, Inc.",2001-06-12,,2,2001-06-12;2005-01-31,LOPUCKI,11,6331,1,,0
1061800,"Talon Automotive Group, Inc.",2001-06-29,,1,2001-06-29,LOPUCKI,11,3460,1,,0
884318,"Metricom, Inc.",2001-07-02,,1,2001-07-02,LOPUCKI,11,3663,1,,0
225569,"AMRESCO, Inc.",2001-07-02,,1,2001-07-02,LOPUCKI,11,6282,1,,0
1015535,"AMF Bowling Worldwide, Inc.",2001-07-02,,1,2001-07-02,LOPUCKI,11,7900,1,,0
1092657,"WebVan Group, Inc.",2001-07-13,,1,2001-07-13,LOPUCKI,11,7389,1,,0
722487,"Comdisco, Inc.",2001-07-16,,1,2001-07-16,LOPUCKI,11,7377,1,,0
795662,"Sterling Chemicals Holdings, Inc.",2001-07-16,,1,2001-07-16,LOPUCKI,11,7377,1,,0
780118,Amwest Insurance Group Inc.,2001-07-24,,1,2001-07-24,LOPUCKI,11,6351,1,,0
891285,Ha-Lo Industries,2001-07-30,,1,2001-07-30,LOPUCKI,11,5090,1,,0
830141,"Pioneer Companies, Inc.",2001-07-31,,1,2001-07-31,LOPUCKI,11,2800,1,,0
1065869,"Rhythms NetConnections, Inc.",2001-08-01,,1,2001-08-01,LOPUCKI,11,7370,1,,0
946323,Midway Airlines Corp (2001),2001-08-13,,1,2001-08-13,LOPUCKI,11,4512,1,,0
1043769,"Covad Communications Group, Inc.",2001-08-15,,1,2001-08-15,LOPUCKI,11,4813,1,,0
1067447,Derby Cycle Corp,2001-08-20,,1,2001-08-20,LOPUCKI,11,3751,1,,0
6071,"Ames Department Stores, Inc. (2001)",2001-08-20,,1,2001-08-20,LOPUCKI,11,5331,1,,0
813347,"Komag, Inc.",2001-08-24,,1,2001-08-24,LOPUCKI,11,3695,1,,0
1095827,"American Tissue, Inc.",2001-09-10,,1,2001-09-10,LOPUCKI,11,2621,1,,0
1098341,"Goss Holdings, Inc. (2001)",2001-09-10,,1,2001-09-10,LOPUCKI,11,3821,1,,0
888918,Carbide Graphite Group Inc.,2001-09-21,,1,2001-09-21,LOPUCKI,11,3620,1,,0
764960,"Phar-Mor, Inc. (2001)",2001-09-24,,1,2001-09-24,LOPUCKI,11,5912,1,,0
1013740,"Exodus Communications, Inc.",2001-09-26,,1,2001-09-26,LOPUCKI,11,7389,1,,0
1020620,At Home Corp,2001-09-28,,1,2001-09-28,LOPUCKI,11,7370,1,,0
34879,Federal-Mogul Corporation,2001-10-01,,2,2001-10-01;2007-11-14,LOPUCKI,11,3714,1,,0
929994,"Assisted Living Concepts, Inc.",2001-10-01,,1,2001-10-01,LOPUCKI,11,8050,1,,0
1055468,Fountain View Inc.,2001-10-02,,1,2001-10-02,LOPUCKI,11,8051,1,,0
946392,"Global TeleSystems, Inc.",2001-10-11,,1,2001-10-11,LOPUCKI,11,4813,1,,0
79326,Polaroid Corp,2001-10-12,,1,2001-10-12,LOPUCKI,11,3861,1,,0
11860,Bethlehem Steel Corp,2001-10-15,,1,2001-10-15,LOPUCKI,11,3312,1,,0
913364,"ABC-NACO, Inc.",2001-10-18,,1,2001-10-18,LOPUCKI,11,3460,1,,0
315136,American Classic Voyages Co.,2001-10-19,,1,2001-10-19,LOPUCKI,11,4400,1,,0
915390,Arch Wireless Inc.,2001-11-09,,1,2001-11-09,LOPUCKI,11,4812,1,,0
1097523,ANC Rental Corp.,2001-11-13,,1,2001-11-13,LOPUCKI,11,7510,1,,0
1069602,"Classic Communications, Inc.",2001-11-13,,1,2001-11-13,LOPUCKI,11,4841,1,,0
1038363,"Metals USA, Inc.",2001-11-14,,1,2001-11-14,LOPUCKI,11,5051,1,,0
870213,"Burlington Industries, Inc.",2001-11-15,,1,2001-11-15,LOPUCKI,11,3211,1,,0
1088914,SleepMaster LLC,2001-11-16,,1,2001-11-16,LOPUCKI,11,2510,1,,0
850660,Thermadyne Holdings Corp. (2001),2001-11-19,,1,2001-11-19,LOPUCKI,11,3541,1,,0
1074908,Valley Media Inc.,2001-11-20,,1,2001-11-20,LOPUCKI,11,5099,1,,0
101063,"Chiquita Brands International, Inc.",2001-11-28,,1,2001-11-28,LOPUCKI,11,100,1,,0
1024401,Enron Corp.,2001-12-02,,1,2001-12-02,LOPUCKI,11,6211,1,,0
1020616,"Lason, Inc.",2001-12-05,,1,2001-12-05,LOPUCKI,11,8742,1,,0
893670,"Hayes Lemmerz International, Inc. (2001)",2001-12-05,,1,2001-12-05,LOPUCKI,11,3714,1,,0
1043310,Startec Global Communications Corporation,2001-12-14,,1,2001-12-14,LOPUCKI,11,4813,1,,0
1005015,Audio Visual Services Corp.,2001-12-17,,1,2001-12-17,LOPUCKI,11,7389,1,,0
1062515,"NationsRent, Inc.",2001-12-17,,1,2001-12-17,LOPUCKI,11,7359,1,,0
1066138,"Lodgian, Inc.",2001-12-20,,1,2001-12-20,LOPUCKI,11,7011,1,,0
108976,York Research Corporation (2002),2001-12-20,,1,2001-12-20,LOPUCKI,11,4991,1,,0
937971,"ACT Manufacturing, Inc.",2001-12-21,,1,2001-12-21,LOPUCKI,11,3672,1,,0
1058956,"DTI Holdings, Inc.",2001-12-31,,1,2001-12-31,LOPUCKI,11,4813,1,,0
1076732,"USInterNetworking, Inc.",2002-01-07,,1,2002-01-07,LOPUCKI,11,7371,1,,0
53025,"Jacobson Stores, Inc.",2002-01-15,,1,2002-01-15,LOPUCKI,11,5311,1,,0
731190,"IT Group, Inc.",2002-01-16,,1,2002-01-16,LOPUCKI,11,4955,1,,0
1040475,"Oxford Automotive, Inc.",2002-01-18,,1,2002-01-18,LOPUCKI,11,3460,1,,0
56824,Kmart Corp.,2002-01-22,,1,2002-01-22,LOPUCKI,11,5331,1,,0
1128709,Geneva Steel Holdings Corp. (2002),2002-01-25,,1,2002-01-25,LOPUCKI,11,6770,1,,0
1061322,Global Crossing Ltd.,2002-01-28,,1,2002-01-28,LOPUCKI,11,4813,1,,0
919943,"McLeodUSA, Inc. (2002)",2002-01-30,,2,2002-01-30;2005-10-28,LOPUCKI,11,4812,1,,0
1065633,Network Plus Corp.,2002-02-04,,1,2002-02-04,LOPUCKI,11,4813,1,,0
1037067,"Kasper A.S.L., Ltd.",2002-02-05,,1,2002-02-05,LOPUCKI,11,2330,1,,0
1001136,"Stockwalk Group, Inc.",2002-02-11,,1,2002-02-11,LOPUCKI,11,6211,1,,0
811596,Kaiser Aluminum Corp.,2002-02-12,,2,2002-02-12;2005-12-23,LOPUCKI,11,3334,1,,0
924632,"International Fibercom, Inc.",2002-02-13,,1,2002-02-13,LOPUCKI,11,7373,1,,0
1037927,Globalstar LP,2002-02-15,,1,2002-02-15,LOPUCKI,11,4812,1,,0
1061583,"Verado Holdings, Inc.",2002-02-15,,1,2002-02-15,LOPUCKI,11,4813,1,,0
884124,"Galey & Lord, Inc. (2002)",2002-02-19,,2,2002-02-19;2004-08-19,LOPUCKI,11,2211,1,,0
918275,"Kellstrom Industries, Inc.",2002-02-20,,1,2002-02-20,LOPUCKI,11,3724,1,,0
829218,Huntsman Polymers Corp,2002-02-27,,1,2002-02-27,LOPUCKI,no order for relief,2821,1,,0
1065458,Logix Communications Enterprises Inc.,2002-02-28,,1,2002-02-28,LOPUCKI,11,4813,1,,0
1043055,"Leiner Health Products, Inc. (2002)",2002-02-28,,2,2002-02-28;2008-03-10,LOPUCKI,11,2834,1,,0
1003111,Globix Corp.,2002-03-01,,1,2002-03-01,LOPUCKI,11,7370,1,,0
814241,Formica Corp.,2002-03-05,,1,2002-03-05,LOPUCKI,11,3080,1,,0
70578,National Steel Corp.,2002-03-06,,1,2002-03-06,LOPUCKI,11,3312,1,,0
1054422,"U.S. Aggregates, Inc.",2002-03-11,,1,2002-03-11,LOPUCKI,11,1400,1,,0
44471,"Guilford Mills, Inc.",2002-03-13,,1,2002-03-13,LOPUCKI,11,2250,1,,0
1017522,"Benedek Communications Corp. (Stations Holding Co, Inc.)",2002-03-22,,1,2002-03-22,LOPUCKI,11,4833,1,,0
927417,"Polymer Group, Inc.",2002-03-25,,1,2002-03-25,LOPUCKI,11,2221,1,,0
1017648,"Adelphia Business Solutions, Inc.",2002-03-27,,1,2002-03-27,LOPUCKI,11,4813,1,,0
1028965,Special Metals Corp.,2002-03-27,,1,2002-03-27,LOPUCKI,11,3310,1,,0
1015611,"United Australia-Pacific, Inc.",2002-03-29,,1,2002-03-29,LOPUCKI,11,4841,1,,0
73902,Covanta Energy Corp.,2002-04-01,,1,2002-04-01,LOPUCKI,11,4991,1,,0
1040570,Orbital Imaging Corp.,2002-04-05,,1,2002-04-05,LOPUCKI,11,4899,1,,0
1117042,Mpower Holding Corp.,2002-04-08,,1,2002-04-08,LOPUCKI,11,4813,1,,0
1102752,"FLAG Telecom Holdings, Ltd",2002-04-12,,1,2002-04-12,LOPUCKI,11,4813,1,,0
1044583,"Williams Communications Group, Inc.",2002-04-22,,1,2002-04-22,LOPUCKI,11,4813,1,,0
906347,NTL Communications Corp.,2002-05-08,,1,2002-05-08,LOPUCKI,11,4813,1,,0
1111938,APW Ltd.,2002-05-16,,1,2002-05-16,LOPUCKI,11,5065,1,,0
1043533,"Metromedia Fiber Network, Inc.",2002-05-20,,1,2002-05-20,LOPUCKI,11,4813,1,,0
1058986,"Pinnacle Holdings, Inc.",2002-05-21,,1,2002-05-21,LOPUCKI,11,6798,1,,0
1050504,Pentacon Inc.,2002-05-23,,1,2002-05-23,LOPUCKI,11,5072,1,,0
1116563,Velocita Corp.,2002-05-30,,1,2002-05-30,LOPUCKI,11,4813,1,,0
34616,"Farmland Industries, Inc.",2002-05-31,,1,2002-05-31,LOPUCKI,11,5150,1,,0
1063574,"WKI Holding Company, Inc.",2002-05-31,,1,2002-05-31,LOPUCKI,11,3231,1,,0
779334,Birmingham Steel Corp.,2002-06-03,,1,2002-06-03,LOPUCKI,11,3312,1,,0
1022329,"IMPSAT Fiber Networks, Inc.",2002-06-11,,1,2002-06-11,LOPUCKI,11,4899,1,,0
1119307,"NewPower Holdings, Inc.",2002-06-11,,1,2002-06-11,LOPUCKI,11,4931,1,,0
1052743,Frontline Capital Group,2002-06-12,,1,2002-06-12,LOPUCKI,11,6531,1,,0
1111634,"XO Communications, Inc.",2002-06-17,,1,2002-06-17,LOPUCKI,11,4813,1,,0
1041954,"ITC DeltaCom, Inc.",2002-06-25,,1,2002-06-25,LOPUCKI,11,4813,1,,0
796486,Adelphia Communications Corp.,2002-06-25,,2,2002-06-25;2006-07-05,LOPUCKI,11,4841,1,,0
723527,"Worldcom, Inc.",2002-07-21,,1,2002-07-21,LOPUCKI,11,4813,1,,0
922471,Budget Group Inc.,2002-07-29,,1,2002-07-29,LOPUCKI,11,7510,1,,0
942307,Dade Behring Inc.,2002-08-01,,1,2002-08-01,LOPUCKI,11,2835,1,,0
701345,"US Airways Group, Inc. (2002)",2002-08-11,,3,2002-08-11;2004-09-12;2005-09-22,LOPUCKI,11,4512,1,,0
1035423,Atlantic Express Transportation Corp.,2002-08-16,,1,2002-08-16,LOPUCKI,11,4100,1,,0
1022581,Consolidated Freightways Corp.,2002-09-03,,1,2002-09-03,LOPUCKI,11,4213,1,,0
942138,"SLI, Inc.",2002-09-09,,1,2002-09-09,LOPUCKI,11,3640,1,,0
1031107,"Peregrine Systems, Inc.",2002-09-22,,1,2002-09-22,LOPUCKI,11,7372,1,,0
2852,Agway Inc.,2002-10-01,,1,2002-10-01,LOPUCKI,11,2040,1,,0
1101169,ViaSystems Group Inc.,2002-10-01,,1,2002-10-01,LOPUCKI,11,3672,1,,0
1092319,"CTC Communications Group, Inc.",2002-10-03,,1,2002-10-03,LOPUCKI,11,7385,1,,0
917464,"EOTT Energy Partners, L.P.",2002-10-08,,1,2002-10-08,LOPUCKI,11,5171,1,,0
1077552,"GenTek, Inc.",2002-10-11,,1,2002-10-11,LOPUCKI,11,3714,1,,0
927790,Union Acceptance Corporation,2002-10-31,,1,2002-10-31,LOPUCKI,11,6141,1,,0
1002816,"Highlands Insurance Group, Inc.",2002-10-31,,1,2002-10-31,LOPUCKI,11,6331,1,,0
1072048,"SpectraSite Holdings, Inc.",2002-11-15,,1,2002-11-15,LOPUCKI,11,4899,1,,0
1087008,Orius Corp.,2002-11-15,,1,2002-11-15,LOPUCKI,11,1731,1,,0
73609,Oakwood Homes Corp.,2002-11-15,,1,2002-11-15,LOPUCKI,11,2451,1,,0
1113836,"Asia Global Crossing, Ltd.",2002-11-17,,1,2002-11-17,LOPUCKI,11,4813,1,,0
1039690,Encompass Services Corporation,2002-11-19,,1,2002-11-19,LOPUCKI,11,1700,1,,0
1110794,Genuity Inc.,2002-11-27,,1,2002-11-27,LOPUCKI,11,7370,1,,0
100517,UAL Corporation,2002-12-09,,2,2002-12-09;2006-01-23,LOPUCKI,11,4512,1,,0
1078420,Advanced GlassFiber Yarns LLC,2002-12-10,,1,2002-12-10,LOPUCKI,11,3220,1,,0
1068292,Clarent Corp.,2002-12-13,,1,2002-12-13,LOPUCKI,11,7372,1,,0
719241,"Conseco, Inc.",2002-12-17,,1,2002-12-17,LOPUCKI,11,6311,1,,0
1059130,Focal Communications Corporation,2002-12-19,,1,2002-12-19,LOPUCKI,11,4812,1,,0
947156,"Seven Seas Petroleum, Inc.",2002-12-20,,1,2002-12-20,LOPUCKI,11,1382,1,,0
1031754,"Wherehouse Entertainment, Inc. (2003)",2003-01-20,,1,2003-01-20,LOPUCKI,11,5735,1,,0
1013218,Alterra HealthCare Corp,2003-01-22,,1,2003-01-22,LOPUCKI,11,8300,1,,0
1068078,American Commercial Lines LLC,2003-01-31,,1,2003-01-31,LOPUCKI,11,4400,1,,0
1108727,"iPCS, Inc.",2003-02-23,,1,2003-02-23,LOPUCKI,11,4812,1,,0
1097516,"divine, inc.",2003-02-25,,1,2003-02-25,LOPUCKI,11,7389,1,,0
1019285,"Superior Telecom, Inc.",2003-03-03,,1,2003-03-03,LOPUCKI,11,3357,1,,0
829676,"NTELOS, Inc.",2003-03-04,,1,2003-03-04,LOPUCKI,11,4813,1,,0
19411,Magellan Health Services Inc.,2003-03-11,,1,2003-03-11,LOPUCKI,11,8060,1,,0
276641,Spiegel Inc.,2003-03-17,,1,2003-03-17,LOPUCKI,11,5961,1,,0
850519,"SONICblue, Inc.",2003-03-21,,1,2003-03-21,LOPUCKI,11,3576,1,,0
46205,Hawaiian Airlines Inc.,2003-03-21,,1,2003-03-21,LOPUCKI,11,4512,1,,0
1088341,Venture Holdings Co LLC,2003-03-28,,1,2003-03-28,LOPUCKI,11,3714,1,,0
352949,"Fleming Companies, Inc.",2003-04-01,,1,2003-04-01,LOPUCKI,11,5141,1,,0
82536,Recoton Corp.,2003-04-08,,1,2003-04-08,LOPUCKI,11,3679,1,,0
1113527,AT&T Latin America Corp.,2003-04-11,,1,2003-04-11,LOPUCKI,11,4813,1,,0
1065049,Leap Wireless International Inc.,2003-04-13,,1,2003-04-13,LOPUCKI,11,4813,1,,0
1027574,Outsourcing Solutions Inc.,2003-05-02,,1,2003-05-02,LOPUCKI,11,8741,1,,0
30841,Acterna Corp.,2003-05-06,,1,2003-05-06,LOPUCKI,11,3825,1,,0
887403,DaisyTek International Corp.,2003-05-07,,1,2003-05-07,LOPUCKI,11,5110,1,,0
1058703,Allegiance Telecom Inc.,2003-05-14,,1,2003-05-14,LOPUCKI,11,4813,1,,0
66895,Mississippi Chemical Corp.,2003-05-15,,2,2003-05-15;2004-09-08,LOPUCKI,11,2870,1,,0
849979,Weirton Steel Corp.,2003-05-19,,1,2003-05-19,LOPUCKI,11,3312,1,,0
852952,WestPoint Stevens Inc. (2003),2003-06-01,,1,2003-06-01,LOPUCKI,11,2390,1,,0
1095701,Philip Services Corp. (2003),2003-06-02,,1,2003-06-02,LOPUCKI,11,4950,1,,0
1023519,MCSI Inc.,2003-06-03,,1,2003-06-03,LOPUCKI,11,5040,1,,0
750813,Seitel Inc.,2003-06-06,,1,2003-06-06,LOPUCKI,11,1382,1,,0
819480,Read-Rite Corp.,2003-06-17,,1,2003-06-17,LOPUCKI,7,3679,1,,0
1144835,Touch America Holdings Inc.,2003-06-19,,2,2003-06-19;2004-08-24,LOPUCKI,11,4813,1,,0
4457,Amerco,2003-06-20,,1,2003-06-20,LOPUCKI,11,7500,1,,0
1051381,National Equipment Services Inc.,2003-06-27,,1,2003-06-27,LOPUCKI,11,7359,1,,0
930735,Crown Pacific Partners L.P.,2003-06-29,,2,2003-06-29;2004-12-21,LOPUCKI,11,2421,1,,0
1041454,"UPC Polska, Inc.",2003-07-07,,1,2003-07-07,LOPUCKI,11,4841,1,,0
1129989,"PG&E National Energy Group, Inc.",2003-07-08,,1,2003-07-08,LOPUCKI,11,4911,1,,0
892553,Chart Industries Inc.,2003-07-08,,1,2003-07-08,LOPUCKI,11,3443,1,,0
1010775,Mirant Corp.,2003-07-14,,2,2003-07-14;2005-12-15,LOPUCKI,11,4911,1,,0
1006269,Loral Space & Communications Ltd.,2003-07-15,,2,2003-07-15;2005-08-05,LOPUCKI,11,3663,1,,0
1019101,"Texas Petrochemical Holdings, Inc.",2003-07-20,,1,2003-07-20,LOPUCKI,11,2890,1,,0
911115,Atchison Casting Corp.,2003-08-04,,1,2003-08-04,LOPUCKI,11,3320,1,,0
1113920,Horizon PCS Inc.,2003-08-15,,1,2003-08-15,LOPUCKI,11,4812,1,,0
1122211,Trenwick Group Ltd,2003-08-20,,1,2003-08-20,LOPUCKI,11,6331,1,,0
1104252,DDI Corp.,2003-08-20,,1,2003-08-20,LOPUCKI,11,3672,1,,0
801550,DVI Inc.,2003-08-25,,2,2003-08-25;2004-12-01,LOPUCKI,11,6172,1,,0
73088,NorthWestern Corporation,2003-09-14,,2,2003-09-14;2004-10-26,LOPUCKI,11,4931,1,,0
897745,WCI Steel Inc.,2003-09-16,,1,2003-09-16,LOPUCKI,11,3312,1,,0
23304,Cone Mills Corp,2003-09-24,,1,2003-09-24,LOPUCKI,11,2211,1,,0
1003114,Impath Inc.,2003-09-28,,1,2003-09-28,LOPUCKI,11,8071,1,,0
1216462,"Republic Engineered Products Holdings, LLC (2003)",2003-10-06,,1,2003-10-06,LOPUCKI,11,3312,1,,0
1072258,American Plumbing & Mechanical Inc.,2003-10-13,,1,2003-10-13,LOPUCKI,11,1700,1,,0
1001430,Thaxton Group Inc.,2003-10-17,,2,2003-10-17;2007-04-05,LOPUCKI,11,6141,1,,0
918577,"Rouge Industries, Inc.",2003-10-23,,1,2003-10-23,LOPUCKI,11,3312,1,,0
1081290,Redback Networks Inc.,2003-11-03,,1,2003-11-03,LOPUCKI,11,7389,1,,0
1060024,Aurora Foods Inc.,2003-12-08,,1,2003-12-08,LOPUCKI,11,2040,1,,0
1043382,"Solutia, Inc.",2003-12-17,,2,2003-12-17;2007-12-05,LOPUCKI,11,2800,1,,0
1135185,Atlas Air Worldwide Holdings Inc.,2004-01-30,,1,2004-01-30,LOPUCKI,11,4522,1,,0
849101,Avado Brands Inc.,2004-02-04,,1,2004-02-04,LOPUCKI,11,5812,1,,0
65384,"Metropolitan Mortgage & Securities Co., Inc.",2004-02-04,,1,2004-02-04,LOPUCKI,11,6799,1,,0
840302,"MTS, Incorporated",2004-02-09,,1,2004-02-09,LOPUCKI,11,5735,1,,0
1129981,Oglebay Norton Company,2004-02-23,,1,2004-02-23,8K_SUBMISSIONS+LOPUCKI,11,1400,1,270,0
47395,High Voltage Engineering Corporation (2004),2004-03-01,,1,2004-03-01,LOPUCKI,11,3620,1,,0
1011308,Footstar Inc.,2004-03-02,,2,2004-03-02;2006-02-02,LOPUCKI,11,5661,1,,0
1072548,Geo Specialty Chemicals Inc.,2004-03-18,,1,2004-03-18,LOPUCKI,11,2810,1,,0
947429,International Wire Group Inc.,2004-03-24,,1,2004-03-24,LOPUCKI,11,3357,1,,0
887591,Fibermark Inc.,2004-03-30,,2,2004-03-30;2005-12-05,LOPUCKI,11,2631,1,,0
914384,Dan River Inc.,2004-03-31,,1,2004-03-31,8K_SUBMISSIONS+LOPUCKI,11,2200,1,299,0
758604,"Bush Industries, Inc.",2004-03-31,,1,2004-03-31,LOPUCKI,11,2511,1,,0
1085776,Liberate Technologies,2004-04-30,,1,2004-04-30,LOPUCKI,11,7372,1,,0
1081878,New World Pasta Co.,2004-05-10,,1,2004-05-10,LOPUCKI,11,2090,1,,0
1041858,RCN Corporation,2004-05-27,,1,2004-05-27,LOPUCKI,11,4813,1,,0
1015629,"Pegasus Satellite Communications, Inc.",2004-06-02,,1,2004-06-02,LOPUCKI,11,4833,1,,0
1024338,"Cornerstone Propane Partners, L.P.",2004-06-03,,1,2004-06-03,LOPUCKI,11,5990,1,,0
215310,BMC Industries Inc.,2004-06-23,,1,2004-06-23,LOPUCKI,11,3470,1,,0
1069201,CROSS MEDIA MARKETING CORP,2004-08-23,,1,2004-08-23,8K_SUBMISSIONS,,7389.0,1,,0
1005214,AMERICAN WAGERING INC,2004-08-25,,1,2004-08-25,8K_SUBMISSIONS,,7990.0,1,,0
1101152,ONLINE POWER SUPPLY INC,2004-08-26,,1,2004-08-26,8K_SUBMISSIONS,,4911.0,1,,0
315641,FRANKFORT TOWER INDUSTRIES INC,2004-08-30,,1,2004-08-30,8K_SUBMISSIONS,,3490.0,1,,0
1121131,REDLINE PERFORMANCE PRODUCTS INC,2004-08-31,,1,2004-08-31,8K_SUBMISSIONS,,3790.0,1,,0
804888,ACCLAIM ENTERTAINMENT INC,2004-09-02,,1,2004-09-02,8K_SUBMISSIONS,,7372.0,1,,0
38792,FRANKS NURSERY & CRAFTS INC,2004-09-10,,1,2004-09-10,8K_SUBMISSIONS,,5900.0,1,,0
800181,MED DIVERSIFIED INC,2004-09-16,,1,2004-09-16,8K_SUBMISSIONS,,8082.0,1,,0
1285508,PROTECTIVE LIFE SECURED TRUST 2004 12,2004-09-17,,1,2004-09-17,8K_SUBMISSIONS,,6311.0,1,,0
203200,METATEC INC,2004-09-17,,1,2004-09-17,8K_SUBMISSIONS,,3652.0,1,,0
1300729,Protective Life Secured Trust 2004-38,2004-09-17,,1,2004-09-17,8K_SUBMISSIONS,,6311.0,1,,0
1297785,Protective Life Secured Trust 2004-37,2004-09-17,,1,2004-09-17,8K_SUBMISSIONS,,6311.0,1,,0
1296536,Protective Life Secured Trust 2004-35,2004-09-17,,1,2004-09-17,8K_SUBMISSIONS,,6311.0,1,,0
1295967,Protective Life Secured Trust 2004-33,2004-09-17,,1,2004-09-17,8K_SUBMISSIONS,,6311.0,1,,0
1285510,PROTECTIVE LIFE SECURED TRUST 2004 14,2004-09-17,,1,2004-09-17,8K_SUBMISSIONS,,6311.0,1,,0
1285509,PROTECTIVE LIFE SECURED TRUST 2004 13,2004-09-17,,1,2004-09-17,8K_SUBMISSIONS,,6311.0,1,,0
1285506,PROTECTIVE LIFE SECURED TRUST 2004 10,2004-09-17,,1,2004-09-17,8K_SUBMISSIONS,,6311.0,1,,0
1285513,PROTECTIVE LIFE SECURED TRUST 2004 17,2004-09-17,,1,2004-09-17,8K_SUBMISSIONS,,6311.0,1,,0
1285512,PROTECTIVE LIFE SECURED TRUST 2004 16,2004-09-17,,1,2004-09-17,8K_SUBMISSIONS,,6311.0,1,,0
1285511,PROTECTIVE LIFE SECURED TRUST 2004 15,2004-09-17,,1,2004-09-17,8K_SUBMISSIONS,,6311.0,1,,0
1285507,PROTECTIVE LIFE SECURED TRUST 2004 11,2004-09-17,,1,2004-09-17,8K_SUBMISSIONS,,6311.0,1,,0
829499,Interstate Bakeries Corporation,2004-09-22,,2,2004-09-22;2008-12-11,8K_SUBMISSIONS+LOPUCKI,11,2050,1,5,0
1002813,POINT WEST CAPITAL CORP,2004-09-24,,1,2004-09-24,8K_SUBMISSIONS,,6199.0,1,,0
745287,Intermet Corp.,2004-09-29,,2,2004-09-29;2005-11-09,8K_SUBMISSIONS+LOPUCKI,11,3320,1,6,0
1286060,PROTECTIVE LIFE SECURED TRUST 2004-A,2004-10-04,,1,2004-10-04,8K_SUBMISSIONS,,6311.0,1,,0
1091953,"Choice One Communications, Inc.",2004-10-05,,1,2004-10-05,8K_SUBMISSIONS+LOPUCKI,11,4813,1,2,0
1131806,"CO LIQUIDATION, INC.",2004-10-07,,1,2004-10-07,8K_SUBMISSIONS,,7373.0,1,,0
1061822,COMPOSITE SOLUTIONS INC,2004-10-12,,2,2004-10-12;2007-05-11,8K_SUBMISSIONS,,7200.0,1,,0
799119,AMERICAN INTERNATIONAL PETROLEUM CORP /NV/,2004-10-12,,1,2004-10-12,8K_SUBMISSIONS,,2911.0,1,,0
1066923,Future FinTech Group Inc.,2004-10-13,,1,2004-10-13,8K_SUBMISSIONS,,7389.0,1,,0
1170161,IDEAL ACCENTS INC,2004-10-14,,1,2004-10-14,8K_SUBMISSIONS,,5013.0,1,,0
928423,EQUUS GAMING CO LP,2004-10-19,,1,2004-10-19,8K_SUBMISSIONS,,7990.0,1,,0
225463,Huffy Corp.,2004-10-20,,1,2004-10-20,8K_SUBMISSIONS+LOPUCKI,11,3949,1,6,0
225211,Touchpoint Group Holdings Inc.,2004-10-20,,1,2004-10-20,8K_SUBMISSIONS,,3661.0,1,,0
100979,ARIS INDUSTRIES INC,2004-10-21,,1,2004-10-21,8K_SUBMISSIONS,,2300.0,1,,0
1301977,Protective Life Secured Trust 2004-40,2004-10-22,,1,2004-10-22,8K_SUBMISSIONS,,6311.0,1,,0
1304527,Protective Life Secured Trust 2004-43,2004-10-22,,1,2004-10-22,8K_SUBMISSIONS,,6311.0,1,,0
1285658,PROTECTIVE LIFE SECURED TRUST 2004 19,2004-10-22,,1,2004-10-22,8K_SUBMISSIONS,,6311.0,1,,0
1285661,PROTECTIVE LIFE SECURED TRUST 2004 18,2004-10-22,,1,2004-10-22,8K_SUBMISSIONS,,6311.0,1,,0
1287929,PROTECTIVE LIFE SECURED TRUST 2004-24,2004-10-22,,1,2004-10-22,8K_SUBMISSIONS,,6311.0,1,,0
1296865,Protective Life Secured Trust 2004-B,2004-10-22,,1,2004-10-22,8K_SUBMISSIONS,,6311.0,1,,0
1287928,PROTECTIVE LIFE SECURED TRUST 2004-25,2004-10-22,,1,2004-10-22,8K_SUBMISSIONS,,6311.0,1,,0
1287009,PROTECTIVE LIFE SECURED TRUST 2004-22,2004-10-22,,1,2004-10-22,8K_SUBMISSIONS,,6311.0,1,,0
1286306,PROTECTIVE LIFE SECURED TRUST 2004-20,2004-10-22,,1,2004-10-22,8K_SUBMISSIONS,,6311.0,1,,0
1303025,Protective Life Secured Trust 2004-41,2004-10-22,,1,2004-10-22,8K_SUBMISSIONS,,6311.0,1,,0
1286305,PROTECTIVE LIFE SECURED TRUST 2004-21,2004-10-22,,1,2004-10-22,8K_SUBMISSIONS,,6311.0,1,,0
1287008,PROTECTIVE LIFE SECURED TRUST 2004-23,2004-10-22,,1,2004-10-22,8K_SUBMISSIONS,,6311.0,1,,0
898904,ATA Holdings Corp.,2004-10-26,,2,2004-10-26;2006-02-06,8K_SUBMISSIONS+LOPUCKI,11,4522,1,2,0
1107080,ENVIRO ENERGY CORP,2004-10-27,,1,2004-10-27,8K_SUBMISSIONS,,1731.0,1,,0
919603,"IGIA, Inc.",2004-10-27,,2,2004-10-27;2006-01-13,8K_SUBMISSIONS,,5960.0,1,,0
789879,ENSURGE INC,2004-10-28,,1,2004-10-28,8K_SUBMISSIONS,,7389.0,1,,0
203159,PACIFIC SECURITY COMPANIES,2004-10-28,,1,2004-10-28,8K_SUBMISSIONS,,6512.0,1,,0
1017616,"TONNER-ONE WORLD HOLDINGS, INC.",2004-11-01,,1,2004-11-01,8K_SUBMISSIONS,,3942.0,1,,0
1096353,SHREVEPORT CAPITAL CORP,2004-11-03,,1,2004-11-03,8K_SUBMISSIONS,,7011.0,1,,0
1096354,HWCC LOUISIANA INC,2004-11-03,,1,2004-11-03,8K_SUBMISSIONS,,,1,,0
1096352,HOLLYWOOD CASINO SHREVEPORT,2004-11-03,,1,2004-11-03,8K_SUBMISSIONS,,7011.0,1,,0
878720,CHILDREN S BOOKS & TOYS INC,2004-11-04,,1,2004-11-04,8K_SUBMISSIONS,,5961.0,1,,0
12355,BLACK & DECKER CORP,2004-11-04,,1,2004-11-04,8K_SUBMISSIONS,,3540.0,1,,0
855684,UCAP INC,2004-11-05,,1,2004-11-05,8K_SUBMISSIONS,,6500.0,1,,0
1129900,DONINI INC,2004-11-18,,1,2004-11-18,8K_SUBMISSIONS,,5812.0,1,,0
1291723,Protective life Secured Trust 2004-28,2004-11-19,,1,2004-11-19,8K_SUBMISSIONS,,6311.0,1,,0
1306401,Protective Life Secured Trust 2004-47,2004-11-19,,1,2004-11-19,8K_SUBMISSIONS,,6311.0,1,,0
1290935,PROTECTIVE LIFE SECURED TRUST 2004-26,2004-11-19,,1,2004-11-19,8K_SUBMISSIONS,,6311.0,1,,0
1291727,PROTECTIVE LIFE SECURED TRUST 2004-29,2004-11-19,,1,2004-11-19,8K_SUBMISSIONS,,6311.0,1,,0
1290906,Protective Life Secured Trust 2004-27,2004-11-19,,1,2004-11-19,8K_SUBMISSIONS,,6311.0,1,,0
1305226,Protective Life Secured Trust 2004-45,2004-11-19,,1,2004-11-19,8K_SUBMISSIONS,,6311.0,1,,0
225868,ROBOTIC VISION SYSTEMS INC,2004-11-22,,1,2004-11-22,8K_SUBMISSIONS,,3823.0,1,,0
1006918,TRUMP ATLANTIC CITY FUNDING INC,2004-11-24,,1,2004-11-24,8K_SUBMISSIONS,,7990.0,1,,0
897729,TRUMP ATLANTIC CITY ASSOCIATES,2004-11-24,,1,2004-11-24,8K_SUBMISSIONS,,7990.0,1,,0
1226932,TRUMP CASINO HOLDINGS LLC,2004-11-24,,1,2004-11-24,8K_SUBMISSIONS,,7011.0,1,,0
1052517,TRUMP ATLANTIC CITY FUNDING II INC,2004-11-24,,1,2004-11-24,8K_SUBMISSIONS,,7990.0,1,,0
1052519,TRUMP ATLANTIC CITY FUNDING III INC,2004-11-24,,1,2004-11-24,8K_SUBMISSIONS,,7990.0,1,,0
1226933,TRUMP CASINO FUNDING INC,2004-11-24,,1,2004-11-24,8K_SUBMISSIONS,,,1,,0
27425,Amcast Industrial Corporation (2004),2004-11-30,,1,2004-11-30,8K_SUBMISSIONS+LOPUCKI,11,3490,1,6,0
1285169,PROTECTIVE LIFE SECURED TRUST 2003-1,2004-11-30,,1,2004-11-30,8K_SUBMISSIONS,,6189.0,1,,0
773326,FORELAND CORP,2004-11-30,,1,2004-11-30,8K_SUBMISSIONS,,1311.0,1,,0
874389,"Applied Extrusion Technologies, Inc.",2004-12-01,,1,2004-12-01,LOPUCKI,11,3081,1,,0
797542,QUANTUM X LABS INC.,2004-12-08,,1,2004-12-08,8K_SUBMISSIONS,,7372.0,1,,0
885672,ASTROPOWER INC,2004-12-13,,1,2004-12-13,8K_SUBMISSIONS,,3674.0,1,,0
768119,DATATEC SYSTEMS INC,2004-12-15,,1,2004-12-15,8K_SUBMISSIONS,,7373.0,1,,0
1044324,TROPICAL SPORTSWEAR INTERNATIONAL CORP,2004-12-16,,1,2004-12-16,8K_SUBMISSIONS,,2320.0,1,,0
1302952,Protective Life Secured Trust 2004-C,2004-12-17,,1,2004-12-17,8K_SUBMISSIONS,,6311.0,1,,0
1293273,Protective Life Secured Trust 2004-30,2004-12-17,,1,2004-12-17,8K_SUBMISSIONS,,6311.0,1,,0
39899,TEGNA INC,2004-12-17,,1,2004-12-17,8K_SUBMISSIONS,,4833.0,1,,0
1293274,Protective Life Secured Trust 2004-31,2004-12-17,,1,2004-12-17,8K_SUBMISSIONS,,6311.0,1,,0
1309522,Protective Life Secured Trust 2004-49,2004-12-17,,1,2004-12-17,8K_SUBMISSIONS,,6311.0,1,,0
1064063,MIIX GROUP INC,2004-12-21,,1,2004-12-21,8K_SUBMISSIONS,,6399.0,1,,0
879206,USN CORP,2004-12-23,,2,2004-12-23;2006-03-13,8K_SUBMISSIONS,,5944.0,1,,0
1303835,Hartford Life Global Funding Trust 2004-003,2004-12-27,,1,2004-12-27,8K_SUBMISSIONS,,,1,,0
1062834,BARON CAPITAL PROPERTIES LP,2004-12-27,,1,2004-12-27,8K_SUBMISSIONS,,6513.0,1,,0
1045550,BARON CAPITAL TRUST,2004-12-27,,1,2004-12-27,8K_SUBMISSIONS,,6513.0,1,,0
1116181,"IWO Holdings, Inc.",2005-01-04,,1,2005-01-04,8K_SUBMISSIONS+LOPUCKI,11,4812,1,1,0
1077050,HERBORIUM,2005-01-05,,1,2005-01-05,8K_SUBMISSIONS,,2833.0,1,,0
1019825,MOONEY AEROSPACE GROUP LTD,2005-01-06,,1,2005-01-06,8K_SUBMISSIONS,,3721.0,1,,0
1129650,TORCH OFFSHORE INC,2005-01-10,,1,2005-01-10,8K_SUBMISSIONS,,1389.0,1,,0
911626,"Ultimate Electronics, Inc.",2005-01-11,,1,2005-01-11,8K_SUBMISSIONS+LOPUCKI,11,5731,1,7,0
1095792,AVALON DIGITAL MARKETING SYSTEMS INC,2005-01-14,,1,2005-01-14,8K_SUBMISSIONS,,7389.0,1,,0
1009891,AIR INDUSTRIES GROUP,2005-01-14,,1,2005-01-14,8K_SUBMISSIONS,,3728.0,1,,0
911004,Friedman's Inc.,2005-01-14,,1,2005-01-14,8K_SUBMISSIONS+LOPUCKI,11,5944,1,4,0
895716,"StarVox Communications, Inc. /DE/",2005-01-18,,1,2005-01-18,8K_SUBMISSIONS,,6770.0,1,,0
1106836,SGD HOLDINGS LTD,2005-01-21,,2,2005-01-21;2009-04-15,8K_SUBMISSIONS,,5094.0,1,,0
1035426,CRESCENT OPERATING INC,2005-01-21,,1,2005-01-21,8K_SUBMISSIONS,,6798.0,1,,0
772349,"American Business Financial Services, Inc.",2005-01-21,,1,2005-01-21,8K_SUBMISSIONS+LOPUCKI,11,6162,1,6,0
1312126,Hartford Life Global Funding Trust 2004-020,2005-01-24,,1,2005-01-24,8K_SUBMISSIONS,,,1,,0
1311498,Hartford Life Global Funding Trust 2004 - 017,2005-01-24,,1,2005-01-24,8K_SUBMISSIONS,,,1,,0
1305523,Hartford Life Global Funding Trust 2004-005,2005-01-24,,1,2005-01-24,8K_SUBMISSIONS,,,1,,0
1306830,Celanese Corp,2005-01-28,,1,2005-01-28,8K_SUBMISSIONS,,2820.0,1,,0
34339,"Falcon Products, Inc.",2005-01-31,,1,2005-01-31,8K_SUBMISSIONS+LOPUCKI,11,2590,1,7,0
925548,"Tower Automotive, Inc.",2005-02-02,,1,2005-02-02,8K_SUBMISSIONS+LOPUCKI,11,3460,1,5,0
936446,Amerinac Holding Corp.,2005-02-07,,1,2005-02-07,8K_SUBMISSIONS,,5072.0,1,,0
1314739,Protective Life Secured Trust 2005-2,2005-02-11,,1,2005-02-11,8K_SUBMISSIONS,,6189.0,1,,0
107681,"Winn-Dixie Stores, Inc.",2005-02-21,,2,2005-02-21;2006-12-11,8K_SUBMISSIONS+LOPUCKI,11,5411,1,3,0
1081748,MUNICIPAL PAYMENTS SYSTEMS INC,2005-02-24,,1,2005-02-24,8K_SUBMISSIONS,,7389.0,1,,0
1313363,Hartford Life Global Funding Trust 2005-001,2005-02-24,,1,2005-02-24,8K_SUBMISSIONS,,,1,,0
1314187,Hartford Life Global Funding Trust 2005-004,2005-02-24,,1,2005-02-24,8K_SUBMISSIONS,,,1,,0
1314851,Hartford Life Global Funding Trust 2005-008,2005-02-24,,1,2005-02-24,8K_SUBMISSIONS,,,1,,0
1315143,Hartford Life Global Funding Trust 2005-010,2005-02-24,,1,2005-02-24,8K_SUBMISSIONS,,,1,,0
1315500,Hartford Life Global Funding Trust 2005-013,2005-02-24,,1,2005-02-24,8K_SUBMISSIONS,,,1,,0
773318,VERITEC INC,2005-02-28,,1,2005-02-28,8K_SUBMISSIONS,,8741.0,1,,0
106618,WHX Corporation,2005-03-07,,1,2005-03-07,8K_SUBMISSIONS+LOPUCKI,11,3470,1,1,0
745655,"China Crescent Enterprises, Inc.",2005-03-18,,2,2005-03-18;2006-04-07,8K_SUBMISSIONS,,3570.0,1,,0
1318812,Hartford Life Global Funding Trust 2005-028,2005-03-24,,1,2005-03-24,8K_SUBMISSIONS,,,1,,0
1304569,Hartford Life Global Funding Trust 2004-004,2005-03-24,,1,2005-03-24,8K_SUBMISSIONS,,,1,,0
1303834,Hartford Life Global Funding Trust 2004-002,2005-03-24,,1,2005-03-24,8K_SUBMISSIONS,,,1,,0
1316268,Hartford Life Global Funding Trust 2005-015,2005-03-24,,1,2005-03-24,8K_SUBMISSIONS,,,1,,0
1318807,Hartford Life Global Funding Trust 2005-027,2005-03-24,,1,2005-03-24,8K_SUBMISSIONS,,,1,,0
1317919,Hartford Life Global Funding Trust 2005-022,2005-03-24,,1,2005-03-24,8K_SUBMISSIONS,,,1,,0
1317087,Hartford Life Global Funding Trust 2005-019,2005-03-24,,1,2005-03-24,8K_SUBMISSIONS,,,1,,0
1316269,Hartford Life Global Funding Trust 2005-016,2005-03-24,,1,2005-03-24,8K_SUBMISSIONS,,,1,,0
1302833,Hartford Life Global Funding Trust 2004-001,2005-03-24,,1,2005-03-24,8K_FTS+8K_SUBMISSIONS,,6189.0,1,,0
317788,"Digital Turbine, Inc.",2005-03-30,,1,2005-03-30,8K_SUBMISSIONS,,6794.0,1,,0
1092536,FN ESTATE INC,2005-03-30,,1,2005-03-30,8K_SUBMISSIONS,,7389.0,1,,0
1048339,TOMS FOODS INC,2005-04-06,,1,2005-04-06,8K_SUBMISSIONS,,2090.0,1,,0
1059364,"Eagle Picher Holdings, Inc. (2005)",2005-04-11,,1,2005-04-11,8K_SUBMISSIONS+LOPUCKI,11,3711,1,2,0
66849,SOUTHERN INVESTORS SERVICE CO INC,2005-04-12,,1,2005-04-12,8K_SUBMISSIONS,,7011.0,1,,0
1059572,EAGLE PICHER FILTRATION & MINERALS INC,2005-04-13,,1,2005-04-13,8K_SUBMISSIONS,,3714.0,1,,0
1059567,DAISY PARTS INC,2005-04-13,,1,2005-04-13,8K_SUBMISSIONS,,3714.0,1,,0
1059570,EAGLE PICHER FAR EAST INC,2005-04-13,,1,2005-04-13,8K_SUBMISSIONS,,3714.0,1,,0
1059576,EAGLE PICHER TECHNOLOGIES LLC,2005-04-13,,1,2005-04-13,8K_SUBMISSIONS,,3714.0,1,,0
1059573,HILLSDALE TOOL & MANUFACTURING CO,2005-04-13,,1,2005-04-13,8K_SUBMISSIONS,,3714.0,1,,0
1322056,Protective Life Secured Trust 2005-7,2005-04-14,,1,2005-04-14,8K_SUBMISSIONS,,6189.0,1,,0
1320764,Protective Life Secured Trust 2005-6,2005-04-14,,1,2005-04-14,8K_SUBMISSIONS,,6189.0,1,,0
1319334,Protective Life Secured Trust 2005-3,2005-04-14,,1,2005-04-14,8K_SUBMISSIONS,,6189.0,1,,0
1073876,VISUAL BIBLE INTERNATIONAL INC,2005-04-18,,1,2005-04-18,8K_SUBMISSIONS,,2731.0,1,,0
1165532,ATX COMMUNICATIONS INC,2005-04-20,,1,2005-04-20,8K_SUBMISSIONS,,4813.0,1,,0
1037759,PONY EXPRESS USA INC,2005-05-02,,1,2005-05-02,8K_SUBMISSIONS,,5961.0,1,,0
1013243,aaiPharma Inc.,2005-05-10,,1,2005-05-10,8K_SUBMISSIONS+LOPUCKI,11,8734,1,2,0
946283,"Z Holdings Group, Inc.",2005-05-12,,2,2005-05-12;2009-06-11,8K_SUBMISSIONS,,6770.0,1,,0
1130128,"CHINA IVY SCHOOL, INC.",2005-05-13,,1,2005-05-13,8K_SUBMISSIONS,,8200.0,1,,0
846815,Collins & Aikman Corporation,2005-05-17,,2,2005-05-17;2007-10-16,8K_SUBMISSIONS+LOPUCKI,11,3714,1,3,0
1039387,NATURAL GOLF CORP,2005-05-17,,1,2005-05-17,8K_SUBMISSIONS,,3949.0,1,,0
1324233,Protective Life Secured Trust 2005-10,2005-05-18,,1,2005-05-18,8K_SUBMISSIONS,,6189.0,1,,0
1323534,Protective Life Secured Trust 2005-8,2005-05-18,,1,2005-05-18,8K_SUBMISSIONS,,6189.0,1,,0
866671,WESTERN WATER CO,2005-05-24,,1,2005-05-24,8K_SUBMISSIONS,,6795.0,1,,0
1325078,Hartford Life Global Funding Trust 2005-054,2005-05-25,,1,2005-05-25,8K_SUBMISSIONS,,6189.0,1,,0
1324295,Hartford Life Global Funding Trust 2005-052,2005-05-25,,1,2005-05-25,8K_SUBMISSIONS,,6189.0,1,,0
1323537,Hartford Life Global Funding Trust 2005-048,2005-05-25,,1,2005-05-25,8K_SUBMISSIONS,,6189.0,1,,0
1322838,Hartford Life Global Funding Trust 2005-045,2005-05-25,,1,2005-05-25,8K_SUBMISSIONS,,6189.0,1,,0
1322786,Hartford Life Global Funding Trust 2005-044,2005-05-25,,1,2005-05-25,8K_SUBMISSIONS,,6189.0,1,,0
1322263,Hartford Life Global Funding Trust 2005-042,2005-05-25,,1,2005-05-25,8K_SUBMISSIONS,,6189.0,1,,0
1322229,Hartford Life Global Funding Trust 2005-040,2005-05-25,,1,2005-05-25,8K_SUBMISSIONS,,6189.0,1,,0
1308874,Hartford Life Global Funding Trust 2004-009,2005-05-25,,1,2005-05-25,8K_SUBMISSIONS,,,1,,0
1320795,Hartford Life Global Funding Trust 2005-038,2005-05-25,,1,2005-05-25,8K_SUBMISSIONS,,6189.0,1,,0
1320124,Hartford Life Global Funding Trust 2005-034,2005-05-25,,1,2005-05-25,8K_SUBMISSIONS,,6189.0,1,,0
1319465,Hartford Life Global Funding Trust 2005-031,2005-05-25,,1,2005-05-25,8K_SUBMISSIONS,,6189.0,1,,0
1319325,Hartford Life Global Funding Trust 2005-030,2005-05-25,,1,2005-05-25,8K_SUBMISSIONS,,6189.0,1,,0
1318659,Hartford Life Global Funding Trust 2005-025,2005-05-25,,1,2005-05-25,8K_SUBMISSIONS,,,1,,0
1308875,Hartford Life Global Funding Trust 2004-010,2005-05-25,,1,2005-05-25,8K_SUBMISSIONS,,,1,,0
943323,TRUMP ENTERTAINMENT RESORTS FUNDING INC,2005-05-26,,2,2005-05-26;2009-02-17,8K_SUBMISSIONS,,7011.0,1,,0
943322,TRUMP ENTERTAINMENT RESORTS HOLDINGS LP,2005-05-26,,2,2005-05-26;2009-02-17,8K_SUBMISSIONS,,7011.0,1,,0
931457,UNIVERSAL AUTOMOTIVE INDUSTRIES INC /DE/,2005-05-31,,1,2005-05-31,8K_SUBMISSIONS,,5013.0,1,,0
230131,COMDIAL CORP,2005-05-31,,1,2005-05-31,8K_SUBMISSIONS,,3661.0,1,,0
1314020,Protective Life Secured Trust 2005-A,2005-06-07,,1,2005-06-07,8K_SUBMISSIONS,,6189.0,1,,0
1172222,HAWAIIAN HOLDINGS INC,2005-06-07,,1,2005-06-07,8K_SUBMISSIONS,,4512.0,1,,0
890784,RAMP CORP,2005-06-08,,1,2005-06-08,8K_SUBMISSIONS,,7370.0,1,,0
1112263,PROXIM CORP,2005-06-13,,1,2005-06-13,8K_SUBMISSIONS,,3669.0,1,,0
1328194,Protective Life Secured Trust 2005-12,2005-06-15,,1,2005-06-15,8K_SUBMISSIONS,,6189.0,1,,0
1128723,SKYWAY COMMUNICATIONS HOLDING CORP,2005-06-17,,1,2005-06-17,8K_SUBMISSIONS,,4813.0,1,,0
1100395,AMERICA ONLINE LATIN AMERICA INC,2005-06-24,,1,2005-06-24,8K_SUBMISSIONS,,7370.0,1,,0
831115,HEARTLAND TECHNOLOGY INC,2005-06-24,,1,2005-06-24,8K_SUBMISSIONS,,6770.0,1,,0
1310870,Hartford Life Global Funding Trust 2004-015,2005-06-27,,1,2005-06-27,8K_SUBMISSIONS,,6189.0,1,,0
1325961,Hartford Life Global Funding Trust 2005-057,2005-06-27,,1,2005-06-27,8K_SUBMISSIONS,,6189.0,1,,0
1310867,Hartford Life Global Funding Trust 2004-013,2005-06-27,,1,2005-06-27,8K_SUBMISSIONS,,6189.0,1,,0
1310869,Hartford Life Global Funding Trust 2004-014,2005-06-27,,1,2005-06-27,8K_SUBMISSIONS,,6189.0,1,,0
1326729,Hartford Life Global Funding Trust 2005-059,2005-06-27,,1,2005-06-27,8K_SUBMISSIONS,,6189.0,1,,0
1310228,Hartford Life Global Funding Trust 2004-012,2005-06-27,,1,2005-06-27,8K_SUBMISSIONS,,6189.0,1,,0
1311500,Hartford Life Global Funding Trust 2004-018,2005-06-27,,1,2005-06-27,8K_SUBMISSIONS,,6189.0,1,,0
1312127,Hartford Life Global Funding Trust 2004-021,2005-06-27,,1,2005-06-27,8K_SUBMISSIONS,,6189.0,1,,0
1326760,Hartford Life Global Funding Trust 2005-060,2005-06-27,,1,2005-06-27,8K_SUBMISSIONS,,6189.0,1,,0
1328325,Hartford Life Global Funding Trust 2005-064,2005-06-27,,1,2005-06-27,8K_SUBMISSIONS,,6189.0,1,,0
1312130,Hartford Life Global Funding Trust 2004-019,2005-06-27,,1,2005-06-27,8K_SUBMISSIONS,,6189.0,1,,0
1310229,Hartford Life Global Funding Trust 2004-011,2005-06-27,,1,2005-06-27,8K_SUBMISSIONS,,6189.0,1,,0
1311495,Hartford Life Global Funding Trust 2004-016,2005-06-27,,1,2005-06-27,8K_SUBMISSIONS,,6189.0,1,,0
1327499,Hartford Life Global Funding Trust 2005-061,2005-06-27,,1,2005-06-27,8K_SUBMISSIONS,,6189.0,1,,0
810932,GLOBALNET CORP,2005-06-29,,1,2005-06-29,8K_SUBMISSIONS,,4813.0,1,,0
826253,AURA SYSTEMS INC,2005-06-30,,1,2005-06-30,8K_SUBMISSIONS,,3690.0,1,,0
797496,FRONTIER INSURANCE GROUP INC,2005-07-06,,1,2005-07-06,8K_SUBMISSIONS,,6351.0,1,,0
353827,PHARMACEUTICAL FORMULATIONS INC,2005-07-12,,1,2005-07-12,8K_SUBMISSIONS,,2834.0,1,,0
894158,"Theriva Biologics, Inc.",2005-07-15,,1,2005-07-15,8K_SUBMISSIONS,,2834.0,1,,0
1330789,Protective Life Secured Trust 2005-15,2005-07-18,,1,2005-07-18,8K_SUBMISSIONS,,6189.0,1,,0
1329400,Protective Life Secured Trust 2005-14,2005-07-18,,1,2005-07-18,8K_SUBMISSIONS,,6189.0,1,,0
1314737,Protective Life Secured Trust 2005-1,2005-07-18,,1,2005-07-18,8K_SUBMISSIONS,,6189.0,1,,0
1096789,PROJECT GROUP INC,2005-07-19,,1,2005-07-19,8K_SUBMISSIONS,,7389.0,1,,0
857171,ABLE LABORATORIES INC,2005-07-20,,2,2005-07-20;2006-07-21,8K_SUBMISSIONS,,2835.0,1,,0
1137157,MEGA C POWER CORP,2005-07-22,,1,2005-07-22,8K_SUBMISSIONS,,6770.0,1,,0
943206,COMPUTER LEARNING CENTERS INC,2005-07-25,,1,2005-07-25,8K_SUBMISSIONS,,8200.0,1,,0
1013148,XYBERNAUT CORP,2005-07-26,,2,2005-07-26;2006-12-11,8K_SUBMISSIONS,,3576.0,1,,0
1330952,Hartford Life Global Funding Trust 2005-075,2005-07-27,,1,2005-07-27,8K_SUBMISSIONS,,6189.0,1,,0
1330314,Hartford Life Global Funding Trust 2005-073,2005-07-27,,1,2005-07-27,8K_SUBMISSIONS,,6189.0,1,,0
1331726,Hartford Life Global Funding Trust 2005-078,2005-07-27,,1,2005-07-27,8K_SUBMISSIONS,,6189.0,1,,0
1330960,Hartford Life Global Funding Trust 2005-076,2005-07-27,,1,2005-07-27,8K_SUBMISSIONS,,6189.0,1,,0
1330312,Hartford Life Global Funding Trust 2005-072,2005-07-27,,1,2005-07-27,8K_SUBMISSIONS,,6189.0,1,,0
1331730,Hartford Life Global Funding Trust 2005-079,2005-07-27,,1,2005-07-27,8K_SUBMISSIONS,,6189.0,1,,0
909950,"Allied Holdings, Inc.",2005-07-31,,2,2005-07-31;2007-05-24,8K_SUBMISSIONS+LOPUCKI,11,4213,1,1,0
316672,TERAFORCE TECHNOLOGY CORP,2005-08-04,,1,2005-08-04,8K_SUBMISSIONS,,3576.0,1,,0
1015868,TL  ADMINISTRATION CORP,2005-08-04,,1,2005-08-04,8K_SUBMISSIONS,,2833.0,1,,0
1327080,Protective Life Secured Trust 2005-B,2005-08-18,,1,2005-08-18,8K_SUBMISSIONS,,6189.0,1,,0
65202,ANTARES RESOURCES CORP,2005-08-18,,1,2005-08-18,8K_SUBMISSIONS,,8711.0,1,,0
1332996,Hartford Life Global Funding Trust 2005-083,2005-08-25,,1,2005-08-25,8K_SUBMISSIONS,,6189.0,1,,0
1332987,Hartford Life Global Funding Trust 2005-084,2005-08-25,,1,2005-08-25,8K_SUBMISSIONS,,6189.0,1,,0
1334375,Hartford Life Global Funding Trust 2005-089,2005-08-25,,1,2005-08-25,8K_SUBMISSIONS,,6189.0,1,,0
1333632,Hartford Life Global Funding Trust 2005-086,2005-08-25,,1,2005-08-25,8K_SUBMISSIONS,,6189.0,1,,0
1332366,Hartford Life Global Funding Trust 2005-081,2005-08-25,,1,2005-08-25,8K_SUBMISSIONS,,6189.0,1,,0
1335047,Hartford Life Global Funding Trust 2005-095,2005-08-25,,1,2005-08-25,8K_SUBMISSIONS,,6189.0,1,,0
778423,ARLINGTON HOSPITALITY INC,2005-09-01,,1,2005-09-01,8K_SUBMISSIONS,,7011.0,1,,0
1006384,"Golden Elephant Glass Technology, Inc.",2005-09-07,,1,2005-09-07,8K_SUBMISSIONS,,3231.0,1,,0
32272,THREE FIVE SYSTEMS INC,2005-09-09,,1,2005-09-09,8K_SUBMISSIONS,,3679.0,1,,0
1058033,Northwest Airlines Corporation,2005-09-14,,2,2005-09-14;2007-05-21,LOPUCKI,11,4512,1,,0
27904,"Delta Air Lines, Inc.",2005-09-14,,2,2005-09-14;2007-04-26,8K_SUBMISSIONS+LOPUCKI,11,4512,1,1,0
1096936,Marketing Concepts International,2005-09-14,,1,2005-09-14,8K_SUBMISSIONS,,7389.0,1,,0
912908,"Foamex International, Inc. (2005)",2005-09-19,,2,2005-09-19;2009-02-18,8K_SUBMISSIONS+LOPUCKI,11,3086,1,3,0
1074663,QUARK TECHNOLOGY GLOBAL INC.,2005-09-19,,1,2005-09-19,8K_SUBMISSIONS,,3711.0,1,,0
1320763,Protective Life Secured Trust 2005-5,2005-09-20,,1,2005-09-20,8K_SUBMISSIONS,,6189.0,1,,0
1319333,Protective Life Secured Trust 2005-4,2005-09-20,,1,2005-09-20,8K_SUBMISSIONS,,6189.0,1,,0
890081,FOAMEX CAPITAL CORP,2005-09-22,,1,2005-09-22,8K_SUBMISSIONS,,3086.0,1,,0
714560,US AIRWAYS INC,2005-09-22,,1,2005-09-22,8K_SUBMISSIONS,,4512.0,1,,0
890080,FOAMEX L P,2005-09-22,,1,2005-09-22,8K_SUBMISSIONS,,3086.0,1,,0
71508,"Entergy New Orleans, Inc.",2005-09-23,,1,2005-09-23,8K_SUBMISSIONS+LOPUCKI,11,4911,1,5,0
1335089,Hartford Life Global Funding Trust 2005-092,2005-09-26,,1,2005-09-26,8K_SUBMISSIONS,,6189.0,1,,0
1083753,THERMOVIEW INDUSTRIES INC,2005-09-26,,1,2005-09-26,8K_SUBMISSIONS,,3089.0,1,,0
65984,ENTERGY CORP /DE/,2005-09-28,,1,2005-09-28,8K_SUBMISSIONS,,4911.0,1,,0
7323,"ENTERGY ARKANSAS, LLC",2005-09-28,,1,2005-09-28,8K_SUBMISSIONS,,4911.0,1,,0
202584,"SYSTEM ENERGY RESOURCES, INC",2005-09-28,,1,2005-09-28,8K_SUBMISSIONS,,4911.0,1,,0
60527,"ENTERGY LOUISIANA HOLDINGS, INC",2005-09-28,,1,2005-09-28,8K_SUBMISSIONS,,4911.0,1,,0
66901,"ENTERGY MISSISSIPPI, LLC",2005-09-28,,1,2005-09-28,8K_SUBMISSIONS,,4911.0,1,,0
44570,"ENTERGY GULF STATES LOUISIANA, LLC",2005-09-28,,1,2005-09-28,8K_SUBMISSIONS,,4911.0,1,,0
866492,"Tectonic Network, Inc",2005-10-03,,1,2005-10-03,8K_SUBMISSIONS,,7372.0,1,,0
715031,HOME DIRECTOR INC,2005-10-04,,2,2005-10-04;2006-10-27,8K_SUBMISSIONS,,3669.0,1,,0
1318309,"Crown Financial Holdings, Inc.",2005-10-05,,1,2005-10-05,8K_SUBMISSIONS,,6211.0,1,,0
1127783,TRENWICK AMERICA CORP,2005-10-05,,1,2005-10-05,8K_SUBMISSIONS,,6331.0,1,,0
1072342,Delphi Corporation,2005-10-08,,2,2005-10-08;2008-01-30,8K_SUBMISSIONS+LOPUCKI,11,3714,1,6,0
1099730,EPIXTAR CORP,2005-10-12,,1,2005-10-12,8K_SUBMISSIONS,,7374.0,1,,0
835768,MAIR HOLDINGS INC,2005-10-13,,1,2005-10-13,8K_SUBMISSIONS,,4512.0,1,,0
859735,GARDENBURGER INC,2005-10-17,,1,2005-10-17,8K_SUBMISSIONS,,2030.0,1,,0
1305464,Refco Finance Inc.,2005-10-17,,2,2005-10-17;2006-12-20,8K_SUBMISSIONS+LOPUCKI,11,6200,1,4,0
1323533,Protective Life Secured Trust 2005-9,2005-10-18,,1,2005-10-18,8K_SUBMISSIONS,,6189.0,1,,0
1089393,JACOBSON RESONANCE ENTERPRISES INC,2005-10-19,,1,2005-10-19,8K_SUBMISSIONS,,3841.0,1,,0
915354,OSULLIVAN INDUSTRIES HOLDINGS INC,2005-10-19,,1,2005-10-19,8K_SUBMISSIONS,,2511.0,1,,0
1107978,OSULLIVAN INDUSTRIES INC,2005-10-19,,1,2005-10-19,8K_SUBMISSIONS,,2510.0,1,,0
1305468,"Refco Group Ltd., LLC",2005-10-21,,2,2005-10-21;2006-12-20,8K_SUBMISSIONS,,6200.0,1,,0
1074530,BOYDS COLLECTION LTD,2005-10-21,,1,2005-10-21,8K_SUBMISSIONS,,5190.0,1,,0
1321746,Refco Inc.,2005-10-21,,2,2005-10-21;2006-12-20,8K_SUBMISSIONS,,6200.0,1,,0
1339350,Hartford Life Global Funding Trust 2005-114,2005-10-27,,1,2005-10-27,8K_SUBMISSIONS,,6189.0,1,,0
1090870,21ST CENTURY TECHNOLOGIES INC,2005-11-04,,1,2005-11-04,8K_SUBMISSIONS,,3480.0,1,,0
904020,FLYI INC,2005-11-07,,2,2005-11-07;2007-03-21,8K_SUBMISSIONS+LOPUCKI,11,4512.0,1,0,0
895651,SIGHT RESOURCE CORP,2005-11-10,,1,2005-11-10,8K_SUBMISSIONS,,8000.0,1,,0
1328195,Protective Life Secured Trust 2005-11,2005-11-17,,1,2005-11-17,8K_SUBMISSIONS,,6189.0,1,,0
936404,WINFIELD CAPITAL CORP,2005-11-22,,1,2005-11-22,8K_SUBMISSIONS,,,1,,0
1336293,Hartford Life Global Funding Trust 2005-102,2005-11-28,,1,2005-11-28,8K_SUBMISSIONS,,6189.0,1,,0
1010026,3DFX INTERACTIVE INC,2005-12-09,,1,2005-12-09,8K_SUBMISSIONS,,7372.0,1,,0
800401,EPICUS COMMUNICATIONS GROUP INC,2005-12-14,,1,2005-12-14,8K_SUBMISSIONS,,4813.0,1,,0
1328881,Protective Life Secured Trust 2005-13,2005-12-16,,1,2005-12-16,8K_SUBMISSIONS,,6189.0,1,,0
1343435,Protective Life Secured Trust 2005-D,2005-12-16,,1,2005-12-16,8K_SUBMISSIONS,,6311.0,1,,0
1330788,Protective Life Secured Trust 2005-16,2005-12-16,,1,2005-12-16,8K_SUBMISSIONS,,6189.0,1,,0
916457,Calpine Corp.,2005-12-20,,2,2005-12-20;2007-12-27,8K_SUBMISSIONS+LOPUCKI,11,4911,1,3,0
1294450,"Channel Power GP, LLC",2005-12-23,,1,2005-12-23,8K_SUBMISSIONS,,,1,,0
1294392,"Calpine Baytown Energy Center GP, LLC",2005-12-23,,1,2005-12-23,8K_SUBMISSIONS,,,1,,0
1294386,"Baytown Energy Center, LP",2005-12-23,,1,2005-12-23,8K_SUBMISSIONS,,,1,,0
1294382,"CalGen Expansion Company, LLC",2005-12-23,,1,2005-12-23,8K_SUBMISSIONS,,,1,,0
1294474,"Decatur Energy Center, LLC",2005-12-23,,1,2005-12-23,8K_SUBMISSIONS,,,1,,0
1294377,CALGEN FINANCE CORP,2005-12-23,,1,2005-12-23,8K_SUBMISSIONS,,4911.0,1,,0
1294371,"CALPINE GENERATING COMPANY, LLC",2005-12-23,,1,2005-12-23,8K_SUBMISSIONS,,4911.0,1,,0
1294470,"Calpine Corpus Christi Energy, LP",2005-12-23,,1,2005-12-23,8K_SUBMISSIONS,,,1,,0
1294469,"Calpine Corpus Christi Energy GP, LLC",2005-12-23,,1,2005-12-23,8K_SUBMISSIONS,,,1,,0
1294409,"Baytown Power, LP",2005-12-23,,1,2005-12-23,8K_SUBMISSIONS,,,1,,0
54291,KAISER ALUMINUM & CHEMICAL CORP,2005-12-23,,1,2005-12-23,8K_SUBMISSIONS,,3334.0,1,,0
1294453,"Channel Power, LP",2005-12-23,,1,2005-12-23,8K_SUBMISSIONS,,,1,,0
1044434,SYNDICATED FOOD SERVICE INTERNATIONAL INC,2005-12-23,,1,2005-12-23,8K_SUBMISSIONS,,6770.0,1,,0
1294416,Carville Energy LLC,2005-12-23,,1,2005-12-23,8K_SUBMISSIONS,,,1,,0
1294424,"Channel Energy Center, LP",2005-12-23,,1,2005-12-23,8K_SUBMISSIONS,,,1,,0
1294428,"Calpine Channel Energy Center GP, LLC",2005-12-23,,1,2005-12-23,8K_SUBMISSIONS,,,1,,0
1294460,Nueces Bay Energy LLC,2005-12-23,,1,2005-12-23,8K_SUBMISSIONS,,,1,,0
1294457,Corpus Christi Cogeneration LP,2005-12-23,,1,2005-12-23,8K_SUBMISSIONS,,,1,,0
1294440,"Calpine Channel Energy Center LP, LLC",2005-12-23,,1,2005-12-23,8K_SUBMISSIONS,,,1,,0
1294455,Columbia Energy LLC,2005-12-23,,1,2005-12-23,8K_SUBMISSIONS,,,1,,0
1294465,"Calpine Northbrook Southcoast Investors, LLC",2005-12-23,,1,2005-12-23,8K_SUBMISSIONS,,,1,,0
1294824,"Calpine Oneta Power, L.P.",2005-12-23,,1,2005-12-23,8K_SUBMISSIONS,,,1,,0
1294401,"Baytown Power GP, LLC",2005-12-23,,1,2005-12-23,8K_SUBMISSIONS,,,1,,0
1294817,"Calpine Pastoria Holdings, LLC",2005-12-23,,1,2005-12-23,8K_SUBMISSIONS,,,1,,0
1294853,"CalGen Equipment Finance Holdings, LLC",2005-12-23,,1,2005-12-23,8K_SUBMISSIONS,,,1,,0
1294846,"CalGen Project Equipment Finance CO Three, LLC",2005-12-23,,1,2005-12-23,8K_SUBMISSIONS,,,1,,0
1294836,Zion Energy LLC,2005-12-23,,1,2005-12-23,8K_SUBMISSIONS,,,1,,0
1294831,"Calpine Oneta Power II, LLC",2005-12-23,,1,2005-12-23,8K_SUBMISSIONS,,,1,,0
1294830,"Calpine Oneta Power I, LLC",2005-12-23,,1,2005-12-23,8K_SUBMISSIONS,,,1,,0
1294478,"Delta Energy Center, LLC",2005-12-23,,1,2005-12-23,8K_SUBMISSIONS,,,1,,0
1294395,"Calpine Baytown Energy Center LP, LLC",2005-12-23,,1,2005-12-23,8K_SUBMISSIONS,,,1,,0
1294816,Pastoria Energy Facility L.L.C.,2005-12-23,,1,2005-12-23,8K_SUBMISSIONS,,,1,,0
1294855,"CalGen Equipment Finance Company, LLC",2005-12-23,,1,2005-12-23,8K_SUBMISSIONS,,,1,,0
1294814,"Morgan Energy Center, LLC",2005-12-23,,1,2005-12-23,8K_SUBMISSIONS,,,1,,0
1294570,"CalGen Project Equipment Finance CO One, LLC",2005-12-23,,1,2005-12-23,8K_SUBMISSIONS,,,1,,0
1294543,Los Medanos Energy Center LLC,2005-12-23,,1,2005-12-23,8K_SUBMISSIONS,,,1,,0
1294535,"Calpine Freestone Energy, LP",2005-12-23,,1,2005-12-23,8K_SUBMISSIONS,,,1,,0
1294520,"Calpine Freestone Energy GP, LLC",2005-12-23,,1,2005-12-23,8K_SUBMISSIONS,,,1,,0
1294511,"CPN Freestone, LLC",2005-12-23,,1,2005-12-23,8K_SUBMISSIONS,,,1,,0
1294505,"Calpine Freestone, LLC",2005-12-23,,1,2005-12-23,8K_SUBMISSIONS,,,1,,0
1294488,"CalGen Project Equipment Finance CO Two, LLC",2005-12-23,,1,2005-12-23,8K_SUBMISSIONS,,,1,,0
1294481,Freestone Power Generation LP,2005-12-23,,1,2005-12-23,8K_SUBMISSIONS,,,1,,0
1294480,Calpine Power Equipment LP,2005-12-23,,1,2005-12-23,8K_SUBMISSIONS,,,1,,0
893741,FRESH CHOICE INC,2005-12-23,,1,2005-12-23,8K_SUBMISSIONS,,5812.0,1,,0
1338732,Hartford Life Global Funding Trust 2005-111,2005-12-27,,1,2005-12-27,8K_SUBMISSIONS,,6189.0,1,,0
1331756,Hartford Life Global Funding Trust 2005-080,2005-12-27,,1,2005-12-27,8K_SUBMISSIONS,,6189.0,1,,0
1330981,Hartford Life Global Funding Trust 2005-077,2005-12-27,,1,2005-12-27,8K_SUBMISSIONS,,6189.0,1,,0
1330332,Hartford Life Global Funding Trust 2005-074,2005-12-27,,1,2005-12-27,8K_SUBMISSIONS,,6189.0,1,,0
1049442,Pliant Corporation (2006),2006-01-03,,2,2006-01-03;2009-02-11,8K_SUBMISSIONS+LOPUCKI,11,2673,1,3,0
1108951,LARGE SCALE BIOLOGY CORP,2006-01-13,,1,2006-01-13,8K_SUBMISSIONS,,2834.0,1,,0
1065581,TIGER TELEMATICS INC,2006-01-23,,2,2006-01-23;2007-09-18,8K_SUBMISSIONS,,4899.0,1,,0
1333634,Hartford Life Global Funding Trust 2005-087,2006-01-27,,1,2006-01-27,8K_SUBMISSIONS,,6189.0,1,,0
1332376,Hartford Life Global Funding Trust 2005-082,2006-01-27,,1,2006-01-27,8K_SUBMISSIONS,,6189.0,1,,0
1334386,Hartford Life Global Funding Trust 2005-090,2006-01-27,,1,2006-01-27,8K_SUBMISSIONS,,6189.0,1,,0
1333646,Hartford Life Global Funding Trust 2005-088,2006-01-27,,1,2006-01-27,8K_SUBMISSIONS,,6189.0,1,,0
1334392,Hartford Life Global Funding Trust 2005-091,2006-01-27,,1,2006-01-27,8K_SUBMISSIONS,,6189.0,1,,0
1332993,Hartford Life Global Funding Trust 2005-085,2006-01-27,,1,2006-01-27,8K_SUBMISSIONS,,6189.0,1,,0
946661,GLYCOGENESYS  INC,2006-02-03,,1,2006-02-03,8K_SUBMISSIONS,,2836.0,1,,0
1123028,RIVERSTONE NETWORKS INC,2006-02-08,,1,2006-02-08,8K_SUBMISSIONS,,3576.0,1,,0
927761,MYMETICS CORP,2006-02-13,,1,2006-02-13,8K_SUBMISSIONS,,2836.0,1,,0
1048268,"Integrated Electrical Services, Inc.",2006-02-14,,1,2006-02-14,8K_SUBMISSIONS+LOPUCKI,11,1731,1,1,0
1159770,"Interact Holdings Group, Inc.",2006-02-17,,1,2006-02-17,8K_SUBMISSIONS,,4899.0,1,,0
1097570,DESERT HEALTH PRODUCTS INC,2006-02-22,,1,2006-02-22,8K_SUBMISSIONS,,2834.0,1,,0
1169709,WORLD HEALTH ALTERNATIVES INC,2006-02-22,,1,2006-02-22,8K_SUBMISSIONS,,7363.0,1,,0
764794,Rudy Nutrition,2006-02-23,,1,2006-02-23,8K_SUBMISSIONS,,3579.0,1,,0
1336407,Hartford Life Global Funding Trust 2005-099,2006-02-27,,1,2006-02-27,8K_SUBMISSIONS,,6189.0,1,,0
1335115,Hartford Life Global Funding Trust 2005-094,2006-02-27,,1,2006-02-27,8K_SUBMISSIONS,,6189.0,1,,0
1335833,Hartford Life Global Funding Trust 2005-096,2006-02-27,,1,2006-02-27,8K_SUBMISSIONS,,6189.0,1,,0
1336424,Hartford Life Global Funding Trust 2005-100,2006-02-27,,1,2006-02-27,8K_SUBMISSIONS,,6189.0,1,,0
1336429,Hartford Life Global Funding Trust 2005-101,2006-02-27,,1,2006-02-27,8K_SUBMISSIONS,,6189.0,1,,0
1335099,Hartford Life Global Funding Trust 2005-093,2006-02-27,,1,2006-02-27,8K_SUBMISSIONS,,6189.0,1,,0
1336999,Hartford Life Global Funding Trust 2005-103,2006-02-27,,1,2006-02-27,8K_SUBMISSIONS,,6189.0,1,,0
1337001,Hartford Life Global Funding Trust 2005-104,2006-02-27,,1,2006-02-27,8K_SUBMISSIONS,,6189.0,1,,0
1335867,Hartford Life Global Funding Trust 2005-098,2006-02-27,,1,2006-02-27,8K_SUBMISSIONS,,6189.0,1,,0
1335860,Hartford Life Global Funding Trust 2005-097,2006-02-27,,1,2006-02-27,8K_SUBMISSIONS,,6189.0,1,,0
26780,Dana Corporation,2006-03-03,,2,2006-03-03;2007-12-27,8K_SUBMISSIONS+LOPUCKI,11,3714,1,3,0
931702,"OCA, Inc.",2006-03-14,,1,2006-03-14,8K_SUBMISSIONS+LOPUCKI,11,8000,1,6,0
1122771,"American Southwest Music Distribution, Inc",2006-03-14,,1,2006-03-14,8K_SUBMISSIONS,,7011.0,1,,0
353779,TELEVIDEO INC,2006-03-15,,1,2006-03-15,8K_SUBMISSIONS,,3575.0,1,,0
74585,Oneida Ltd.,2006-03-19,,1,2006-03-19,8K_SUBMISSIONS+LOPUCKI,11,3910,1,3,0
1156295,SERACARE LIFE SCIENCES INC,2006-03-23,,1,2006-03-23,8K_SUBMISSIONS,,2835.0,1,,0
1339121,Hartford Life Global Funding Trust 2005-113,2006-03-27,,1,2006-03-27,8K_SUBMISSIONS,,6189.0,1,,0
1340103,Hartford Life Global Funding Trust 2005-119,2006-03-27,,1,2006-03-27,8K_SUBMISSIONS,,6189.0,1,,0
1338738,Hartford Life Global Funding Trust 2005-112,2006-03-27,,1,2006-03-27,8K_SUBMISSIONS,,6189.0,1,,0
1339357,Hartford Life Global Funding Trust 2005-116,2006-03-27,,1,2006-03-27,8K_SUBMISSIONS,,6189.0,1,,0
1338259,Hartford Life Global Funding Trust 2005-109,2006-03-27,,1,2006-03-27,8K_SUBMISSIONS,,6189.0,1,,0
1340048,Hartford Life Global Funding Trust 2005-117,2006-03-27,,1,2006-03-27,8K_SUBMISSIONS,,6189.0,1,,0
1337602,Hartford Life Global Funding Trust 2005-106,2006-03-27,,1,2006-03-27,8K_SUBMISSIONS,,6189.0,1,,0
1337622,Hartford Life Global Funding Trust 2005-107,2006-03-27,,1,2006-03-27,8K_SUBMISSIONS,,6189.0,1,,0
1238631,CURATIVE HEALTH SERVICES INC,2006-03-27,,1,2006-03-27,8K_SUBMISSIONS,,8093.0,1,,0
1338673,Hartford Life Global Funding Trust 2005-110,2006-03-27,,1,2006-03-27,8K_SUBMISSIONS,,6189.0,1,,0
1339352,Hartford Life Global Funding Trust 2005-115,2006-03-27,,1,2006-03-27,8K_SUBMISSIONS,,6189.0,1,,0
1338218,Hartford Life Global Funding Trust 2005-108,2006-03-27,,1,2006-03-27,8K_SUBMISSIONS,,6189.0,1,,0
1337596,Hartford Life Global Funding Trust 2005-105,2006-03-27,,1,2006-03-27,8K_SUBMISSIONS,,6189.0,1,,0
1340051,Hartford Life Global Funding Trust 2005-118,2006-03-27,,1,2006-03-27,8K_SUBMISSIONS,,6189.0,1,,0
855581,"WEIDA COMMUNICATIONS, INC.",2006-03-31,,1,2006-03-31,8K_SUBMISSIONS,,4813.0,1,,0
1002178,SCHLOTZSKYS INC,2006-04-13,,1,2006-04-13,8K_SUBMISSIONS,,5812.0,1,,0
774937,ExeLED Holdings Inc.,2006-04-13,,2,2006-04-13;2008-05-02,8K_SUBMISSIONS,,3640.0,1,,0
1018693,Prosoft Learning CORP,2006-04-14,,1,2006-04-14,8K_SUBMISSIONS,,8200.0,1,,0
1210936,EASY GARDENER PRODUCTS LTD,2006-04-20,,1,2006-04-20,8K_SUBMISSIONS,,2870.0,1,,0
1110418,IDI GLOBAL INC,2006-04-21,,1,2006-04-21,8K_SUBMISSIONS,,7372.0,1,,0
1341849,Hartford Life Global Funding Trust 2005-126,2006-04-26,,1,2006-04-26,8K_SUBMISSIONS,,6189.0,1,,0
1341433,Hartford Life Global Funding Trust 2005-125,2006-04-26,,1,2006-04-26,8K_SUBMISSIONS,,6189.0,1,,0
1342516,Hartford Life Global Funding Trust 2005-131,2006-04-26,,1,2006-04-26,8K_SUBMISSIONS,,6189.0,1,,0
1341377,Hartford Life Global Funding Trust 2005-124,2006-04-26,,1,2006-04-26,8K_SUBMISSIONS,,6189.0,1,,0
1342451,Hartford Life Global Funding Trust 2005-129,2006-04-26,,1,2006-04-26,8K_SUBMISSIONS,,6189.0,1,,0
1341353,Hartford Life Global Funding Trust 2005-123,2006-04-26,,1,2006-04-26,8K_SUBMISSIONS,,6189.0,1,,0
1342508,Hartford Life Global Funding Trust 2005-130,2006-04-26,,1,2006-04-26,8K_SUBMISSIONS,,6189.0,1,,0
1340753,Hartford Life Global Funding Trust 2005-122,2006-04-26,,1,2006-04-26,8K_SUBMISSIONS,,6189.0,1,,0
1340747,Hartford Life Global Funding Trust 2005-121,2006-04-26,,1,2006-04-26,8K_SUBMISSIONS,,6189.0,1,,0
1340746,Hartford Life Global Funding Trust 2005-120,2006-04-26,,1,2006-04-26,8K_SUBMISSIONS,,6189.0,1,,0
1341890,Hartford Life Global Funding Trust 2005-127,2006-04-26,,1,2006-04-26,8K_SUBMISSIONS,,6189.0,1,,0
843964,HEARTLAND PARTNERS L P,2006-04-26,,1,2006-04-26,8K_SUBMISSIONS,,6552.0,1,,0
1341871,Hartford Life Global Funding Trust 2005-128,2006-04-26,,1,2006-04-26,8K_SUBMISSIONS,,6189.0,1,,0
894503,INTEGRAL HEALTH INC,2006-04-27,,1,2006-04-27,8K_SUBMISSIONS,,6770.0,1,,0
802301,"Silicon Graphics, Inc. (2006)",2006-05-08,,2,2006-05-08;2009-04-01,8K_SUBMISSIONS+LOPUCKI,11,3571,1,1,0
1121811,ENERGY & ENGINE TECHNOLOGY CORP,2006-05-11,,1,2006-05-11,8K_SUBMISSIONS,,4581.0,1,,0
1118326,CERTIFIED SERVICES INC,2006-05-23,,1,2006-05-23,8K_SUBMISSIONS,,8741.0,1,,0
944163,AIRNET COMMUNICATIONS CORP,2006-05-23,,1,2006-05-23,8K_SUBMISSIONS,,3663.0,1,,0
840319,Aphton CORP,2006-05-24,,1,2006-05-24,8K_SUBMISSIONS,,2836.0,1,,0
1343182,Hartford Life Global Funding Trust 2005-132,2006-05-25,,1,2006-05-25,8K_SUBMISSIONS,,6189.0,1,,0
1343180,Hartford Life Global Funding Trust 2005-134,2006-05-25,,1,2006-05-25,8K_SUBMISSIONS,,6189.0,1,,0
1343181,Hartford Life Global Funding Trust 2005-133,2006-05-25,,1,2006-05-25,8K_SUBMISSIONS,,6189.0,1,,0
1343929,Hartford Life Global Funding Trust 2005-137,2006-05-25,,1,2006-05-25,8K_SUBMISSIONS,,6189.0,1,,0
1343928,Hartford Life Global Funding Trust 2005-136,2006-05-25,,1,2006-05-25,8K_SUBMISSIONS,,6189.0,1,,0
1344562,Hartford Life Global Funding Trust 2005-138,2006-05-25,,1,2006-05-25,8K_SUBMISSIONS,,6189.0,1,,0
1344563,Hartford Life Global Funding Trust 2005-139,2006-05-25,,1,2006-05-25,8K_SUBMISSIONS,,6189.0,1,,0
1344564,Hartford Life Global Funding Trust 2005-140,2006-05-25,,1,2006-05-25,8K_SUBMISSIONS,,6189.0,1,,0
1343927,Hartford Life Global Funding Trust 2005-135,2006-05-25,,1,2006-05-25,8K_SUBMISSIONS,,6189.0,1,,0
810370,AdAl Group Inc.,2006-06-07,,1,2006-06-07,8K_SUBMISSIONS,,9995.0,1,,0
1056112,"Werner Holding Co. (PA), Inc.",2006-06-12,,1,2006-06-12,LOPUCKI,11,3440,1,,0
837472,BOUNDLESS CORP,2006-06-13,,1,2006-06-13,8K_SUBMISSIONS,,6770.0,1,,0
1348263,Hartford Life Global Funding Trust 2005-155,2006-06-27,,1,2006-06-27,8K_SUBMISSIONS,,6189.0,1,,0
1348262,Hartford Life Global Funding Trust 2005-154,2006-06-27,,1,2006-06-27,8K_SUBMISSIONS,,6189.0,1,,0
1348261,Hartford Life Global Funding Trust 2005-153,2006-06-27,,1,2006-06-27,8K_SUBMISSIONS,,6189.0,1,,0
1347591,Hartford Life Global Funding Trust 2005-152,2006-06-27,,1,2006-06-27,8K_SUBMISSIONS,,6189.0,1,,0
1347590,Hartford Life Global Funding Trust 2005-151,2006-06-27,,1,2006-06-27,8K_SUBMISSIONS,,6189.0,1,,0
1347589,Hartford Life Global Funding Trust 2005-150,2006-06-27,,1,2006-06-27,8K_SUBMISSIONS,,6189.0,1,,0
1346898,Hartford Life Global Funding Trust 2005-149,2006-06-27,,1,2006-06-27,8K_SUBMISSIONS,,6189.0,1,,0
1346896,Hartford Life Global Funding Trust 2005-147,2006-06-27,,1,2006-06-27,8K_SUBMISSIONS,,6189.0,1,,0
1346201,Hartford Life Global Funding Trust 2005-144,2006-06-27,,1,2006-06-27,8K_SUBMISSIONS,,6189.0,1,,0
1346200,Hartford Life Global Funding Trust 2005-145,2006-06-27,,1,2006-06-27,8K_SUBMISSIONS,,6189.0,1,,0
1346199,Hartford Life Global Funding Trust 2005-146,2006-06-27,,1,2006-06-27,8K_SUBMISSIONS,,6189.0,1,,0
1345741,Hartford Life Global Funding Trust 2005-143,2006-06-27,,1,2006-06-27,8K_SUBMISSIONS,,6189.0,1,,0
1345739,Hartford Life Global Funding Trust 2005-142,2006-06-27,,1,2006-06-27,8K_SUBMISSIONS,,6189.0,1,,0
1345730,Hartford Life Global Funding Trust 2005-141,2006-06-27,,1,2006-06-27,8K_SUBMISSIONS,,6189.0,1,,0
1346897,Hartford Life Global Funding Trust 2005-148,2006-06-27,,1,2006-06-27,8K_SUBMISSIONS,,6189.0,1,,0
911576,VESTA INSURANCE GROUP INC,2006-07-05,,1,2006-07-05,8K_SUBMISSIONS+LOPUCKI,11,6331.0,1,-13,0
1091325,"CHINA YIDA HOLDING, CO.",2006-07-07,,1,2006-07-07,8K_SUBMISSIONS,,7310.0,1,,0
1063842,IMAGE INNOVATIONS HOLDINGS INC,2006-07-11,,1,2006-07-11,8K_SUBMISSIONS,,5900.0,1,,0
722839,"OneTravel Holdings, Inc.",2006-07-12,,1,2006-07-12,8K_SUBMISSIONS,,6552.0,1,,0
4707,AMERICA CAPITAL CORP,2006-07-14,,2,2006-07-14;2009-02-09,8K_SUBMISSIONS,,6036.0,1,,0
99321,TRANSCAPITAL FINANCIAL CORP,2006-07-14,,2,2006-07-14;2008-09-26,8K_SUBMISSIONS,,6035.0,1,,0
1088022,IPIX CORP,2006-07-31,,1,2006-07-31,8K_SUBMISSIONS,,3861.0,1,,0
1109304,ARMSTRONG HOLDINGS INC /PA/,2006-08-18,,1,2006-08-18,8K_SUBMISSIONS,,3089.0,1,,0
1314642,Buck-A-Roo$ Holding CORP,2006-08-21,,2,2006-08-21;2007-10-09,8K_SUBMISSIONS,,5331.0,1,,0
1029893,Radnor Holdings Corporation,2006-08-21,,1,2006-08-21,8K_SUBMISSIONS+LOPUCKI,11,3086,1,2,0
1122380,Osiris CORP,2006-08-22,,1,2006-08-22,8K_SUBMISSIONS,,3531.0,1,,0
1047739,INLAND FIBER GROUP LLC,2006-08-24,,1,2006-08-24,8K_SUBMISSIONS,,800.0,1,,0
76791,"PORTRAIT CORP OF AMERICA, INC.",2006-09-07,,1,2006-09-07,8K_SUBMISSIONS,,7200.0,1,,0
797167,NATURADE INC,2006-09-07,,1,2006-09-07,8K_SUBMISSIONS,,2834.0,1,,0
797331,SECURED INVESTMENT RESOURCES FUND LP II,2006-09-15,,1,2006-09-15,8K_SUBMISSIONS,,6500.0,1,,0
1001903,ELINEAR INC,2006-09-18,,1,2006-09-18,8K_SUBMISSIONS,,7373.0,1,,0
1286546,PREMIER FINANCE BILOXI CORP,2006-09-19,,1,2006-09-19,8K_SUBMISSIONS,,,1,,0
1286382,PREMIER ENTERTAINMENT BILOXI LLC,2006-09-19,,1,2006-09-19,8K_SUBMISSIONS+LOPUCKI,11,7990.0,1,0,0
85417,ROWE COMPANIES,2006-09-22,,1,2006-09-22,8K_SUBMISSIONS,,2510.0,1,,0
1038274,ANVIL HOLDINGS INC,2006-10-06,,1,2006-10-06,8K_SUBMISSIONS,,2253.0,1,,0
860131,Wave Sync Corp.,2006-10-06,,1,2006-10-06,8K_SUBMISSIONS,,2860.0,1,,0
806624,DELTA WOODSIDE INDUSTRIES INC /SC/,2006-10-13,,2,2006-10-13;2007-10-15,8K_SUBMISSIONS,,2211.0,1,,0
88095,Sea Containers Ltd.,2006-10-15,,2,2006-10-15;2008-12-02,8K_SUBMISSIONS+LOPUCKI,11,4400,1,4,0
932127,ADDISON DAVIS DIAGNOSTICS,2006-10-19,,1,2006-10-19,8K_SUBMISSIONS,,2834.0,1,,0
1016177,"Dura Automotive Systems, Inc.",2006-10-30,,2,2006-10-30;2008-05-19,8K_SUBMISSIONS+LOPUCKI,11,3714,1,4,0
935493,AZZURRA HOLDING CORP,2006-11-01,,1,2006-11-01,8K_SUBMISSIONS,,3663.0,1,,0
1114365,CURON MEDICAL INC,2006-11-15,,1,2006-11-15,8K_SUBMISSIONS,,3845.0,1,,0
30197,DRIVER HARRIS CO,2006-11-17,,1,2006-11-17,8K_SUBMISSIONS,,3350.0,1,,0
1029738,LIFESTREAM TECHNOLOGIES INC,2006-12-01,,1,2006-12-01,8K_SUBMISSIONS,,3841.0,1,,0
1020477,"Rotate Black, Inc.",2006-12-01,,1,2006-12-01,8K_SUBMISSIONS,,7011.0,1,,0
888507,PRESIDENT CASINOS INC,2006-12-08,,2,2006-12-08;2009-01-30,8K_SUBMISSIONS,,7990.0,1,,0
320573,INTERNATIONAL THOROUGHBRED BREEDERS INC,2006-12-08,,1,2006-12-08,8K_SUBMISSIONS,,7948.0,1,,0
1001463,"Acacia Diversified Holdings, Inc.",2006-12-08,,1,2006-12-08,8K_SUBMISSIONS,,5010.0,1,,0
839621,Granite Broadcasting Corporation,2006-12-11,,1,2006-12-11,8K_SUBMISSIONS+LOPUCKI,11,4833,1,2,0
773603,LIQUITEK ENTERPRISES INC,2006-12-14,,1,2006-12-14,8K_SUBMISSIONS,,3470.0,1,,0
854858,AJAY SPORTS INC,2007-01-03,,1,2007-01-03,8K_SUBMISSIONS,,3949.0,1,,0
1160437,MEDICAL STAFFING SOLUTIONS INC,2007-01-05,,1,2007-01-05,8K_SUBMISSIONS,,7363.0,1,,0
93542,ENESCO GROUP INC,2007-01-16,,1,2007-01-16,8K_SUBMISSIONS,,5190.0,1,,0
911801,EARTHSHELL CORP,2007-01-22,,1,2007-01-22,8K_SUBMISSIONS,,2650.0,1,,0
1141197,PEDEVCO CORP,2007-01-22,,1,2007-01-22,8K_SUBMISSIONS,,1311.0,1,,0
1096509,"Trinsic, Inc.",2007-02-08,,1,2007-02-08,8K_SUBMISSIONS,,4813.0,1,,0
1133598,"DealerAdvance, Inc.",2007-02-09,,1,2007-02-09,8K_SUBMISSIONS,,3576.0,1,,0
1045739,"ETELOS, INC.",2007-02-14,,1,2007-02-14,8K_SUBMISSIONS,,7372.0,1,,0
1092605,EMERGE INTERACTIVE INC,2007-02-14,,1,2007-02-14,8K_SUBMISSIONS,,7389.0,1,,0
40675,GENERAL KINETICS INC,2007-02-15,,1,2007-02-15,8K_SUBMISSIONS,,3490.0,1,,0
1107802,"HEADLINERS ENTERTAINMENT GROUP, INC.",2007-03-09,,1,2007-03-09,8K_SUBMISSIONS,,7900.0,1,,0
1112424,HIENERGY TECHNOLOGIES INC,2007-03-15,,1,2007-03-15,8K_SUBMISSIONS,,3826.0,1,,0
1302977,Wornick CO,2007-03-20,,1,2007-03-20,8K_SUBMISSIONS,,2030.0,1,,0
1066281,DURAVEST INC,2007-03-26,,2,2007-03-26;2008-06-23,8K_SUBMISSIONS,,6770.0,1,,0
1287286,New Century Financial Corporation,2007-04-02,,1,2007-04-02,8K_SUBMISSIONS+LOPUCKI,11,6798,1,4,0
1162721,CYGNUS OIL & GAS CORP,2007-04-05,,1,2007-04-05,8K_SUBMISSIONS,,1311.0,1,,0
1387580,GSAMP Trust 2007-NC1,2007-04-06,,1,2007-04-06,8K_SUBMISSIONS,,6189.0,1,,0
818074,ALL AMERICAN SEMICONDUCTOR INC,2007-04-27,,1,2007-04-27,8K_SUBMISSIONS,,5065.0,1,,0
1071598,PAC-WEST TELECOMM INC,2007-05-01,,1,2007-05-01,8K_SUBMISSIONS,,4813.0,1,,0
109870,GLASSMASTER CO,2007-05-02,,1,2007-05-02,8K_SUBMISSIONS,,2820.0,1,,0
855109,"MidgardXXI, Inc.",2007-05-03,,1,2007-05-03,8K_SUBMISSIONS,,3572.0,1,,0
81050,Chazak Value Corp.,2007-05-18,,1,2007-05-18,8K_SUBMISSIONS,,3577.0,1,,0
1084103,NETWOLVES CORP,2007-05-22,,1,2007-05-22,8K_SUBMISSIONS,,4899.0,1,,0
318262,"PLASTICON INTERNATIONAL, INC.",2007-05-25,,1,2007-05-25,8K_SUBMISSIONS,,3080.0,1,,0
1216964,SILVER STAR ENERGY INC,2007-06-08,,1,2007-06-08,8K_SUBMISSIONS,,1311.0,1,,0
1060390,TWEETER HOME ENTERTAINMENT GROUP INC,2007-06-11,,1,2007-06-11,8K_SUBMISSIONS+LOPUCKI,11,5731.0,1,0,0
1111697,DOBI MEDICAL INTERNATIONAL INC,2007-06-19,,1,2007-06-19,8K_SUBMISSIONS,,3845.0,1,,0
1204853,TMT CAPITAL CORP,2007-06-26,,1,2007-06-26,8K_SUBMISSIONS,,4813.0,1,,0
1342792,WORLDWIDE STRATEGIES INC,2007-06-29,,1,2007-06-29,8K_SUBMISSIONS,,7372.0,1,,0
1114241,INYX INC,2007-07-03,,1,2007-07-03,8K_SUBMISSIONS,,2834.0,1,,0
1143799,MEDICOR LTD,2007-07-03,,1,2007-07-03,8K_SUBMISSIONS,,3842.0,1,,0
1061985,CONSOLIDATED ENERGY INC,2007-07-17,,1,2007-07-17,8K_SUBMISSIONS,,1220.0,1,,0
1400428,Alliance Bancorp Trust 2007-OA1,2007-07-19,,1,2007-07-19,8K_SUBMISSIONS,,6189.0,1,,0
1104332,"Oasys Mobile, Inc.",2007-07-19,,1,2007-07-19,8K_SUBMISSIONS,,7389.0,1,,0
1054524,HYDROMAID INTERNATIONAL INC,2007-07-30,,1,2007-07-30,8K_SUBMISSIONS,,3630.0,1,,0
770944,Bally Total Fitness Holding Corporation (2007),2007-07-31,,2,2007-07-31;2008-12-03,8K_SUBMISSIONS+LOPUCKI,11,7997,1,1,0
1256536,American Home Mortgage Investment Corp.,2007-08-06,,1,2007-08-06,8K_SUBMISSIONS+LOPUCKI,11,6798,1,3,0
1398201,Lehman XS Trust Series 2007-7N,2007-08-08,,1,2007-08-08,8K_SUBMISSIONS,,6189.0,1,,0
1406223,Lehman XS Trust Series 2007-15N,2007-08-08,,1,2007-08-08,8K_SUBMISSIONS,,6189.0,1,,0
1400122,HSI Asset Loan Obligation Trust 2007-1,2007-08-09,,1,2007-08-09,8K_SUBMISSIONS,,6189.0,1,,0
1390267,Morgan Stanley Mortgage Loan Trust 2007-3XS,2007-08-09,,1,2007-08-09,8K_SUBMISSIONS,,6189.0,1,,0
1385542,HSI Asset Loan Obligation Trust 2007-AR1,2007-08-09,,1,2007-08-09,8K_SUBMISSIONS,,6189.0,1,,0
1386631,Morgan Stanley Mortgage Loan Trust 2007-1XS,2007-08-09,,1,2007-08-09,8K_SUBMISSIONS,,6189.0,1,,0
1283683,HomeBanc Corp.,2007-08-09,,1,2007-08-09,8K_SUBMISSIONS+LOPUCKI,11,6798,1,6,0
1386632,Morgan Stanley Mortgage Loan Trust 2007-2AX,2007-08-09,,1,2007-08-09,8K_SUBMISSIONS,,6189.0,1,,0
1391525,HarborView 2007-2,2007-08-10,,1,2007-08-10,8K_SUBMISSIONS,,6189.0,1,,0
1393820,Morgan Stanley Mortgage Loan Trust 2007-6XS,2007-08-10,,1,2007-08-10,8K_SUBMISSIONS,,6189.0,1,,0
1393861,American Home Mortgage Investment Trust 2007-1,2007-08-10,,1,2007-08-10,8K_SUBMISSIONS,,6189.0,1,,0
1397057,Morgan Stanley Mortgage Loan Trust 2007-7AX,2007-08-10,,1,2007-08-10,8K_SUBMISSIONS,,6189.0,1,,0
1399234,American Home Mortgage Assets Trust 2007-3,2007-08-10,,1,2007-08-10,8K_SUBMISSIONS,,6189.0,1,,0
1398650,J.P. Morgan Alternative Loan Trust 2007-S1,2007-08-10,,1,2007-08-10,8K_SUBMISSIONS,,6189.0,1,,0
1387942,Banc of America Funding 2007-2 Trust,2007-08-10,,1,2007-08-10,8K_SUBMISSIONS,,6189.0,1,,0
1365771,American Home Mortgage Investment Trust 2006-2,2007-08-10,,1,2007-08-10,8K_SUBMISSIONS,,6189.0,1,,0
1400323,American Home Mortgage Assets Trust 2007-4,2007-08-10,,1,2007-08-10,8K_SUBMISSIONS,,6189.0,1,,0
1399246,J.P. Morgan Mortgage Trust 2007-S2,2007-08-10,,1,2007-08-10,8K_SUBMISSIONS,,6189.0,1,,0
1390268,Morgan Stanley Mortgage Loan Trust 2007-5AX,2007-08-10,,1,2007-08-10,8K_SUBMISSIONS,,6189.0,1,,0
1398425,Banc of America Funding 2007-D Trust,2007-08-10,,1,2007-08-10,8K_SUBMISSIONS,,6189.0,1,,0
1388741,American Home Mortgage Assets Trust 2007-2,2007-08-10,,1,2007-08-10,8K_SUBMISSIONS,,6189.0,1,,0
1397518,Banc of America Funding 2007-4 Trust,2007-08-10,,1,2007-08-10,8K_SUBMISSIONS,,6189.0,1,,0
1394487,American Home Mortgage Investment Trust 2007-2,2007-08-10,,1,2007-08-10,8K_SUBMISSIONS,,6189.0,1,,0
1376118,American Home Mortgage Investment Trust 2006-3,2007-08-10,,1,2007-08-10,8K_SUBMISSIONS,,6189.0,1,,0
1385205,Banc of America Funding 2007-1 Trust,2007-08-10,,1,2007-08-10,8K_SUBMISSIONS,,6189.0,1,,0
1401131,Morgan Stanley Mortgage Loan Trust 2007-8XS,2007-08-10,,1,2007-08-10,8K_SUBMISSIONS,,6189.0,1,,0
1403651,HarborView 2007-5,2007-08-10,,1,2007-08-10,8K_SUBMISSIONS,,6189.0,1,,0
1406911,J.P. Morgan Mortgage Trust 2007-S3,2007-08-10,,1,2007-08-10,8K_SUBMISSIONS,,6189.0,1,,0
1385543,Banc of America Funding 2007-A Trust,2007-08-10,,1,2007-08-10,8K_SUBMISSIONS,,6189.0,1,,0
1403922,American Home Mortgage Assets Trust 2007-5,2007-08-10,,1,2007-08-10,8K_SUBMISSIONS,,6189.0,1,,0
1357174,American Home Mortgage Investment Trust 2006-1,2007-08-10,,1,2007-08-10,8K_SUBMISSIONS,,6189.0,1,,0
1392147,Banc of America Funding 2007-3 Trust,2007-08-10,,1,2007-08-10,8K_SUBMISSIONS,,6189.0,1,,0
1386062,American Home Mortgage Assets Trust 2007-1,2007-08-10,,1,2007-08-10,8K_SUBMISSIONS,,6189.0,1,,0
1379905,MASTR Adjustable Rate Mortgages Trust 2007-1,2007-08-10,,1,2007-08-10,8K_SUBMISSIONS,,6189.0,1,,0
1394855,HomeBanc 2007-1,2007-08-14,,1,2007-08-14,8K_SUBMISSIONS,,6189.0,1,,0
1385492,SACO I Trust 2007-1,2007-08-16,,1,2007-08-16,8K_SUBMISSIONS,,6189.0,1,,0
103341,QUAKER FABRIC CORP /DE/,2007-08-17,,1,2007-08-17,8K_SUBMISSIONS,,2221.0,1,,0
1125052,"Halo Technology Holdings, Inc.",2007-08-21,,1,2007-08-21,8K_SUBMISSIONS,,7372.0,1,,0
744106,FEDDERS CORP /DE,2007-08-28,,1,2007-08-28,8K_SUBMISSIONS,,3585.0,1,,0
1097805,UNIVERSAL FOOD & BEVERAGE COMPNY,2007-09-04,,1,2007-09-04,8K_SUBMISSIONS,,2870.0,1,,0
1006868,LONG ISLAND PHYSICIAN HOLDINGS CORP,2007-09-07,,1,2007-09-07,8K_SUBMISSIONS,,8000.0,1,,0
1119190,"TAP REAL ESTATE TECHNOLOGIES, INC.",2007-09-07,,1,2007-09-07,8K_SUBMISSIONS,,5000.0,1,,0
1102542,SCO GROUP INC,2007-09-14,,2,2007-09-14;2009-08-06,8K_SUBMISSIONS,,7372.0,1,,0
791115,COACH INDUSTRIES GROUP INC,2007-09-21,,1,2007-09-21,8K_SUBMISSIONS,,3711.0,1,,0
1061029,BRAVO! BRANDS INC.,2007-09-21,,1,2007-09-21,8K_SUBMISSIONS,,2020.0,1,,0
96287,BOMBAY CO INC,2007-09-26,,1,2007-09-26,8K_SUBMISSIONS,,5712.0,1,,0
1132590,"GEM SOLUTIONS, INC.",2007-09-27,,1,2007-09-27,8K_SUBMISSIONS,,7373.0,1,,0
1035826,NETBANK INC,2007-09-28,,1,2007-09-28,8K_SUBMISSIONS+LOPUCKI,11,6036.0,1,0,0
1046859,"Remy International, Inc.",2007-10-08,,1,2007-10-08,LOPUCKI,11,3714,1,,0
19161,CHAMPION PARTS INC,2007-10-10,,1,2007-10-10,8K_SUBMISSIONS,,3714.0,1,,0
1364796,"Southland Health Services, Inc.",2007-10-15,,1,2007-10-15,8K_SUBMISSIONS,,4100.0,1,,0
901696,MTI TECHNOLOGY CORP,2007-10-19,,1,2007-10-19,8K_SUBMISSIONS,,3572.0,1,,0
785081,VIRAGEN INTERNATIONAL INC,2007-10-23,,1,2007-10-23,8K_SUBMISSIONS,,2836.0,1,,0
353482,VIRAGEN INC,2007-10-23,,1,2007-10-23,8K_SUBMISSIONS,,2836.0,1,,0
311871,POPE & TALBOT INC /DE/,2007-10-29,,1,2007-10-29,8K_SUBMISSIONS+LOPUCKI,11,2611.0,1,-21,0
894544,CHANCELLOR GROUP INC.,2007-11-02,,1,2007-11-02,8K_SUBMISSIONS,,1311.0,1,,0
820408,AMERICAN BUSINESS CORP,2007-11-02,,1,2007-11-02,8K_SUBMISSIONS,,4213.0,1,,0
1096050,GLOBAL ENTERTAINMENT HOLDINGS/EQUITIES INC,2007-11-07,,1,2007-11-07,8K_SUBMISSIONS,,7829.0,1,,0
1133324,INPHONIC INC,2007-11-08,,1,2007-11-08,8K_SUBMISSIONS+LOPUCKI,11,4899.0,1,0,0
23778,"Convergence Ethanol, Inc.",2007-11-15,,1,2007-11-15,8K_SUBMISSIONS,,2860.0,1,,0
1023139,EAGLE BROADBAND INC,2007-11-15,,1,2007-11-15,8K_SUBMISSIONS,,3663.0,1,,0
769591,"Nayna Networks, Inc.",2007-11-27,,1,2007-11-27,8K_SUBMISSIONS,,3576.0,1,,0
799097,SAN HOLDINGS INC,2007-11-27,,1,2007-11-27,8K_SUBMISSIONS,,3572.0,1,,0
1389053,"Fieldstone Mortgage Investment Trust, Series 2007-1",2007-11-29,,1,2007-11-29,8K_SUBMISSIONS,,6189.0,1,,0
1075043,PATRON SYSTEMS INC,2007-11-30,,1,2007-11-30,8K_SUBMISSIONS,,7372.0,1,,0
1398424,C-BASS 2007-CB5 Trust,2007-12-06,,1,2007-12-06,8K_SUBMISSIONS,,6189.0,1,,0
1285206,"SVI Media, Inc.",2007-12-10,,1,2007-12-10,8K_SUBMISSIONS,,4813.0,1,,0
1021848,DELTA FINANCIAL CORP,2007-12-17,,1,2007-12-17,8K_SUBMISSIONS+LOPUCKI,11,6163.0,1,0,0
1316826,Synova Healthcare Group Inc,2007-12-20,,1,2007-12-20,8K_SUBMISSIONS,,2835.0,1,,0
1390630,Renaissance Home Equity Loan Trust 2007-1,2007-12-21,,1,2007-12-21,8K_SUBMISSIONS,,6189.0,1,,0
1399311,Renaissance Home Equity Loan Trust 2007-2,2007-12-21,,1,2007-12-21,8K_SUBMISSIONS,,6189.0,1,,0
1410177,Renaissance Home Equity Loan Trust 2007-3,2007-12-21,,1,2007-12-21,8K_SUBMISSIONS,,6189.0,1,,0
851199,SIRICOMM INC,2007-12-26,,1,2007-12-26,8K_SUBMISSIONS,,7372.0,1,,0
841866,AMS HEALTH SCIENCES INC,2008-01-02,,1,2008-01-02,8K_SUBMISSIONS,,5099.0,1,,0
46043,HARVEY ELECTRONICS INC,2008-01-04,,1,2008-01-04,8K_SUBMISSIONS,,5731.0,1,,0
784932,SURETY CAPITAL CORP /DE/,2008-01-08,,1,2008-01-08,8K_SUBMISSIONS,,6021.0,1,,0
351917,U S ENERGY SYSTEMS INC,2008-01-16,,1,2008-01-16,8K_SUBMISSIONS,,4900.0,1,,0
1311803,"Propex, Inc.",2008-01-18,,1,2008-01-18,8K_SUBMISSIONS+LOPUCKI,11,2221,1,6,0
1292731,"Buffets Holdings, Inc.",2008-01-22,,2,2008-01-22;2009-04-28,8K_SUBMISSIONS+LOPUCKI,11,5812,1,3,0
716101,HYDROGEN POWER INC,2008-01-25,,1,2008-01-25,8K_SUBMISSIONS,,2810.0,1,,0
1046578,"TOUSA, Inc.",2008-01-29,,1,2008-01-29,8K_SUBMISSIONS+LOPUCKI,11,1520,1,2,0
1311953,"Summit Global Logistics, Inc.",2008-01-30,,1,2008-01-30,8K_SUBMISSIONS,,7822.0,1,,0
703901,VIROPRO INC,2008-02-04,,1,2008-02-04,8K_SUBMISSIONS,,6794.0,1,,0
1181232,"Sirva, Inc.",2008-02-05,,1,2008-02-05,8K_SUBMISSIONS+LOPUCKI,11,4213,1,6,0
1035270,CORNERSTONE MINISTRIES INVESTMENTS INC,2008-02-12,,1,2008-02-12,8K_SUBMISSIONS,,6199.0,1,,0
811696,Sharper Image Corporation,2008-02-19,,1,2008-02-19,8K_SUBMISSIONS+LOPUCKI,11,5940,1,2,0
812708,"Wellman, Inc.",2008-02-22,,1,2008-02-22,8K_FTS+8K_SUBMISSIONS+LOPUCKI,11,2820,1,6,0
881468,SPATIALIGHT INC,2008-02-25,,1,2008-02-25,8K_SUBMISSIONS,,3861.0,1,,0
1124566,Ziff Davis Holdings Inc.,2008-03-05,,1,2008-03-05,LOPUCKI,11,2721,1,,0
1060791,LEXINGTON RESOURCES INC,2008-03-11,,1,2008-03-11,8K_SUBMISSIONS,,1311.0,1,,0
1299966,"Black Raven Energy, Inc.",2008-03-12,,1,2008-03-12,8K_FTS+8K_SUBMISSIONS,,1382.0,1,,0
1172939,CenterStaging Corp.,2008-03-12,,1,2008-03-12,8K_SUBMISSIONS,,7389.0,1,,0
1095079,ARTISTDIRECT INC,2008-03-12,,1,2008-03-12,8K_SUBMISSIONS,,7389.0,1,,0
1074874,DIOMED HOLDINGS INC,2008-03-14,,1,2008-03-14,8K_SUBMISSIONS,,3841.0,1,,0
1070630,THINKPATH INC,2008-03-14,,1,2008-03-14,8K_SUBMISSIONS,,7370.0,1,,0
1132784,GALAXY ENERGY CORP,2008-03-17,,1,2008-03-17,8K_SUBMISSIONS,,1311.0,1,,0
1123606,SEQUIAM CORP,2008-03-20,,1,2008-03-20,8K_SUBMISSIONS,,7373.0,1,,0
1343611,"ETHANEX ENERGY, INC.",2008-03-27,,1,2008-03-27,8K_SUBMISSIONS,,2860.0,1,,0
1020676,ATMOSPHERIC GLOW TECHNOLOGIES INC,2008-03-28,,1,2008-03-28,8K_SUBMISSIONS,,8711.0,1,,0
887433,AMPEX CORP /DE/,2008-03-31,,1,2008-03-31,8K_SUBMISSIONS,,3663.0,1,,0
12570,LEXINGTON PRECISION CORP,2008-04-03,,1,2008-04-03,8K_SUBMISSIONS,,3060.0,1,,0
703799,"ViCorp Restaurants, Inc.",2008-04-03,,1,2008-04-03,8K_SUBMISSIONS+LOPUCKI,11,5812,1,5,0
1351548,"Frontier Airlines Holdings, Inc. (2008)",2008-04-10,,1,2008-04-10,8K_SUBMISSIONS+LOPUCKI,11,4512,1,5,0
1236038,REDENVELOPE INC,2008-04-18,,1,2008-04-18,8K_SUBMISSIONS,,5940.0,1,,0
797329,FASHION HOUSE HOLDINGS INC,2008-04-22,,1,2008-04-22,8K_SUBMISSIONS,,5600.0,1,,0
1357062,"Kimball Hill, Inc.",2008-04-23,,1,2008-04-23,8K_SUBMISSIONS+LOPUCKI,11,1531,1,6,0
1372326,Superior Offshore International Inc.,2008-04-25,,1,2008-04-25,8K_SUBMISSIONS,,1389.0,1,,0
1114908,"Challenger Powerboats, Inc.",2008-04-28,,1,2008-04-28,8K_SUBMISSIONS,,3730.0,1,,0
797448,VERSO TECHNOLOGIES INC,2008-04-29,,1,2008-04-29,8K_SUBMISSIONS,,7373.0,1,,0
1303565,"Tarpon Industries, Inc.",2008-04-30,,1,2008-04-30,8K_SUBMISSIONS,,3317.0,1,,0
1023052,LINENS N THINGS INC,2008-05-02,,1,2008-05-02,8K_FTS+8K_SUBMISSIONS,,5700.0,1,,0
1366909,"Linens 'N Things Center, Inc.",2008-05-02,,1,2008-05-02,8K_FTS+8K_SUBMISSIONS,,5700,1,,0
1366913,Linens Holding Co.,2008-05-02,,1,2008-05-02,8K_FTS+8K_SUBMISSIONS+LOPUCKI,11,5700.0,1,0,0
1401300,"Tropicana Entertainment, LLC",2008-05-06,,1,2008-05-06,8K_SUBMISSIONS,,7011.0,1,,0
1404940,JMBS Casino LLC,2008-05-06,,1,2008-05-06,8K_SUBMISSIONS,,,1,,0
1404834,CP Laughlin Realty LLC,2008-05-06,,1,2008-05-06,8K_SUBMISSIONS,,,1,,0
1404839,Tropicana Finance Corp,2008-05-06,,1,2008-05-06,8K_SUBMISSIONS,,,1,,0
1404831,Columbia Properties Vicksburg LLC,2008-05-06,,1,2008-05-06,8K_SUBMISSIONS,,,1,,0
1219584,"Smart Comm International, Ltd.",2008-05-16,,1,2008-05-16,8K_SUBMISSIONS,,3669.0,1,,0
887701,NORTH AMERICAN PALLADIUM LTD,2008-05-19,,1,2008-05-19,8K_SUBMISSIONS,,1000.0,1,,0
1017156,STEAKHOUSE PARTNERS INC,2008-05-20,,1,2008-05-20,8K_SUBMISSIONS,,5812.0,1,,0
1117258,SECURITY INTELLIGENCE TECHNOLOGIES INC,2008-06-02,,1,2008-06-02,8K_SUBMISSIONS,,3990.0,1,,0
789878,"AVASOFT, INC.",2008-06-02,,1,2008-06-02,8K_SUBMISSIONS,,5400.0,1,,0
859747,1PM Industries,2008-06-03,,1,2008-06-03,8K_SUBMISSIONS,,2000.0,1,,0
1261482,DISTRIBUTED ENERGY SYSTEMS CORP,2008-06-06,,1,2008-06-06,8K_SUBMISSIONS,,4911.0,1,,0
1083132,IMMUNICON CORP,2008-06-11,,1,2008-06-11,8K_SUBMISSIONS,,3826.0,1,,0
1104161,IMPART MEDIA GROUP INC,2008-06-12,,1,2008-06-12,8K_FTS+8K_SUBMISSIONS,,8741.0,1,,0
1368154,TEKOIL & GAS CORP,2008-06-12,,1,2008-06-12,8K_SUBMISSIONS,,1389.0,1,,0
945489,BELL INDUSTRIES INC /NEW/,2008-06-19,,1,2008-06-19,8K_SUBMISSIONS,,5065.0,1,,0
1138173,SHEARSON FINANCIAL NETWORK INC,2008-06-19,,1,2008-06-19,8K_FTS+8K_SUBMISSIONS,,6199.0,1,,0
1368147,"Whitehall Jewelers Holdings, Inc.",2008-06-23,,1,2008-06-23,8K_SUBMISSIONS,,5944.0,1,,0
1232229,SYNTAX-BRILLIAN CORP,2008-07-08,,1,2008-07-08,8K_SUBMISSIONS+LOPUCKI,11,3663.0,1,0,0
1192069,"PPJ ENTERPRISE, INC.",2008-07-14,,1,2008-07-14,8K_SUBMISSIONS,,7389.0,1,,0
773468,INDYMAC BANCORP INC,2008-07-15,,1,2008-07-15,8K_SUBMISSIONS+LOPUCKI,7,6035.0,1,-16,0
67494,"Pierre Foods, Inc.",2008-07-15,,1,2008-07-15,LOPUCKI,11,2013,1,,0
1125557,"POWDER RIVER PETROLEUM INTERNATIONAL, INC.",2008-07-15,,1,2008-07-15,8K_SUBMISSIONS,,1311.0,1,,0
1426383,BCAP LLC Trust 2008-IND1,2008-07-16,,1,2008-07-16,8K_SUBMISSIONS,,6189.0,1,,0
1431095,BCAP LLC Trust 2008-IND2,2008-07-16,,1,2008-07-16,8K_SUBMISSIONS,,6189.0,1,,0
1127005,"PGMI, INC.",2008-07-16,,1,2008-07-16,8K_SUBMISSIONS,,7900.0,1,,0
1051009,SHOE PAVILION INC,2008-07-16,,1,2008-07-16,8K_SUBMISSIONS,,5661.0,1,,0
13156,"Galaxy Gaming, Inc.",2008-07-18,,1,2008-07-18,8K_FTS+8K_SUBMISSIONS,,7900.0,1,,0
1392091,"Blueknight Energy Partners, L.P.",2008-07-22,,1,2008-07-22,8K_SUBMISSIONS,,4610.0,1,,0
906337,PM Liquidating Corp.,2008-07-23,,1,2008-07-23,8K_SUBMISSIONS,,7374.0,1,,0
1357800,"Fearless International, Inc.",2008-07-25,,1,2008-07-25,8K_SUBMISSIONS,,8742.0,1,,0
720145,CIPRICO INC,2008-07-28,,1,2008-07-28,8K_SUBMISSIONS,,3576.0,1,,0
1079797,New Century Energy Corp.,2008-07-29,,1,2008-07-29,8K_SUBMISSIONS,,1311.0,1,,0
1137778,"WCI Communities, Inc.",2008-08-04,,1,2008-08-04,8K_SUBMISSIONS+LOPUCKI,11,1531,1,2,0
1343957,"BAXL Holdings, Inc.",2008-08-06,,1,2008-08-06,8K_SUBMISSIONS,,3669.0,1,,0
843494,"ASCENDIA BRANDS, INC.",2008-08-08,,1,2008-08-08,8K_SUBMISSIONS,,2844.0,1,,0
1013453,"VALCOM, INC",2008-08-15,,1,2008-08-15,8K_SUBMISSIONS,,7819.0,1,,0
1051985,"Flagship Global Health, Inc.",2008-08-20,,1,2008-08-20,8K_SUBMISSIONS,,8090.0,1,,0
1003515,"Hines Horticulture, Inc.",2008-08-20,,1,2008-08-20,LOPUCKI,11,100,1,,0
935066,SHELLS SEAFOOD RESTAURANTS INC,2008-09-03,,1,2008-09-03,8K_SUBMISSIONS,,5812.0,1,,0
788983,PORTOLA PACKAGING INC,2008-09-03,,1,2008-09-03,8K_SUBMISSIONS,,3089.0,1,,0
1045151,CLICKABLE ENTERPRISES INC,2008-09-04,,1,2008-09-04,8K_SUBMISSIONS,,5900.0,1,,0
1103764,INTEGRITY BANCSHARES INC,2008-09-04,,1,2008-09-04,8K_SUBMISSIONS+LOPUCKI,7,6021.0,1,-36,0
1236309,"Luminent Mortgage Capital, Inc.",2008-09-05,,1,2008-09-05,8K_FTS+8K_SUBMISSIONS+LOPUCKI,11,6798,1,3,0
1016546,ALTAIR NANOTECHNOLOGIES INC,2008-09-05,,1,2008-09-05,8K_SUBMISSIONS,,2890.0,1,,0
1362719,Silver State Bancorp,2008-09-09,,1,2008-09-09,8K_SUBMISSIONS+LOPUCKI,7,6022.0,1,-119,0
1026214,FEDERAL HOME LOAN MORTGAGE CORP,2008-09-11,,1,2008-09-11,8K_SUBMISSIONS,,6111.0,1,,0
310522,FEDERAL NATIONAL MORTGAGE ASSOCIATION FANNIE MAE,2008-09-11,,1,2008-09-11,8K_SUBMISSIONS,,6111.0,1,,0
885475,Eco-Shift Power Corp.,2008-09-16,,1,2008-09-16,8K_SUBMISSIONS,,7200.0,1,,0
884719,FOCUS ENHANCEMENTS INC,2008-09-17,,1,2008-09-17,8K_SUBMISSIONS,,3576.0,1,,0
1430996,Structured Adjustable Rate Mortgage Loan Trust Series 2008-1,2008-09-18,,1,2008-09-18,8K_SUBMISSIONS,,6189.0,1,,0
1421732,Structured Asset Securities CORP Mortgage Loan Trust 2007-BC4,2008-09-18,,1,2008-09-18,8K_SUBMISSIONS,,6189.0,1,,0
1421105,BNC CORP Mortgage Loan Trust 2007-BNC4,2008-09-18,,1,2008-09-18,8K_SUBMISSIONS,,6189.0,1,,0
1443002,Lehman Mortgage Trust 2008-6,2008-09-18,,1,2008-09-18,8K_SUBMISSIONS,,6189.0,1,,0
1437073,Lehman Mortgage Trust 2008-4,2008-09-18,,1,2008-09-18,8K_SUBMISSIONS,,6189.0,1,,0
1426082,Lehman Mortgage Trust 2008-2,2008-09-18,,1,2008-09-18,8K_SUBMISSIONS,,6189.0,1,,0
1436222,Structured Adjustable Rate Mortgage Loan Trust Series 2008-2,2008-09-18,,1,2008-09-18,8K_SUBMISSIONS,,6189.0,1,,0
1436329,Lehman Mortgage Trust 2008-3,2008-09-18,,1,2008-09-18,8K_SUBMISSIONS,,6189.0,1,,0
1360849,"RedRoller Holdings, Inc.",2008-09-18,,1,2008-09-18,8K_SUBMISSIONS,,7389.0,1,,0
1341853,Lehman Brothers Holdings E-Capital LLC I,2008-09-19,,1,2008-09-19,8K_SUBMISSIONS,,6211.0,1,,0
1341854,Lehman Brothers Holdings E-Capital Trust I,2008-09-19,,1,2008-09-19,8K_SUBMISSIONS,,6211.0,1,,0
1374993,NextWave Wireless Inc.,2008-10-02,,1,2008-10-02,8K_SUBMISSIONS,,3663.0,1,,0
773937,SEREFEX CORP,2008-10-06,,1,2008-10-06,8K_FTS+8K_SUBMISSIONS,,2670.0,1,,0
1107601,ATHEROGENICS INC,2008-10-07,,1,2008-10-07,8K_FTS+8K_SUBMISSIONS,,2834.0,1,,0
1425053,Wells Fargo Mortgage Backed Securities 2008-AR2 Trust,2008-10-09,,1,2008-10-09,8K_SUBMISSIONS,,6189.0,1,,0
1109279,TVIA INC,2008-10-16,,1,2008-10-16,8K_FTS+8K_SUBMISSIONS,,3674.0,1,,0
1315054,"WorldSpace, Inc.",2008-10-17,,1,2008-10-17,LOPUCKI,11,4832,1,,0
1124394,HydroGen CORP,2008-10-23,,1,2008-10-23,8K_SUBMISSIONS,,3510.0,1,,0
1084557,TASKER PRODUCTS CORP,2008-10-24,,1,2008-10-24,8K_SUBMISSIONS,,2844.0,1,,0
834408,Brooke Corporation,2008-10-28,,1,2008-10-28,8K_SUBMISSIONS+LOPUCKI,11,6411,1,1,0
1082084,BROOKE CAPITAL CORP,2008-10-29,,1,2008-10-29,8K_SUBMISSIONS,,6311.0,1,,0
1343202,VeraSun Energy Corporation,2008-10-31,,1,2008-10-31,8K_FTS+8K_SUBMISSIONS+LOPUCKI,11,2860,1,6,0
1178818,Storm Cat Energy CORP,2008-11-10,,1,2008-11-10,8K_SUBMISSIONS,,1311.0,1,,0
1207070,FRANKLIN BANK CORP,2008-11-10,,1,2008-11-10,8K_SUBMISSIONS+LOPUCKI,7,6036.0,1,-2,0
1092050,MICROISLET INC,2008-11-14,,1,2008-11-14,8K_SUBMISSIONS,,2836.0,1,,0
889992,"Forticell BioScience, Inc.",2008-11-21,,1,2008-11-21,8K_FTS+8K_SUBMISSIONS,,3841.0,1,,0
726513,"Lenox Group, Inc.",2008-11-23,,1,2008-11-23,8K_SUBMISSIONS+LOPUCKI,11,2711,1,18,0
935063,DOWNEY FINANCIAL CORP,2008-11-24,,1,2008-11-24,8K_SUBMISSIONS+LOPUCKI,7,6035.0,1,-1,0
1004969,PFF BANCORP INC,2008-11-24,,1,2008-11-24,8K_SUBMISSIONS+LOPUCKI,11,6035.0,1,-11,0
877355,"LandAmerica Financial Group, Inc.",2008-11-26,,1,2008-11-26,8K_FTS+8K_SUBMISSIONS+LOPUCKI,11,6361,1,5,0
802481,Pilgrims Pride Corporation,2008-12-01,,2,2008-12-01;2009-12-10,8K_SUBMISSIONS+LOPUCKI,11,2015,1,3,0
1349120,"Hawaiian Telcom Communications, Inc.",2008-12-01,,1,2008-12-01,8K_SUBMISSIONS+LOPUCKI,11,4813.0,1,0,0
1351197,ARTES MEDICAL INC,2008-12-02,,1,2008-12-02,8K_SUBMISSIONS,,3841.0,1,,0
1098278,PLATINA ENERGY GROUP INC.,2008-12-03,,1,2008-12-03,8K_SUBMISSIONS,,1311.0,1,,0
1074436,"a21, Inc.",2008-12-04,,1,2008-12-04,8K_FTS+8K_SUBMISSIONS,,7389.0,1,,0
1018710,INTROGEN THERAPEUTICS INC,2008-12-05,,1,2008-12-05,8K_SUBMISSIONS,,2834.0,1,,0
1097181,MOLECULAR IMAGING CORP,2008-12-09,,1,2008-12-09,8K_SUBMISSIONS,,5047.0,1,,0
1024132,FIRST GEORGIA COMMUNITY CORP,2008-12-11,,1,2008-12-11,8K_SUBMISSIONS,,6022.0,1,,0
1327012,Equity Media Holdings CORP,2008-12-12,,1,2008-12-12,8K_SUBMISSIONS,,4833.0,1,,0
1100981,VUBOTICS INC,2008-12-12,,1,2008-12-12,8K_SUBMISSIONS,,7372.0,1,,0
87050,Neonode Inc.,2008-12-15,,1,2008-12-15,8K_SUBMISSIONS,,3679.0,1,,0
1089775,"THEATER XTREME ENTERTAINMENT GROUP, INC",2008-12-16,,1,2008-12-16,8K_SUBMISSIONS,,5731.0,1,,0
1201259,"Performing Brands, Inc.",2008-12-19,,1,2008-12-19,8K_SUBMISSIONS,,2086.0,1,,0
1379926,"Last Mile Logistics Group, Inc.",2008-12-22,,1,2008-12-22,8K_SUBMISSIONS,,4210.0,1,,0
926229,SCANTEK MEDICAL INC,2008-12-31,,1,2008-12-31,8K_SUBMISSIONS,,5047.0,1,,0
1309237,Ausam Energy Corp,2009-01-05,,1,2009-01-05,8K_FTS+8K_SUBMISSIONS,,1311,1,,0
842635,Lyondell Chemical Company,2009-01-06,,1,2009-01-06,8K_FTS+8K_SUBMISSIONS+LOPUCKI,11,2860,1,1,0
1081158,EQUISTAR CHEMICALS LP,2009-01-07,,1,2009-01-07,8K_FTS+8K_SUBMISSIONS,,2870,1,,0
1018099,MILLENNIUM CHEMICALS INC,2009-01-07,,1,2009-01-07,8K_FTS+8K_SUBMISSIONS,,2810,1,,0
1283664,"Merisant Worldwide, Inc.",2009-01-09,,1,2009-01-09,8K_FTS+8K_SUBMISSIONS+LOPUCKI,11,2860,1,6,0
866535,"Retail Pro, Inc.",2009-01-12,,1,2009-01-12,8K_FTS+8K_SUBMISSIONS,,7372,1,,0
1130131,WIRELESS AGE COMMUNICATIONS INC,2009-01-12,,1,2009-01-12,8K_FTS+8K_SUBMISSIONS,,4813,1,,0
1038217,Tarragon Corporation,2009-01-12,,1,2009-01-12,8K_FTS+8K_SUBMISSIONS+LOPUCKI,11,6798,1,4,0
1138862,ARBIOS SYSTEMS INC,2009-01-12,,1,2009-01-12,8K_FTS+8K_SUBMISSIONS,,3841,1,,0
1011509,Apex Silver Mines Limited,2009-01-12,,1,2009-01-12,8K_FTS+8K_SUBMISSIONS+LOPUCKI,11,1040,1,1,0
1119664,NORTEL NETWORKS LTD,2009-01-14,,1,2009-01-14,8K_FTS+8K_SUBMISSIONS,,3661,1,,0
72911,NORTEL NETWORKS CORP,2009-01-14,,1,2009-01-14,8K_FTS+8K_SUBMISSIONS+LOPUCKI,11,3661,1,0,0
21438,"THINKENGINE NETWORKS, INC.",2009-01-15,,1,2009-01-15,8K_FTS+8K_SUBMISSIONS,,3661,1,,0
1270597,MERISANT CO,2009-01-15,,1,2009-01-15,8K_FTS+8K_SUBMISSIONS,,2860,1,,0
723371,Hartmarx Corporation,2009-01-23,,1,2009-01-23,8K_FTS+8K_SUBMISSIONS+LOPUCKI,11,2300,1,3,0
1097081,1ST CENTENNIAL BANCORP,2009-01-28,,1,2009-01-28,8K_FTS+8K_SUBMISSIONS+LOPUCKI,7,6022,1,-56,0
1167880,"PANDA ETHANOL, INC.",2009-01-29,,1,2009-01-29,8K_FTS+8K_SUBMISSIONS,,2860,1,,0
1001065,PURCHASE POINT MEDIA CORP,2009-01-29,,1,2009-01-29,8K_FTS+8K_SUBMISSIONS,,5500,1,,0
1304588,Espre Solutions Inc,2009-02-02,,1,2009-02-02,8K_FTS+8K_SUBMISSIONS,,3669,1,,0
854171,"GLOBAL AIRCRAFT SOLUTIONS, INC.",2009-02-02,,1,2009-02-02,8K_FTS+8K_SUBMISSIONS,,4581,1,,0
1028985,"Spectrum Brands, Inc.",2009-02-03,,1,2009-02-03,8K_FTS+8K_SUBMISSIONS+LOPUCKI,11,3690,1,0,0
1314077,"BPI Energy Holdings, Inc.",2009-02-05,,1,2009-02-05,8K_FTS+8K_SUBMISSIONS,,1311,1,,0
1025707,"INCENTRA SOLUTIONS, INC.",2009-02-05,,1,2009-02-05,8K_FTS+8K_SUBMISSIONS,,7389,1,,0
1145202,MRU HOLDINGS INC,2009-02-09,,1,2009-02-09,8K_FTS+8K_SUBMISSIONS,,6163,1,,0
1004740,CAPITAL CORP OF THE WEST,2009-02-09,,1,2009-02-09,8K_FTS+8K_SUBMISSIONS+LOPUCKI,11,6022,1,-91,0
1085320,Muzak Holdings LLC,2009-02-10,,1,2009-02-10,LOPUCKI,11,7389,1,,0
1133494,FOOTHILLS RESOURCES INC,2009-02-11,,1,2009-02-11,8K_FTS+8K_SUBMISSIONS,,1311,1,,0
1316410,"FirstBank Financial Services, Inc.",2009-02-11,,1,2009-02-11,8K_FTS+8K_SUBMISSIONS,,6035,1,,0
847555,"IdentiPHI, Inc.",2009-02-12,,1,2009-02-12,8K_FTS+8K_SUBMISSIONS,,7370,1,,0
1140472,ALLIANCE BANCSHARES CALIFORNIA,2009-02-12,,1,2009-02-12,8K_FTS+8K_SUBMISSIONS,,6021,1,,0
1022080,MIDWAY GAMES INC,2009-02-12,,1,2009-02-12,8K_FTS+8K_SUBMISSIONS,,7372,1,,0
202890,"Aleris International, Inc.",2009-02-12,,1,2009-02-12,LOPUCKI,11,3341,1,,0
770471,"Titan Global Holdings, Inc.",2009-02-12,,1,2009-02-12,8K_FTS+8K_SUBMISSIONS,,3669,1,,0
929144,"Young Broadcasting, Inc.",2009-02-13,,1,2009-02-13,8K_FTS+8K_SUBMISSIONS+LOPUCKI,11,4833,1,4,0
1302331,"China Holdings, Inc.",2009-02-17,,1,2009-02-17,8K_FTS+8K_SUBMISSIONS,,2833,1,,0
1113247,"BearingPoint, Inc.",2009-02-18,,1,2009-02-18,8K_FTS+8K_SUBMISSIONS+LOPUCKI,11,8742,1,5,0
1330340,"Platinum Research Organization, Inc.",2009-02-18,,1,2009-02-18,8K_FTS+8K_SUBMISSIONS,,3470,1,,0
713492,CHAD THERAPEUTICS INC,2009-02-20,,1,2009-02-20,8K_FTS+8K_SUBMISSIONS,,3842,1,,0
1035815,Journal Register Company,2009-02-21,,1,2009-02-21,LOPUCKI,11,2711,1,,0
744667,FORSTER DRILLING CORP,2009-02-23,,1,2009-02-23,8K_FTS+8K_SUBMISSIONS,,3533,1,,0
1085129,"ZEALOUS, INC.",2009-02-26,,1,2009-02-26,8K_FTS+8K_SUBMISSIONS,,6200,1,,0
1133754,"Teleplus World, Corp.",2009-03-05,,1,2009-03-05,8K_FTS+8K_SUBMISSIONS,,4899,1,,0
910619,Monaco Coach Corporation,2009-03-05,,1,2009-03-05,8K_FTS+8K_SUBMISSIONS+LOPUCKI,11,3711,1,4,0
1346685,Sterling Mining CO,2009-03-06,,1,2009-03-06,8K_FTS+8K_SUBMISSIONS,,1000,1,,0
716823,Milacron Inc.,2009-03-10,,1,2009-03-10,8K_FTS+8K_SUBMISSIONS+LOPUCKI,11,3559,1,1,0
845879,CHARYS HOLDING CO INC,2009-03-12,,1,2009-03-12,8K_FTS+8K_SUBMISSIONS,,7200,1,,0
1216997,FREEDOM BANCSHARES INC,2009-03-12,,1,2009-03-12,8K_FTS+8K_SUBMISSIONS,,6022,1,,0
1279676,PRIMUS TELECOMMUNICATIONS HOLDING INC,2009-03-16,,1,2009-03-16,8K_FTS+8K_SUBMISSIONS,,4813,1,,0
1404438,"Primus Telecommunications IHC, Inc.",2009-03-16,,1,2009-03-16,8K_FTS+8K_SUBMISSIONS,,4813,1,,0
1006837,PRIMUS TELECOMMUNICATIONS GROUP INC  (VATE),2009-03-16,,1,2009-03-16,8K_FTS+8K_SUBMISSIONS+LOPUCKI,11,4813,1,0,0
719662,SONA MOBILE HOLDINGS CORP,2009-03-16,,1,2009-03-16,8K_FTS+8K_SUBMISSIONS,,7372,1,,0
949876,NORTH AMERICAN SCIENTIFIC INC,2009-03-17,,1,2009-03-17,8K_FTS+8K_SUBMISSIONS,,3845,1,,0
9779,Fairchild Corporation,2009-03-18,,1,2009-03-18,8K_FTS+8K_SUBMISSIONS+LOPUCKI,11,5600,1,1,0
1141395,"NexHorizon Communications, Inc.",2009-03-18,,1,2009-03-18,8K_FTS+8K_SUBMISSIONS,,4813,1,,0
1132645,Transmeridian Exploration Incorporated,2009-03-20,,1,2009-03-20,8K_FTS+8K_SUBMISSIONS+LOPUCKI,11,1311,1,3,0
1351667,"Indalex Holdings Finance, Inc.",2009-03-20,,1,2009-03-20,LOPUCKI,11,3350,1,,0
912241,PROGRESSIVE GAMING INTERNATIONAL CORP,2009-03-20,,1,2009-03-20,8K_FTS+8K_SUBMISSIONS,,3990,1,,0
1160294,"Herbst Gaming, Inc.",2009-03-22,,1,2009-03-22,8K_FTS+8K_SUBMISSIONS+LOPUCKI,11,7990,1,1,0
1351379,Transmeridian Exploration Inc.,2009-03-23,,1,2009-03-23,8K_FTS+8K_SUBMISSIONS,,1311,1,,0
1082484,TEAM FINANCIAL INC /KS,2009-03-24,,1,2009-03-24,8K_FTS+8K_SUBMISSIONS+LOPUCKI,11,6021,1,-12,0
891504,"TAPESTRY PHARMACEUTICALS, INC",2009-03-25,,1,2009-03-25,8K_FTS+8K_SUBMISSIONS,,2833,1,,0
1085476,CHARTER COMMUNICATIONS HOLDINGS LLC,2009-03-27,,1,2009-03-27,8K_FTS+8K_SUBMISSIONS,,4841,1,,0
1266605,CCH II CAPITAL CORP,2009-03-27,,1,2009-03-27,8K_FTS+8K_SUBMISSIONS,,4841,1,,0
1271834,CCO HOLDINGS CAPITAL CORP,2009-03-27,,1,2009-03-27,8K_FTS+8K_SUBMISSIONS,,4841,1,,0
1266604,CCH II LLC,2009-03-27,,1,2009-03-27,8K_FTS+8K_SUBMISSIONS,,4841,1,,0
1271833,CCO HOLDINGS LLC,2009-03-27,,1,2009-03-27,8K_FTS+8K_SUBMISSIONS,,4841,1,,0
1085475,CHARTER COMMUNICATIONS HOLDINGS CAPITAL CORP,2009-03-27,,1,2009-03-27,8K_FTS+8K_SUBMISSIONS,,4841,1,,0
1375083,"Meruelo Maddux Properties, Inc.",2009-03-27,,1,2009-03-27,8K_FTS+8K_SUBMISSIONS+LOPUCKI,11,6500,1,5,0
1091667,CHARTER COMMUNICATIONS INC /MO/  (CHTR),2009-03-27,,1,2009-03-27,8K_FTS+8K_SUBMISSIONS+LOPUCKI,11,4841,1,0,0
868512,"Sun-Times Media Group, Inc.",2009-03-31,,1,2009-03-31,LOPUCKI,11,2711,1,,0
1024109,Crusader Energy Group Inc.,2009-03-31,,1,2009-03-31,8K_FTS+8K_SUBMISSIONS,,1311,1,,0
926617,"VERMILLION, INC.  (AWH)",2009-03-31,,1,2009-03-31,8K_FTS+8K_SUBMISSIONS,,3826,1,,0
1397396,"CMR Mortgage Fund II, LLC",2009-04-01,,1,2009-04-01,8K_FTS+8K_SUBMISSIONS,,6162,1,,0
352079,TVI CORP,2009-04-01,,1,2009-04-01,8K_FTS+8K_SUBMISSIONS,,3812,1,,0
718007,"DELSITE, INC.",2009-04-03,,1,2009-04-03,8K_FTS+8K_SUBMISSIONS,,2844,1,,0
1285043,"Aventine Renewable Energy Holdings, Inc.",2009-04-07,,1,2009-04-07,8K_FTS+8K_SUBMISSIONS+LOPUCKI,11,2860,1,6,0
1048566,FOG CUTTER CAPITAL GROUP INC,2009-04-08,,1,2009-04-08,8K_FTS+8K_SUBMISSIONS,,5812,1,,0
1068660,Knight Energy Corp.,2009-04-08,,1,2009-04-08,8K_FTS+8K_SUBMISSIONS,,1311,1,,0
1034258,"Noble International, Ltd.",2009-04-15,,1,2009-04-15,8K_FTS+8K_SUBMISSIONS+LOPUCKI,11,3714,1,1,0
854709,Dayton Superior Corporation,2009-04-19,,1,2009-04-19,8K_FTS+8K_SUBMISSIONS+LOPUCKI,11,3317,1,1,0
909326,"Asyst Technologies, Inc.",2009-04-20,,1,2009-04-20,8K_FTS+8K_SUBMISSIONS+LOPUCKI,11,3559,1,4,0
943605,"Source Interlink Companies, Inc.",2009-04-27,,1,2009-04-27,8K_FTS+8K_SUBMISSIONS+LOPUCKI,11,7331,1,4,0
40729,Ally Financial Inc.,2009-04-30,,1,2009-04-30,8K_SUBMISSIONS,,6022.0,1,,0
1299716,U.S. Shipping Partners L.P.,2009-04-30,,1,2009-04-30,8K_FTS+8K_SUBMISSIONS,,4400,1,,0
892535,THORNBURG MORTGAGE INC,2009-05-01,,1,2009-05-01,8K_FTS+8K_SUBMISSIONS+LOPUCKI,11,6798,1,0,0
750199,"Energy Partners, Ltd.",2009-05-01,,1,2009-05-01,8K_FTS+8K_SUBMISSIONS+LOPUCKI,11,1311,1,4,0
1003390,SILVERSTAR HOLDINGS LTD,2009-05-04,,1,2009-05-04,8K_FTS+8K_SUBMISSIONS,,7372,1,,0
1372791,"WSB Financial Group, Inc.",2009-05-11,,1,2009-05-11,8K_FTS+8K_SUBMISSIONS,,6022,1,,0
1237941,"Hayes Lemmerz International, Inc. (2009)",2009-05-11,,1,2009-05-11,8K_FTS+8K_SUBMISSIONS+LOPUCKI,11,3714,1,4,0
1000285,SOLUTION TECHNOLOGY INTERNATIONAL INC,2009-05-14,,1,2009-05-14,8K_FTS+8K_SUBMISSIONS,,7372,1,,0
1359555,ICO Global Communications (Holdings) LTD,2009-05-15,,1,2009-05-15,8K_FTS+8K_SUBMISSIONS,,3663,1,,0
1030339,NANOGEN INC,2009-05-15,,1,2009-05-15,8K_FTS+8K_SUBMISSIONS,,3826,1,,0
313395,TXCO Resources Inc.,2009-05-17,,1,2009-05-17,8K_FTS+8K_SUBMISSIONS+LOPUCKI,11,1311,1,1,0
1006637,TICKETMASTER ENTERTAINMENT LLC,2009-05-18,,1,2009-05-18,8K_SUBMISSIONS,,7990.0,1,,0
1108955,SOYO GROUP INC,2009-05-18,,1,2009-05-18,8K_FTS+8K_SUBMISSIONS,,5064,1,,0
923877,"ION Media Networks, Inc.",2009-05-19,,1,2009-05-19,LOPUCKI,11,4832,1,,0
1034682,HERITAGE WORLDWIDE INC,2009-05-29,,1,2009-05-29,8K_FTS+8K_SUBMISSIONS,,9995,1,,0
1089104,QUEST OIL CORP,2009-05-29,,1,2009-05-29,8K_FTS+8K_SUBMISSIONS,,1311,1,,0
1059677,"Industrial Enterprises of America, Inc.",2009-05-29,,1,2009-05-29,8K_FTS+8K_SUBMISSIONS,,2990,1,,0
825692,"Caraustar Industries, Inc.",2009-05-31,,1,2009-05-31,8K_FTS+8K_SUBMISSIONS+LOPUCKI,11,2631,1,1,0
920947,NORTHFIELD LABORATORIES INC /DE/,2009-06-01,,1,2009-06-01,8K_FTS+8K_SUBMISSIONS,,2836,1,,0
759153,PARTICLE DRILLING TECHNOLOGIES INC/NV,2009-06-02,,1,2009-06-02,8K_FTS+8K_SUBMISSIONS,,1389,1,,0
786765,BUTLER INTERNATIONAL INC /MD/,2009-06-05,,1,2009-06-05,8K_FTS+8K_SUBMISSIONS,,7363,1,,0
720851,NESTOR INC,2009-06-08,,1,2009-06-08,8K_FTS+8K_SUBMISSIONS,,7372,1,,0
49930,IMPERIAL INDUSTRIES INC,2009-06-11,,1,2009-06-11,8K_FTS+8K_SUBMISSIONS,,3290,1,,0
1311396,"Aviza Technology, Inc.",2009-06-12,,1,2009-06-12,8K_FTS+8K_SUBMISSIONS,,3559,1,,0
1325702,MagnaChip Semiconductor LLC,2009-06-12,,1,2009-06-12,LOPUCKI,11,3674,1,,0
701374,"Six Flags, Inc.",2009-06-13,,1,2009-06-13,8K_FTS+8K_SUBMISSIONS+LOPUCKI,11,7990,1,2,0
1046356,Building Materials Holding Corporation,2009-06-16,,1,2009-06-16,LOPUCKI,11,5211,1,,0
357097,ISOLAGEN INC,2009-06-16,,1,2009-06-16,8K_FTS+8K_SUBMISSIONS,,2834,1,,0
1345968,"Eddie Bauer Holdings, Inc.",2009-06-17,,1,2009-06-17,8K_FTS+8K_SUBMISSIONS+LOPUCKI,11,5600,1,0,0
1101661,SONORAN ENERGY INC,2009-06-19,,1,2009-06-19,8K_FTS+8K_SUBMISSIONS,,1311,1,,0
1132487,AMERICHIP INTERNATIONAL INC,2009-06-22,,1,2009-06-22,8K_FTS+8K_SUBMISSIONS,,3550,1,,0
923529,COOPERATIVE BANKSHARES INC,2009-06-22,,1,2009-06-22,8K_FTS+8K_SUBMISSIONS+LOPUCKI,7,6036,1,-58,0
1334872,Cape Fear Bank Corporation,2009-06-23,,1,2009-06-23,8K_FTS+8K_SUBMISSIONS+LOPUCKI,11,6021,1,3,0
1357838,Woozyfly Inc.,2009-06-23,,1,2009-06-23,8K_FTS+8K_SUBMISSIONS,,5961,1,,0
1171017,SOUTHERN COMMUNITY BANCSHARES INC /GA,2009-06-24,,1,2009-06-24,8K_FTS+8K_SUBMISSIONS,,6021,1,,0
1410402,FX Real Estate & Entertainment Inc.,2009-06-25,,1,2009-06-25,8K_FTS+8K_SUBMISSIONS,,6500,1,,0
1269022,ATOMIC PAINTBALL INC,2009-06-29,,1,2009-06-29,8K_FTS+8K_SUBMISSIONS,,7900,1,,0
1000368,FIRSTPLUS FINANCIAL GROUP INC,2009-06-29,,1,2009-06-29,8K_FTS+8K_SUBMISSIONS,,6141,1,,0
1157282,NEWNAN COWETA BANCSHARES INC,2009-07-01,,1,2009-07-01,8K_FTS+8K_SUBMISSIONS,,6021,1,,0
1202963,ENERGYTEC INC,2009-07-02,,1,2009-07-02,8K_FTS+8K_SUBMISSIONS,,1311,1,,0
842162,LEAR CORP  (LEA),2009-07-07,,1,2009-07-07,8K_FTS+8K_SUBMISSIONS+LOPUCKI,11,3714,1,0,0
948844,"PROLIANCE INTERNATIONAL, INC.",2009-07-08,,1,2009-07-08,8K_FTS+8K_SUBMISSIONS,,3714,1,,0
27960,QSGI INC.,2009-07-09,,1,2009-07-09,8K_FTS+8K_SUBMISSIONS,,7389,1,,0
902281,ELECTROGLAS INC,2009-07-13,,1,2009-07-13,8K_FTS+8K_SUBMISSIONS,,3559,1,,0
1363346,"RathGibson, Inc.",2009-07-13,,1,2009-07-13,8K_FTS+8K_SUBMISSIONS+LOPUCKI,11,3317,1,1,0
356830,OSCIENT PHARMACEUTICALS CORP,2009-07-13,,1,2009-07-13,8K_FTS+8K_SUBMISSIONS,,2834,1,,0
1378670,Greenville Tube CO,2009-07-14,,1,2009-07-14,8K_FTS+8K_SUBMISSIONS,,3317,1,,0
933157,Aurora Oil & Gas CORP,2009-07-14,,1,2009-07-14,8K_FTS+8K_SUBMISSIONS,,1311,1,,0
888693,ISCO INTERNATIONAL INC,2009-07-15,,1,2009-07-15,8K_FTS+8K_SUBMISSIONS,,3825,1,,0
815508,BIOPURE CORP,2009-07-16,,1,2009-07-16,8K_FTS+8K_SUBMISSIONS,,2836,1,,0
1352045,"Basin Water, Inc.",2009-07-16,,1,2009-07-16,8K_FTS+8K_SUBMISSIONS,,4941,1,,0
1138659,"NEPTUNE INDUSTRIES, INC.",2009-07-20,,1,2009-07-20,8K_FTS+8K_SUBMISSIONS,,0200,1,,0
840256,Vineyard National Bancorp,2009-07-21,,1,2009-07-21,8K_FTS+8K_SUBMISSIONS+LOPUCKI,11,6021,1,1,0
1027702,"EPIX Pharmaceuticals, Inc.",2009-07-21,,1,2009-07-21,8K_FTS+8K_SUBMISSIONS,,2834,1,,0
1172678,TEMECULA VALLEY BANCORP INC,2009-07-23,,1,2009-07-23,8K_FTS+8K_SUBMISSIONS+LOPUCKI,7,6021,1,-106,0
1117458,O2DIESEL CORP,2009-07-24,,1,2009-07-24,8K_FTS+8K_SUBMISSIONS,,2890,1,,0
925464,SECURITY BANK CORP,2009-07-27,,1,2009-07-27,8K_FTS+8K_SUBMISSIONS+LOPUCKI,7,6022,1,-4,0
1176193,"APPLIED SOLAR, INC.",2009-07-28,,1,2009-07-28,8K_FTS+8K_SUBMISSIONS,,3674,1,,0
1320461,Cooper-Standard Holdings Inc.  (CPS),2009-08-03,,1,2009-08-03,8K_FTS+8K_SUBMISSIONS+LOPUCKI,11,3714,1,0,0
1100983,PEOPLES COMMUNITY BANCORP INC /MD/,2009-08-07,,1,2009-08-07,8K_FTS+8K_SUBMISSIONS,,6021,1,,0
1063262,MEGA MEDIA GROUP INC,2009-08-10,,1,2009-08-10,8K_FTS+8K_SUBMISSIONS,,4832,1,,0
1300744,SKINS INC.,2009-08-17,,1,2009-08-17,8K_FTS+8K_SUBMISSIONS,,3140,1,,0
92339,COLONIAL BANCGROUP INC,2009-08-20,,1,2009-08-20,8K_FTS+8K_SUBMISSIONS+LOPUCKI,11,6022,1,-5,0
1356505,"Surfect Holdings, Inc",2009-08-20,,1,2009-08-20,8K_FTS+8K_SUBMISSIONS,,3559,1,,0
858558,READERS DIGEST ASSOCIATION INC,2009-08-24,,1,2009-08-24,8K_FTS+8K_SUBMISSIONS+LOPUCKI,11,2731,1,0,0
1304366,Community Bancorp,2009-08-28,,1,2009-08-28,8K_FTS+8K_SUBMISSIONS+LOPUCKI,7,6021,1,-273,0
1291983,Baseline Oil & Gas Corp.,2009-08-31,,1,2009-08-31,8K_FTS+8K_SUBMISSIONS,,1311,1,,0
1279831,GIGABEAM CORP,2009-09-04,,1,2009-09-04,8K_FTS+8K_SUBMISSIONS,,3663,1,,0
1075348,FIRST FEDERAL BANKSHARES INC,2009-09-08,,1,2009-09-08,8K_FTS+8K_SUBMISSIONS,,6035,1,,0
1016900,PNG VENTURES INC,2009-09-10,,1,2009-09-10,8K_FTS+8K_SUBMISSIONS,,1311,1,,0
1078203,"Stamford Industrial Group, Inc.",2009-09-14,,1,2009-09-14,8K_FTS+8K_SUBMISSIONS,,3460,1,,0
1362614,Barzel Industries Inc.,2009-09-15,,1,2009-09-15,8K_FTS+8K_SUBMISSIONS+LOPUCKI,11,3310,1,0,0
861955,"CIB Marine Bancshares, Inc.",2009-09-15,,1,2009-09-15,8K_FTS+8K_SUBMISSIONS+LOPUCKI,11,6022,1,1,0
1333291,"Triple Crown Media, Inc.",2009-09-16,,1,2009-09-16,8K_FTS+8K_SUBMISSIONS,,2711,1,,0
892449,VENTURE FINANCIAL GROUP INC,2009-09-17,,1,2009-09-17,8K_FTS+8K_SUBMISSIONS,,6022,1,,0
52617,Irwin Financial Corporation,2009-09-18,,1,2009-09-18,8K_FTS+8K_SUBMISSIONS+LOPUCKI,7,6022,1,3,0
1002902,VELOCITY EXPRESS CORP,2009-09-25,,1,2009-09-25,8K_FTS+8K_SUBMISSIONS,,4513,1,,0
1021010,Edge Petroleum Corporation,2009-10-01,,1,2009-10-01,8K_FTS+8K_SUBMISSIONS+LOPUCKI,11,1311,1,1,0
817979,ACCURIDE CORP,2009-10-08,,1,2009-10-08,8K_FTS+8K_SUBMISSIONS+LOPUCKI,11,3714,1,0,0
1318035,"NTK Holdings, Inc.",2009-10-21,,1,2009-10-21,8K_FTS+8K_SUBMISSIONS+LOPUCKI,11,3634,1,1,0
1368883,SAN JOAQUIN BANCORP,2009-10-22,,1,2009-10-22,8K_FTS+8K_SUBMISSIONS,,6022,1,,0
1216596,NORTEK INC,2009-10-22,,1,2009-10-22,8K_FTS+8K_SUBMISSIONS,,3634,1,,0
1406508,Capmark Financial Group Inc.,2009-10-25,,1,2009-10-25,LOPUCKI,11,6199,1,,0
310316,CANARGO ENERGY CORP,2009-10-28,,1,2009-10-28,8K_FTS+8K_SUBMISSIONS,,1311,1,,0
1288946,SOUTH TEXAS OIL CO,2009-10-30,,1,2009-10-30,8K_FTS+8K_SUBMISSIONS,,1311,1,,0
1171825,CIT Group Inc.,2009-11-01,,1,2009-11-01,8K_FTS+8K_SUBMISSIONS+LOPUCKI,11,6172,1,3,0
1425319,"Otter Tail Ag Enterprises, LLC",2009-11-02,,1,2009-11-02,8K_FTS+8K_SUBMISSIONS,,2860,1,,0
1086385,"Panolam Industries International, Inc.",2009-11-04,,1,2009-11-04,8K_FTS+8K_SUBMISSIONS+LOPUCKI,11,2590,1,2,0
1296937,"Lazy Days R.V. Center, Inc.",2009-11-05,,1,2009-11-05,LOPUCKI,11,5500,1,,0
1131072,TETON ENERGY CORP,2009-11-09,,1,2009-11-09,8K_FTS+8K_SUBMISSIONS,,1381,1,,0
1362659,"TETRAGENEX PHARMACEUTICALS, INC.",2009-11-10,,1,2009-11-10,8K_FTS+8K_SUBMISSIONS,,2834,1,,0
1340744,Altus Pharmaceuticals Inc.,2009-11-12,,1,2009-11-12,8K_FTS+8K_SUBMISSIONS,,2836,1,,0
814068,"Champion Enterprises, Inc.",2009-11-15,,1,2009-11-15,8K_FTS+8K_SUBMISSIONS+LOPUCKI,11,2451,1,5,0
1061580,UCBH HOLDINGS INC,2009-11-16,,1,2009-11-16,8K_FTS+8K_SUBMISSIONS+LOPUCKI,7,6022,1,-8,0
1275211,Simmons Company,2009-11-16,,1,2009-11-16,LOPUCKI,11,2511,1,,0
1063537,NUTRACEA  (RIBT),2009-11-17,,1,2009-11-17,8K_FTS+8K_SUBMISSIONS,,2040,1,,0
1302502,Pacific Coast National Bancorp,2009-11-17,,1,2009-11-17,8K_FTS+8K_SUBMISSIONS,,6021,1,,0
1022974,DECODE GENETICS INC,2009-11-18,,1,2009-11-18,8K_FTS+8K_SUBMISSIONS,,8731,1,,0
1076930,GSI GROUP INC  (NOVT),2009-11-20,,1,2009-11-20,8K_FTS+8K_SUBMISSIONS+LOPUCKI,11,3690,1,0,0
1016466,"Majestic Star Casino, LLC",2009-11-23,,1,2009-11-23,LOPUCKI,11,7900,1,,0
1145061,"Global Energy Holdings Group, Inc.",2009-11-25,,1,2009-11-25,8K_FTS+8K_SUBMISSIONS,,3250,1,,0
855372,ECO2 PLASTICS INC,2009-11-25,,1,2009-11-25,8K_FTS+8K_SUBMISSIONS,,4955,1,,0
1421481,"FUTUREIT, INC.",2009-12-08,,1,2009-12-08,8K_FTS+8K_SUBMISSIONS,,7372,1,,0
1026304,BUCKHEAD COMMUNITY BANCORP INC,2009-12-08,,1,2009-12-08,8K_FTS+8K_SUBMISSIONS,,6022,1,,0
1082735,GREATER ATLANTIC FINANCIAL CORP,2009-12-09,,1,2009-12-09,8K_FTS+8K_SUBMISSIONS,,6036,1,,0
1095751,"SKYE INTERNATIONAL, INC",2009-12-17,,1,2009-12-17,8K_FTS+8K_SUBMISSIONS,,5500,1,,0
944522,VION PHARMACEUTICALS INC,2009-12-18,,1,2009-12-18,8K_FTS+8K_SUBMISSIONS,,2836,1,,0
1000234,"Imperial Capital Bancorp, Inc.",2009-12-18,,1,2009-12-18,8K_FTS+8K_SUBMISSIONS+LOPUCKI,11,6022,1,4,0
1174527,Citadel Broadcasting Corporation,2009-12-20,,1,2009-12-20,8K_FTS+8K_SUBMISSIONS+LOPUCKI,11,4832,1,3,0
1010610,TLC VISION CORP,2009-12-24,,1,2009-12-24,8K_FTS+8K_SUBMISSIONS,,8093,1,,0
810332,"Mesa Air Group, Inc.",2010-01-05,,2,2010-01-05;2011-03-03,8K_FTS+8K_SUBMISSIONS+LOPUCKI,11,4512,1,1,1
1002682,HORIZON FINANCIAL CORP,2010-01-11,,1,2010-01-11,8K_FTS+8K_SUBMISSIONS,,6022,1,,1
1454238,"Protective Products of America, Inc.",2010-01-14,,2,2010-01-14;2011-02-17,8K_FTS+8K_SUBMISSIONS,,3842,1,,1
1098685,"Dynamic Response Group, Inc.",2010-01-15,,1,2010-01-15,8K_FTS+8K_SUBMISSIONS,,5961,1,,1
1276476,MORRIS PUBLISHING FINANCE CO,2010-01-20,,1,2010-01-20,8K_FTS+8K_SUBMISSIONS,,2711,1,,1
1276477,MORRIS PUBLISHING GROUP LLC,2010-01-20,,1,2010-01-20,8K_FTS+8K_SUBMISSIONS,,2711,1,,1
918944,"MediaNews Group, Inc. (Affiliated Media, Inc. only)",2010-01-22,,1,2010-01-22,LOPUCKI,11,2711,1,,1
1143566,EVERGREENBANCORP INC,2010-01-25,,1,2010-01-25,8K_FTS+8K_SUBMISSIONS+LOPUCKI,7,6035,1,-123,1
1010002,COLUMBIA BANCORP \OR\,2010-01-26,,1,2010-01-26,8K_SUBMISSIONS,,6022.0,1,,1
878808,FIRSTGOLD CORP.,2010-01-29,,1,2010-01-29,8K_FTS+8K_SUBMISSIONS,,1040,1,,1
356708,FIRST REGIONAL BANCORP,2010-02-01,,2,2010-02-01;2012-10-23,8K_FTS+8K_SUBMISSIONS,,6022,1,,1
1409136,"Yippy, Inc.",2010-02-01,,1,2010-02-01,8K_SUBMISSIONS,,7372.0,1,,1
1296595,CROSS CANYON ENERGY CORP.,2010-02-02,,1,2010-02-02,8K_FTS+8K_SUBMISSIONS,,1311,1,,1
1115568,WGNB CORP,2010-02-02,,1,2010-02-02,8K_FTS+8K_SUBMISSIONS,,6021,1,,1
1170902,FLORIDA COMMUNITY BANKS INC,2010-02-02,,1,2010-02-02,8K_FTS+8K_SUBMISSIONS,,6022,1,,1
925178,"Movie Gallery, Inc. (2010)",2010-02-02,2007-10-16,2,2007-10-16;2010-02-02,LOPUCKI,11,7841,1,,1
1355804,Spheris Inc.,2010-02-03,,1,2010-02-03,LOPUCKI,11,7389,1,,1
855667,"Neenah Enterprises, Inc. (2010)",2010-02-03,,1,2010-02-03,8K_FTS+8K_SUBMISSIONS+LOPUCKI,11,3320,1,1,1
1040599,NEENAH FOUNDRY CO,2010-02-04,2003-08-05,2,2003-08-05;2010-02-04,8K_FTS+8K_SUBMISSIONS,,3320,1,,1
1307425,CARBIZ INC,2010-02-12,,1,2010-02-12,8K_FTS+8K_SUBMISSIONS,,5500,1,,1
1129695,"BioAuthorize Holdings, Inc.",2010-02-18,,1,2010-02-18,8K_FTS+8K_SUBMISSIONS,,6552,1,,1
1221354,MARCO COMMUNITY BANCORP INC,2010-02-25,,1,2010-02-25,8K_FTS+8K_SUBMISSIONS,,6035,1,,1
919226,SMURFIT STONE CONTAINER CORP,2010-02-25,2009-01-26,2,2009-01-26;2010-02-25,8K_FTS+8K_SUBMISSIONS,,2631,1,,1
771485,PDG ENVIRONMENTAL INC,2010-02-26,,1,2010-02-26,8K_FTS+8K_SUBMISSIONS,,4955,1,,1
913015,REGENT COMMUNICATIONS INC,2010-03-01,,1,2010-03-01,8K_FTS+8K_SUBMISSIONS,,4832,1,,1
1243800,RAINIER PACIFIC FINANCIAL GROUP INC,2010-03-01,,2,2010-03-01;2013-01-28,8K_FTS+8K_SUBMISSIONS,,6022,1,,1
38570,"Orleans Homebuilders, Inc.",2010-03-01,,1,2010-03-01,8K_FTS+8K_SUBMISSIONS+LOPUCKI,11,1531,1,2,1
937969,BERTHEL GROWTH & INCOME TRUST I,2010-03-05,2009-01-08,2,2009-01-08;2010-03-05,8K_FTS+8K_SUBMISSIONS,,,1,,1
920317,US DRY CLEANING CORP,2010-03-05,2005-01-20,3,2005-01-20;2010-03-05;2011-09-29,8K_FTS+8K_SUBMISSIONS,,7200,1,,1
1125532,"VERTICAL BRANDING, INC.",2010-03-05,,1,2010-03-05,8K_FTS+8K_SUBMISSIONS,,5960,1,,1
1050112,ANTHRACITE CAPITAL INC,2010-03-15,,1,2010-03-15,8K_FTS+8K_SUBMISSIONS+LOPUCKI,7,6798,1,0,1
1019883,APPALACHIAN BANCSHARES INC,2010-03-24,,1,2010-03-24,8K_FTS+8K_SUBMISSIONS,,6022,1,,1
1287151,XERIUM TECHNOLOGIES INC,2010-03-30,,1,2010-03-30,8K_FTS+8K_SUBMISSIONS+LOPUCKI,11,2221,1,0,1
949228,BEACH FIRST NATIONAL BANCSHARES INC,2010-04-12,,1,2010-04-12,8K_FTS+8K_SUBMISSIONS+LOPUCKI,7,6021,1,-32,1
1137469,"NOVA BIOSOURCE FUELS, INC.",2010-04-14,2009-04-01,2,2009-04-01;2010-04-14,8K_FTS+8K_SUBMISSIONS,,2911,1,,1
899166,"POINT BLANK SOLUTIONS, INC.",2010-04-14,,1,2010-04-14,8K_FTS+8K_SUBMISSIONS,,3842,1,,1
1099980,TAMALPAIS BANCORP,2010-04-19,,1,2010-04-19,8K_FTS+8K_SUBMISSIONS+LOPUCKI,7,6022,1,-158,1
758256,Saint James CO,2010-04-22,,1,2010-04-22,8K_FTS+8K_SUBMISSIONS,,9995,1,,1
1322705,Spansion Inc.,2010-04-22,2009-03-01,2,2009-03-01;2010-04-22,8K_FTS+8K_SUBMISSIONS,,3674,1,,1
878774,American Mortgage Acceptance Company,2010-04-26,,1,2010-04-26,8K_FTS+8K_SUBMISSIONS+LOPUCKI,11,6798,1,2,1
1070510,SARS CORP.,2010-04-27,,1,2010-04-27,8K_FTS+8K_SUBMISSIONS,,7372,1,,1
1073429,US CONCRETE INC,2010-04-29,,1,2010-04-29,8K_FTS+8K_SUBMISSIONS+LOPUCKI,11,3272,1,0,1
1016933,R&G FINANCIAL CORP,2010-04-30,,1,2010-04-30,8K_FTS+8K_SUBMISSIONS,,6022,1,,1
716457,FRONTIER FINANCIAL CORP /WA/,2010-05-03,,1,2010-05-03,8K_FTS+8K_SUBMISSIONS,,6022,1,,1
1161924,"MiddleBrook Pharmaceuticals, Inc.",2010-05-04,,1,2010-05-04,8K_FTS+8K_SUBMISSIONS,,2834,1,,1
1084887,W HOLDING CO INC,2010-05-04,,1,2010-05-04,8K_FTS+8K_SUBMISSIONS,,6022,1,,1
1164554,EUROBANCSHARES INC,2010-05-04,,1,2010-05-04,8K_FTS+8K_SUBMISSIONS,,6029,1,,1
1127442,CITIZENS FIRST BANCORP INC,2010-05-06,,1,2010-05-06,8K_FTS+8K_SUBMISSIONS,,6036,1,,1
1330487,CHEM RX CORP,2010-05-12,,1,2010-05-12,8K_FTS+8K_SUBMISSIONS,,6770,1,,1
1047153,CERTIFIED DIABETIC SERVICES INC,2010-05-13,,1,2010-05-13,8K_FTS+8K_SUBMISSIONS,,8090,1,,1
1380712,1st Pacific Bancorp,2010-05-13,,1,2010-05-13,8K_FTS+8K_SUBMISSIONS,,6022,1,,1
318259,"MDI, INC.",2010-05-14,,1,2010-05-14,8K_FTS+8K_SUBMISSIONS,,3861,1,,1
1057725,Neff Corp.,2010-05-16,,1,2010-05-16,LOPUCKI,11,7359,1,,1
1051379,MIDWEST BANC HOLDINGS INC,2010-05-20,,1,2010-05-20,8K_FTS+8K_SUBMISSIONS+LOPUCKI,11,6021,1,-92,1
1310527,"Anpath Group, Inc.",2010-05-26,,1,2010-05-26,8K_FTS+8K_SUBMISSIONS,,2842,1,,1
1082368,BANK OF FLORIDA CORP,2010-06-01,,2,2010-06-01;2011-06-28,8K_FTS+8K_SUBMISSIONS,,6021,1,,1
38984,FREMONT GENERAL CORP,2010-06-01,2008-06-18,3,2008-06-18;2010-06-01;2017-11-17,8K_FTS+8K_SUBMISSIONS,,6022,1,,1
1180743,"CERAGENIX PHARMACEUTICALS, INC.",2010-06-03,,1,2010-06-03,8K_FTS+8K_SUBMISSIONS,,3841,1,,1
1047290,"Newark Group, Inc.",2010-06-09,,1,2010-06-09,LOPUCKI,11,2631,1,,1
23341,CONGOLEUM CORP,2010-06-10,,1,2010-06-10,8K_FTS+8K_SUBMISSIONS,,3089,1,,1
1003429,REUNION INDUSTRIES INC,2010-06-11,2007-11-29,2,2007-11-29;2010-06-11,8K_FTS+8K_SUBMISSIONS,,3089,1,,1
778164,"Pacific Ethanol, Inc.  (ALTO)",2010-06-11,2009-05-18,2,2009-05-18;2010-06-11,8K_FTS+8K_SUBMISSIONS,,2860,1,,1
1364099,"Innophos Holdings, Inc.",2010-06-17,,1,2010-06-17,8K_SUBMISSIONS,,5160.0,1,,1
1066961,"Infosmart Group, Inc.",2010-06-18,,1,2010-06-18,8K_FTS+8K_SUBMISSIONS,,3652,1,,1
1170605,TierOne Corporation,2010-06-24,,1,2010-06-24,8K_FTS+8K_SUBMISSIONS+LOPUCKI,7,6035,1,12,1
1234383,BANK HOLDINGS,2010-06-24,,1,2010-06-24,8K_FTS+8K_SUBMISSIONS+LOPUCKI,7,6022,1,-189,1
1163958,MEDICAL STAFFING NETWORK HOLDINGS INC,2010-07-09,,1,2010-07-09,8K_FTS+8K_SUBMISSIONS,,7363,1,,1
1211805,TOPSPIN MEDICAL INC  (MYSZ),2010-07-13,,1,2010-07-13,8K_FTS+8K_SUBMISSIONS,,3845,1,,1
899647,RIVIERA HOLDINGS CORP,2010-07-14,,1,2010-07-14,8K_FTS+8K_SUBMISSIONS,,7011,1,,1
1089787,BAY NATIONAL CORP,2010-07-15,,1,2010-07-15,8K_FTS+8K_SUBMISSIONS,,6021,1,,1
1305748,HEALTHCARE PROVIDERS DIRECT INC.,2010-07-16,,1,2010-07-16,8K_FTS+8K_SUBMISSIONS,,5047,1,,1
806817,JENNIFER CONVERTIBLES INC,2010-07-20,,1,2010-07-20,8K_FTS+8K_SUBMISSIONS,,5712,1,,1
1095274,FIRST NATIONAL BANCSHARES INC /SC/,2010-07-21,,1,2010-07-21,8K_FTS+8K_SUBMISSIONS+LOPUCKI,7,6021,1,-163,1
1084727,Nexity Financial Corporation,2010-07-22,,1,2010-07-22,LOPUCKI,11,6022,1,,1
1116694,CAPITAL GROWTH SYSTEMS INC /FL/,2010-07-23,,1,2010-07-23,8K_FTS+8K_SUBMISSIONS,,7389,1,,1
883476,CRESCENT BANKING CO,2010-07-26,,1,2010-07-26,8K_FTS+8K_SUBMISSIONS,,6022,1,,1
1141590,PLAYLOGIC ENTERTAINMENT INC,2010-07-27,,1,2010-07-27,8K_FTS+8K_SUBMISSIONS,,7372,1,,1
819551,ILX RESORTS INC,2010-07-28,2009-03-02,2,2009-03-02;2010-07-28,8K_FTS+8K_SUBMISSIONS,,6532,1,,1
894267,COWLITZ BANCORPORATION,2010-08-02,,1,2010-08-02,8K_FTS+8K_SUBMISSIONS,,6022,1,,1
1059397,KOLORFUSION INTERNATIONAL INC,2010-08-02,,1,2010-08-02,8K_FTS+8K_SUBMISSIONS,,2750,1,,1
74783,ACCEPTANCE INSURANCE COMPANIES INC,2010-08-10,2005-01-07,2,2005-01-07;2010-08-10,8K_FTS+8K_SUBMISSIONS,,6331,1,,1
314132,FLEETWOOD ENTERPRISES INC/DE/,2010-08-11,2009-03-10,2,2009-03-10;2010-08-11,8K_FTS+8K_SUBMISSIONS,,3716,1,,1
1093273,MAGNA ENTERTAINMENT CORP,2010-08-12,2009-03-05,2,2009-03-05;2010-08-12,8K_FTS+8K_SUBMISSIONS,,7948,1,,1
1157443,"nCoat, Inc.",2010-08-16,,1,2010-08-16,8K_FTS+8K_SUBMISSIONS,,3470,1,,1
714756,"AMCORE Financial, Inc.",2010-08-19,,1,2010-08-19,8K_FTS+8K_SUBMISSIONS+LOPUCKI,11,6021,1,1,1
1329184,"Chartwell International, Inc.",2010-08-20,,1,2010-08-20,8K_FTS+8K_SUBMISSIONS,,4011,1,,1
878731,FINLAY ENTERPRISES INC /DE,2010-08-24,2009-08-05,2,2009-08-05;2010-08-24,8K_FTS+8K_SUBMISSIONS,,5944,1,,1
1170833,COMMUNITY VALLEY BANCORP,2010-08-25,,1,2010-08-25,8K_FTS+8K_SUBMISSIONS,,6035,1,,1
1120427,SONOMA VALLEY BANCORP,2010-08-25,,1,2010-08-25,8K_FTS+8K_SUBMISSIONS,,6021,1,,1
947425,PROFESSIONAL VETERINARY PRODUCTS LTD /NE/,2010-08-25,,2,2010-08-25;2011-12-15,8K_FTS+8K_SUBMISSIONS,,5099,1,,1
921549,"Trico Marine Services, Inc. (2010)",2010-08-25,2004-12-21,2,2004-12-21;2010-08-25,8K_FTS+8K_SUBMISSIONS+LOPUCKI,11,4400,1,1,1
1111335,VISTEON CORP  (VC),2010-09-07,2009-05-28,2,2009-05-28;2010-09-07,8K_FTS+8K_SUBMISSIONS,,3714,1,,1
1063997,"Harrington West Financial Group, Inc.",2010-09-10,,1,2010-09-10,LOPUCKI,11,6035,1,,1
1122887,JAVA DETOUR INC.,2010-09-10,,1,2010-09-10,8K_FTS+8K_SUBMISSIONS,,5400,1,,1
898660,STATION CASINOS INC,2010-09-15,2009-07-28,2,2009-07-28;2010-09-15,8K_FTS+8K_SUBMISSIONS,,7990,1,,1
1074458,HORIZON BANCORPORATION INC,2010-09-17,,1,2010-09-17,8K_FTS+8K_SUBMISSIONS,,6021,1,,1
1402364,"Ultimate Escapes, Inc.",2010-09-20,,1,2010-09-20,8K_FTS+8K_SUBMISSIONS,,7011,1,,1
1085734,Blockbuster Inc.,2010-09-23,,1,2010-09-23,8K_FTS+8K_SUBMISSIONS+LOPUCKI,11,7841,1,1,1
1083036,ELECTRONIC GAME CARD INC,2010-09-29,,1,2010-09-29,8K_FTS+8K_SUBMISSIONS,,3990,1,,1
1240722,SOLOMON TECHNOLOGIES INC,2010-09-30,,1,2010-09-30,8K_FTS+8K_SUBMISSIONS,,3621,1,,1
1393614,"Kentucky USA Energy, Inc.",2010-10-07,,1,2010-10-07,8K_FTS+8K_SUBMISSIONS,,1311,1,,1
913665,TerreStar Corporation (TerreStar Networks Inc. only) (2010),2010-10-19,,1,2010-10-19,8K_FTS+8K_SUBMISSIONS+LOPUCKI,11,4899,1,3,1
1289370,MetaMorphix Inc.,2010-10-22,,1,2010-10-22,8K_FTS+8K_SUBMISSIONS,,2834,1,,1
904901,WatchIt Technologies Inc.,2010-10-22,,1,2010-10-22,8K_SUBMISSIONS,,7389.0,1,,1
895648,GENERAL GROWTH PROPERTIES INC,2010-10-27,2009-04-16,2,2009-04-16;2010-10-27,8K_FTS+8K_SUBMISSIONS,,6798,1,,1
726990,AMERICANWEST BANCORPORATION,2010-10-28,,2,2010-10-28;2013-09-06,8K_FTS+8K_SUBMISSIONS+LOPUCKI,11,6022,1,0,1
1310094,ACCENTIA BIOPHARMACEUTICALS INC,2010-11-02,2008-11-10,2,2008-11-10;2010-11-02,8K_FTS+8K_SUBMISSIONS,,2834,1,,1
704384,BIOVEST INTERNATIONAL INC,2010-11-02,2008-11-10,3,2008-11-10;2010-11-02;2013-03-07,8K_FTS+8K_SUBMISSIONS,,2834,1,,1
1091862,Chemtura CORP,2010-11-04,2009-03-18,2,2009-03-18;2010-11-04,8K_FTS+8K_SUBMISSIONS,,2820,1,,1
1405419,GULFSTREAM INTERNATIONAL GROUP INC,2010-11-05,,1,2010-11-05,8K_FTS+8K_SUBMISSIONS,,4512,1,,1
104599,CIRCUIT CITY STORES INC,2010-11-05,2008-11-10,2,2008-11-10;2010-11-05,8K_FTS+8K_SUBMISSIONS,,5731,1,,1
874501,"Ambac Financial Group, Inc.",2010-11-08,,2,2010-11-08;2012-03-20,8K_FTS+8K_SUBMISSIONS+LOPUCKI,11,6351,1,2,1
1284453,VISUAL MANAGEMENT SYSTEMS INC,2010-11-10,,1,2010-11-10,8K_FTS+8K_SUBMISSIONS,,3669,1,,1
1178717,"Vertis, Inc. (2010)",2010-11-17,2008-07-15,2,2008-07-15;2010-11-17,LOPUCKI,11,7311,1,,1
853927,"American Media Operations, Inc.",2010-11-17,,1,2010-11-17,LOPUCKI,11,2721,1,,1
1439600,"Local Insight Regatta Holdings, Inc.",2010-11-17,,1,2010-11-17,8K_FTS+8K_SUBMISSIONS+LOPUCKI,11,2741,1,1,1
1328910,TRONOX INC,2010-11-23,2009-01-12,2,2009-01-12;2010-11-23,8K_FTS+8K_SUBMISSIONS,,2810,1,,1
923473,"Palm Harbor Homes, Inc.",2010-11-29,,1,2010-11-29,8K_FTS+8K_SUBMISSIONS+LOPUCKI,11,2452,1,1,1
1393066,AbitibiBowater Inc.,2010-11-30,2009-04-16,2,2009-04-16;2010-11-30,8K_FTS+8K_SUBMISSIONS,,2621,1,,1
1329605,PLATINUM ENERGY RESOURCES INC,2010-12-01,,1,2010-12-01,8K_FTS+8K_SUBMISSIONS,,1311,1,,1
928800,KH FUNDING CO,2010-12-06,,1,2010-12-06,8K_FTS+8K_SUBMISSIONS,,6162,1,,1
840216,CALIFORNIA COASTAL COMMUNITIES INC,2010-12-08,2009-10-27,3,1997-07-14;2009-10-27;2010-12-08,8K_FTS+8K_SUBMISSIONS,,1531,1,,1
1452206,"Ad Systems Communications, Inc.",2010-12-09,,1,2010-12-09,8K_FTS+8K_SUBMISSIONS,,7389,1,,1
1410637,"RHI Entertainment, Inc.",2010-12-10,,1,2010-12-10,8K_FTS+8K_SUBMISSIONS+LOPUCKI,11,7812,1,3,1
43300,"Great Atlantic & Pacific Tea Company, Inc.",2010-12-12,,2,2010-12-12;2012-03-05,8K_FTS+8K_SUBMISSIONS+LOPUCKI,11,5411,1,3,1
1340752,"Molecular Insight Pharmaceuticals, Inc.",2010-12-14,,1,2010-12-14,8K_FTS+8K_SUBMISSIONS,,2834,1,,1
1145238,INSIGHT HEALTH SERVICES HOLDINGS CORP,2010-12-14,2007-05-29,2,2007-05-29;2010-12-14,8K_FTS+8K_SUBMISSIONS,,8071,1,,1
1406574,"SINOHUB, INC.",2011-01-03,,1,2011-01-03,8K_FTS+8K_SUBMISSIONS,,5065,1,,1
29806,Constar International Inc. (2011),2011-01-11,2008-12-30,2,2008-12-30;2011-01-11,8K_FTS+8K_SUBMISSIONS+LOPUCKI,11,3080,1,7,1
1062613,FAIRPOINT COMMUNICATIONS INC,2011-01-14,2009-10-26,2,2009-10-26;2011-01-14,8K_FTS+8K_SUBMISSIONS,,4813,1,,1
1295879,CommunitySouth Financial CORP,2011-01-24,,1,2011-01-24,8K_FTS+8K_SUBMISSIONS,,6021,1,,1
1092302,JAVO BEVERAGE CO INC,2011-01-24,,1,2011-01-24,8K_FTS+8K_SUBMISSIONS,,2080,1,,1
1042418,COMMONWEALTH BIOTECHNOLOGIES INC  (INTI),2011-01-25,2008-10-21,3,2008-10-21;2011-01-25;2013-04-18,8K_FTS+8K_SUBMISSIONS,,8731,1,,1
1094572,"ICOP DIGITAL, INC",2011-01-25,,1,2011-01-25,8K_FTS+8K_SUBMISSIONS,,3663,1,,1
1096481,ANGIOTECH PHARMACEUTICALS INC,2011-02-01,,1,2011-02-01,8K_FTS+8K_SUBMISSIONS,,3841,1,,1
897861,FIRST STATE BANCORPORATION,2011-02-01,,1,2011-02-01,8K_FTS+8K_SUBMISSIONS+LOPUCKI,7,6022,1,-85,1
1346222,FIRST UNITED ETHANOL LLC,2011-02-02,,1,2011-02-02,8K_FTS+8K_SUBMISSIONS,,2860,1,,1
1452384,"Seahawk Drilling, Inc.",2011-02-11,,1,2011-02-11,8K_FTS+8K_SUBMISSIONS+LOPUCKI,11,1381,1,3,1
1235091,PSB GROUP INC,2011-02-14,,1,2011-02-14,8K_FTS+8K_SUBMISSIONS,,6021,1,,1
96638,ADVANTA CORP,2011-02-16,2009-11-08,2,2009-11-08;2011-02-16,8K_FTS+8K_SUBMISSIONS,,6141,1,,1
940510,"Borders Group, Inc.",2011-02-16,,1,2011-02-16,8K_FTS+8K_SUBMISSIONS+LOPUCKI,11,5940,1,1,1
754597,HABERSHAM BANCORP,2011-02-23,,1,2011-02-23,8K_FTS+8K_SUBMISSIONS,,6022,1,,1
71322,BANK OF NEW ENGLAND CORP,2011-02-28,2005-03-14,2,2005-03-14;2011-02-28,8K_SUBMISSIONS,,6021.0,1,,1
790414,GOTTSCHALKS INC,2011-03-02,2009-01-14,2,2009-01-14;2011-03-02,8K_FTS+8K_SUBMISSIONS,,5311,1,,1
1289871,MPC CORP,2011-03-14,2008-11-06,2,2008-11-06;2011-03-14,8K_FTS+8K_SUBMISSIONS,,7372,1,,1
1122101,"EPIC ENERGY RESOURCES, INC.",2011-03-24,,1,2011-03-24,8K_FTS+8K_SUBMISSIONS,,8742,1,,1
1076462,ALPHATRADE COM,2011-03-28,,1,2011-03-28,8K_FTS+8K_SUBMISSIONS,,7389,1,,1
1334127,"Harry & David Holdings, Inc.",2011-03-28,,1,2011-03-28,8K_FTS+8K_SUBMISSIONS,,5990,1,,1
1321099,"DigitalPost Interactive, Inc.",2011-04-01,,1,2011-04-01,8K_FTS+8K_SUBMISSIONS,,7374,1,,1
40730,Motors Liquidation Co,2011-04-04,2009-06-01,2,2009-06-01;2011-04-04,8K_FTS+8K_SUBMISSIONS,,3711,1,,1
766004,"Sbarro, Inc.",2011-04-04,,1,2011-04-04,LOPUCKI,11,5812,1,,1
58592,4 KIDS ENTERTAINMENT INC,2011-04-06,,2,2011-04-06;2012-12-19,8K_FTS+8K_SUBMISSIONS,,6794,1,,1
946842,AMBASSADORS INTERNATIONAL INC,2011-04-07,,1,2011-04-07,8K_FTS+8K_SUBMISSIONS,,4700,1,,1
883697,REGEN BIOLOGICS INC,2011-04-11,,1,2011-04-11,8K_FTS+8K_SUBMISSIONS,,3841,1,,1
317477,COMPOSITE TECHNOLOGY CORP,2011-04-11,2005-05-05,2,2005-05-05;2011-04-11,8K_FTS+8K_SUBMISSIONS,,3600,1,,1
1065298,SUPERIOR BANCORP,2011-04-19,,1,2011-04-19,8K_FTS+8K_SUBMISSIONS,,6022,1,,1
19731,CANAL Corp,2011-04-19,2008-12-29,2,2008-12-29;2011-04-19,8K_FTS+8K_SUBMISSIONS,,2650,1,,1
1338949,Majestic Capital Ltd.,2011-04-29,,1,2011-04-29,8K_FTS+8K_SUBMISSIONS+LOPUCKI,11,6331,1,3,1
705200,PAB BANKSHARES INC,2011-05-02,,1,2011-05-02,8K_FTS+8K_SUBMISSIONS,,6022,1,,1
1103078,RASER TECHNOLOGIES INC,2011-05-03,,1,2011-05-03,8K_FTS+8K_SUBMISSIONS,,4911,1,,1
1014133,COMMUNITY CENTRAL BANK CORP,2011-05-04,,1,2011-05-04,8K_FTS+8K_SUBMISSIONS,,6022,1,,1
1014653,PROFILE TECHNOLOGIES INC,2011-05-10,,1,2011-05-10,8K_FTS+8K_SUBMISSIONS,,3559,1,,1
1406081,Guaranty Financial Group Inc.,2011-05-13,2009-08-24,2,2009-08-24;2011-05-13,8K_FTS+8K_SUBMISSIONS,,6035,1,,1
821536,HEARUSA INC,2011-05-19,,1,2011-05-19,8K_FTS+8K_SUBMISSIONS,,5990,1,,1
1313730,"Atlantic Southern Financial Group, Inc.",2011-05-23,,1,2011-05-23,8K_FTS+8K_SUBMISSIONS,,6035,1,,1
1283552,JACKSON HEWITT TAX SERVICE INC,2011-05-24,,1,2011-05-24,8K_FTS+8K_SUBMISSIONS+LOPUCKI,11,7200,1,0,1
1360581,"FGBC Bancshares, Inc.",2011-05-25,,1,2011-05-25,8K_FTS+8K_SUBMISSIONS,,6021,1,,1
32621,EMERSON RADIO CORP  (MSN),2011-06-01,1993-09-29,2,1993-09-29;2011-06-01,8K_FTS+8K_SUBMISSIONS,,3651,1,,1
1047040,Perkins & Marie Callenders Inc.,2011-06-13,,1,2011-06-13,LOPUCKI,11,5812,1,,1
872545,MCINTOSH BANCSHARES INC /GA/,2011-06-21,,1,2011-06-21,8K_FTS+8K_SUBMISSIONS,,6022,1,,1
830519,EMAX HOLDINGS CORP,2011-06-23,,1,2011-06-23,8K_FTS+8K_SUBMISSIONS,,6770,1,,1
1360214,"TRANSDEL PHARMACEUTICALS INC  (HROW, HROWL, HROWM)",2011-06-27,,1,2011-06-27,8K_FTS+8K_SUBMISSIONS,,2834,1,,1
97052,TELTRONICS INC,2011-06-27,,1,2011-06-27,8K_FTS+8K_SUBMISSIONS,,3661,1,,1
1112485,PRIMEHOLDINGS COM INC,2011-06-27,,1,2011-06-27,8K_FTS+8K_SUBMISSIONS,,7389,1,,1
1056756,NBC ACQUISITION CORP,2011-06-27,,1,2011-06-27,8K_FTS+8K_SUBMISSIONS,,5190,1,,1
1056758,"Nebraska Book Company, Inc.",2011-06-27,,1,2011-06-27,LOPUCKI,11,5190,1,,1
1326160,Duke Energy CORP,2011-07-07,,1,2011-07-07,8K_SUBMISSIONS,,4931.0,1,,1
1162245,FPB BANCORP INC,2011-07-18,,1,2011-07-18,8K_FTS+8K_SUBMISSIONS,,6021,1,,1
1446687,"SILVER STAR PROPERTIES REIT, INC",2011-07-20,,3,2011-07-20;2023-09-14;2026-06-08,8K_SUBMISSIONS,,6500.0,1,,1
804331,Indian Hill Holdings Corp,2011-07-28,2007-02-12,2,2007-02-12;2011-07-28,8K_FTS+8K_SUBMISSIONS,,4813,1,,1
1165921,LAW ENFORCEMENT ASSOCIATES CORP,2011-07-29,,1,2011-07-29,8K_FTS+8K_SUBMISSIONS,,3663,1,,1
764241,INTEGRA BANK CORP,2011-08-01,,1,2011-08-01,8K_FTS+8K_SUBMISSIONS,,6022,1,,1
947397,EVERGREEN SOLAR INC,2011-08-15,,1,2011-08-15,8K_FTS+8K_SUBMISSIONS,,3674,1,,1
1160165,"ShengdaTech, Inc.",2011-08-19,,2,2011-08-19;2012-10-09,8K_FTS+8K_SUBMISSIONS+LOPUCKI,11,2890,1,4,1
1068084,PRIVATE MEDIA GROUP INC,2011-08-26,,1,2011-08-26,8K_FTS+8K_SUBMISSIONS,,2721,1,,1
1416712,"IRON MINING GROUP, INC.",2011-08-30,,1,2011-08-30,8K_FTS+8K_SUBMISSIONS,,8742,1,,1
744962,NUTRITION 21 INC,2011-08-31,,1,2011-08-31,8K_FTS+8K_SUBMISSIONS,,2836,1,,1
1329069,NewPage Corporation,2011-09-07,,1,2011-09-07,8K_FTS+8K_SUBMISSIONS+LOPUCKI,11,2621,1,5,1
84919,"RCLC, INC.",2011-09-09,,1,2011-09-09,8K_FTS+8K_SUBMISSIONS,,2890,1,,1
1329068,NewPage Holding CORP,2011-09-12,,1,2011-09-12,8K_FTS+8K_SUBMISSIONS,,2621,1,,1
742814,TELEMETRIX INC,2011-09-16,2008-12-17,2,2008-12-17;2011-09-16,8K_FTS+8K_SUBMISSIONS,,3663,1,,1
1096560,SULPHCO INC,2011-09-16,,1,2011-09-16,8K_FTS+8K_SUBMISSIONS,,1389,1,,1
1108730,PUBLIC MEDIA WORKS INC,2011-09-26,,1,2011-09-26,8K_FTS+8K_SUBMISSIONS,,7812,1,,1
1160084,LOCATEPLUS HOLDINGS CORP,2011-09-26,,1,2011-09-26,8K_FTS+8K_SUBMISSIONS,,7374,1,,1
1043156,STAR BUFFET INC,2011-09-30,,2,2011-09-30;2012-12-20,8K_FTS+8K_SUBMISSIONS,,5812,1,,1
835012,COMMONWEALTH BANKSHARES INC,2011-09-30,,1,2011-09-30,8K_FTS+8K_SUBMISSIONS,,6021,1,,1
1289480,"Real Mex Restaurants, Inc.",2011-10-04,,1,2011-10-04,8K_FTS+8K_SUBMISSIONS+LOPUCKI,11,5810,1,0,1
777516,"Healthsport, Inc.",2011-10-06,,1,2011-10-06,8K_FTS+8K_SUBMISSIONS,,2834,1,,1
833203,Wyndstorm CORP,2011-10-13,,1,2011-10-13,8K_FTS+8K_SUBMISSIONS,,7389,1,,1
16104,CAGLES INC,2011-10-20,,1,2011-10-20,8K_FTS+8K_SUBMISSIONS,,2015,1,,1
935724,PMI GROUP INC,2011-10-24,,2,2011-10-24;2013-07-29,8K_FTS+8K_SUBMISSIONS+LOPUCKI,11,6351,1,-30,1
51939,CORUS BANKSHARES INC,2011-10-28,2009-09-16,2,2009-09-16;2011-10-28,8K_FTS+8K_SUBMISSIONS,,6021,1,,1
1103345,BEACON POWER CORP,2011-10-31,,1,2011-10-31,8K_FTS+8K_SUBMISSIONS,,4911,1,,1
1144834,KAISER VENTURES LLC,2011-10-31,,2,2011-10-31;2013-08-19,8K_FTS+8K_SUBMISSIONS,,6519,1,,1
1401106,MF Global Holdings Ltd.,2011-10-31,,2,2011-10-31;2013-04-11,8K_FTS+8K_SUBMISSIONS+LOPUCKI,11,6200,1,3,1
724742,SYMS CORP  (TPHS),2011-11-02,,1,2011-11-02,8K_FTS+8K_SUBMISSIONS+LOPUCKI,11,5651,1,0,1
1105055,"Dynegy Holdings, LLC",2011-11-07,,1,2011-11-07,8K_FTS+8K_SUBMISSIONS+LOPUCKI,11,4911,1,1,1
1379895,DYNEGY INC.,2011-11-08,,2,2011-11-08;2016-12-09,8K_FTS+8K_SUBMISSIONS,,4911,1,,1
1039184,TRAILER BRIDGE INC,2011-11-16,,1,2011-11-16,8K_FTS+8K_SUBMISSIONS,,4400,1,,1
1443799,General Maritime Corp / MI,2011-11-17,,1,2011-11-17,8K_FTS+8K_SUBMISSIONS+LOPUCKI,11,4412,1,0,1
1086411,JOHN D. OIL & GAS CO,2011-11-28,,1,2011-11-28,8K_FTS+8K_SUBMISSIONS,,1381,1,,1
6201,AMR CORP  (AAL),2011-11-29,,2,2011-11-29;2013-10-23,8K_FTS+8K_SUBMISSIONS+LOPUCKI,11,4512,1,0,1
4515,AMERICAN AIRLINES INC,2011-11-29,,2,2011-11-29;2013-10-23,8K_FTS+8K_SUBMISSIONS,,4512,1,,1
1096791,Oilsands Quest Inc,2011-12-05,,1,2011-12-05,8K_FTS+8K_SUBMISSIONS,,1090,1,,1
58361,"LEE ENTERPRISES, INC  (LEE)",2011-12-12,,1,2011-12-12,8K_FTS+8K_SUBMISSIONS+LOPUCKI,11,2711,1,0,1
1137239,AMERICAS ENERGY Co - AECO,2011-12-13,,1,2011-12-13,8K_FTS+8K_SUBMISSIONS,,1000,1,,1
806085,LEHMAN BROTHERS HOLDINGS INC,2011-12-14,2008-09-15,2,2008-09-15;2011-12-14,8K_FTS+8K_SUBMISSIONS,,6211,1,,1
821483,Delta Petroleum Corporation,2011-12-15,,1,2011-12-15,8K_FTS+8K_SUBMISSIONS+LOPUCKI,11,1311,1,7,1
894552,E MED FUTURE INC  (EMDF),2011-12-15,2006-12-13,2,2006-12-13;2011-12-15,8K_FTS+8K_SUBMISSIONS,,3841,1,,1
1448064,"RoomStore, Inc.",2011-12-16,,1,2011-12-16,8K_FTS+8K_SUBMISSIONS,,5712,1,,1
1095996,William Lyon Homes,2011-12-19,,1,2011-12-19,LOPUCKI,11,1531,1,,1
1309126,"Money Tree, Inc.",2011-12-19,,1,2011-12-19,8K_FTS+8K_SUBMISSIONS,,6141,1,,1
1337913,"Ahern Rentals, Inc.",2011-12-22,,1,2011-12-22,LOPUCKI,11,7359,1,,1
276750,AMBER RESOURCES CO OF COLORADO,2011-12-22,,1,2011-12-22,8K_FTS+8K_SUBMISSIONS,,1311,1,,1
859475,TRIDENT MICROSYSTEMS INC,2012-01-04,,1,2012-01-04,8K_FTS+8K_SUBMISSIONS+LOPUCKI,11,3674,1,0,1
1377149,CareView Communications Inc,2012-01-06,,1,2012-01-06,8K_SUBMISSIONS,,3663.0,1,,1
1282607,COLONY RESORTS LVH ACQUISITIONS LLC,2012-01-12,,1,2012-01-12,8K_FTS+8K_SUBMISSIONS,,7011,1,,1
732717,"AT&T INC.  (T, TBB, TBC, T-PA, T-PC)",2012-01-13,,1,2012-01-13,8K_FTS+8K_SUBMISSIONS,,4813,1,,1
31235,EASTMAN KODAK CO  (KODK),2012-01-19,,2,2012-01-19;2013-08-29,8K_FTS+8K_SUBMISSIONS+LOPUCKI,11,3861,1,0,1
706465,HENRY COUNTY BANCSHARES INC,2012-01-24,,1,2012-01-24,8K_FTS+8K_SUBMISSIONS,,6022,1,,1
912365,EVERGREEN ENERGY INC,2012-01-24,,1,2012-01-24,8K_FTS+8K_SUBMISSIONS,,1221,1,,1
895642,ENER1 INC,2012-01-26,,1,2012-01-26,8K_FTS+8K_SUBMISSIONS+LOPUCKI,11,3690,1,0,1
1323033,"Tennessee Commerce Bancorp, Inc.",2012-01-30,,1,2012-01-30,8K_FTS+8K_SUBMISSIONS,,6022,1,,1
1382805,"Game Trading Technologies, Inc.",2012-02-02,,1,2012-02-02,8K_FTS+8K_SUBMISSIONS,,5734,1,,1
1397867,Global Aviation Holdings Inc. (2012),2012-02-05,,2,2012-02-05;2013-11-12,8K_FTS+8K_SUBMISSIONS+LOPUCKI,11,4522,1,1,1
1479920,TBS International plc,2012-02-06,,1,2012-02-06,8K_FTS+8K_SUBMISSIONS+LOPUCKI,11,4412,1,2,1
1173738,CDEX INC,2012-02-10,,1,2012-02-10,8K_FTS+8K_SUBMISSIONS,,3829,1,,1
32878,ENERGY CONVERSION DEVICES INC,2012-02-14,,1,2012-02-14,8K_FTS+8K_SUBMISSIONS+LOPUCKI,11,3674,1,0,1
216039,Grubb & Ellis Company,2012-02-20,,1,2012-02-20,8K_FTS+8K_SUBMISSIONS+LOPUCKI,11,6531,1,1,1
1377720,CYBERDEFENDER CORP,2012-02-27,,1,2012-02-27,8K_FTS+8K_SUBMISSIONS,,7372,1,,1
933136,"WASHINGTON MUTUAL, INC  (COOP)",2012-03-01,2008-09-26,2,2008-09-26;2012-03-01,8K_FTS+8K_SUBMISSIONS,,6035,1,,1
944725,"United Western Bancorp, Inc.",2012-03-02,,1,2012-03-02,8K_FTS+8K_SUBMISSIONS+LOPUCKI,11,6022,1,3,1
894490,BANKUNITED FINANCIAL CORP,2012-03-09,2009-05-29,2,2009-05-29;2012-03-09,8K_FTS+8K_SUBMISSIONS,,6035,1,,1
1253710,"CANO PETROLEUM, INC",2012-03-13,,1,2012-03-13,8K_FTS+8K_SUBMISSIONS,,1311,1,,1
811036,"TaxMasters, Inc.",2012-03-16,,1,2012-03-16,8K_FTS+8K_SUBMISSIONS,,7200,1,,1
1114605,AMERICAN SCIENTIFIC RESOURCES INC,2012-03-19,,1,2012-03-19,8K_FTS+8K_SUBMISSIONS,,3841,1,,1
356591,NEUROLOGIX INC/DE,2012-03-21,,1,2012-03-21,8K_FTS+8K_SUBMISSIONS,,2834,1,,1
1344770,RECYCLE TECH INC,2012-03-29,,1,2012-03-29,8K_FTS+8K_SUBMISSIONS,,5734,1,,1
853695,DRI CORP,2012-03-29,,1,2012-03-29,8K_FTS+8K_SUBMISSIONS,,3669,1,,1
1030058,WORLDGATE COMMUNICATIONS INC,2012-03-30,,1,2012-03-30,8K_FTS+8K_SUBMISSIONS,,4841,1,,1
1166291,Pinnacle Airlines Corp.,2012-04-01,,1,2012-04-01,8K_FTS+8K_SUBMISSIONS+LOPUCKI,11,4512,1,1,1
355356,IMPERIAL PETROLEUM INC,2012-04-10,,1,2012-04-10,8K_FTS+8K_SUBMISSIONS,,2860,1,,1
1268984,"Reddy Ice Holdings, Inc.",2012-04-12,,1,2012-04-12,8K_FTS+8K_SUBMISSIONS+LOPUCKI,11,2090,1,5,1
1024452,SMF ENERGY CORP,2012-04-16,,1,2012-04-16,8K_FTS+8K_SUBMISSIONS,,5172,1,,1
1367387,Exterra Energy Inc.,2012-05-01,,1,2012-05-01,8K_FTS+8K_SUBMISSIONS,,1311,1,,1
1396426,"Hawker Beechcraft Acquisition Company, LLC",2012-05-03,,1,2012-05-03,LOPUCKI,11,3720,1,,1
1171079,Circus and Eldorado Joint Venture,2012-05-17,,1,2012-05-17,LOPUCKI,11,7011,1,,1
856569,ENCORIUM GROUP INC,2012-05-18,,1,2012-05-18,8K_FTS+8K_SUBMISSIONS,,8731,1,,1
913144,"RENAISSANCERE HOLDINGS LTD  (RNR, RNR-PF, RNR-PG)",2012-05-22,,2,2012-05-22;2014-12-30,8K_FTS+8K_SUBMISSIONS,,6331,1,,1
831246,FRANKLIN CREDIT HOLDING CORP/DE/,2012-06-05,,1,2012-06-05,8K_FTS+8K_SUBMISSIONS,,6199,1,,1
74273,OLD STONE CORP,2012-06-06,,1,2012-06-06,8K_FTS+8K_SUBMISSIONS,,6035,1,,1
1287900,RANCHER ENERGY CORP.,2012-06-28,2009-10-29,2,2009-10-29;2012-06-28,8K_FTS+8K_SUBMISSIONS,,1311,1,,1
1045014,GAMETECH INTERNATIONAL INC,2012-07-02,,1,2012-07-02,8K_FTS+8K_SUBMISSIONS,,7990,1,,1
1376812,Patriot Coal CORP,2012-07-09,,2,2012-07-09;2015-05-12,8K_FTS+8K_SUBMISSIONS+LOPUCKI,11,1220,1,0,1
885551,VALENCE TECHNOLOGY INC,2012-07-13,,2,2012-07-13;2013-11-22,8K_FTS+8K_SUBMISSIONS,,3690,1,,1
1010286,FiberTower Corporation,2012-07-17,2001-04-20,3,2001-04-20;2012-07-17;2014-03-31,8K_FTS+8K_SUBMISSIONS+LOPUCKI,11,4812,1,1,1
1341293,Neogenix Oncology Inc,2012-07-26,,1,2012-07-26,8K_FTS+8K_SUBMISSIONS,,2835,1,,1
1434893,CURAXIS PHARMACEUTICAL Corp,2012-07-30,,1,2012-07-30,8K_FTS+8K_SUBMISSIONS,,2834,1,,1
1097575,"AcuNetx, Inc.",2012-08-07,,1,2012-08-07,8K_FTS+8K_SUBMISSIONS,,3841,1,,1
57055,KV PHARMACEUTICAL CO /DE/,2012-08-08,,2,2012-08-08;2013-09-05,8K_FTS+8K_SUBMISSIONS,,2834,1,,1
840264,CAPITOL BANCORP LTD,2012-08-09,,2,2012-08-09;2014-02-04,8K_FTS+8K_SUBMISSIONS+LOPUCKI,11,6021,1,0,1
22551,TRI VALLEY CORP,2012-08-09,,1,2012-08-09,8K_FTS+8K_SUBMISSIONS,,1311,1,,1
1123647,ATP Oil & Gas Corporation,2012-08-17,,1,2012-08-17,8K_FTS+8K_SUBMISSIONS+LOPUCKI,11,1311,1,3,1
1104358,"Broadview Networks Holdings, Inc.",2012-08-22,,1,2012-08-22,8K_FTS+8K_SUBMISSIONS+LOPUCKI,11,4813,1,1,1
731859,Ampal-American Israel Corporation,2012-08-29,,1,2012-08-29,8K_FTS+8K_SUBMISSIONS+LOPUCKI,11,6799,1,2,1
1490930,"Digital Domain Media Group, Inc.",2012-09-12,,1,2012-09-12,8K_FTS+8K_SUBMISSIONS,,7812,1,,1
1205181,IMAGING3 INC  (GPFT),2012-09-20,,2,2012-09-20;2017-01-19,8K_FTS+8K_SUBMISSIONS,,3844,1,,1
1443818,"Freedom Environmental Services, Inc.",2012-09-28,,1,2012-09-28,8K_FTS+8K_SUBMISSIONS,,4955,1,,1
1171032,BAKERS FOOTWEAR GROUP INC,2012-10-03,,1,2012-10-03,8K_FTS+8K_SUBMISSIONS,,5661,1,,1
944136,"TC GLOBAL, INC.",2012-10-15,,1,2012-10-15,8K_FTS+8K_SUBMISSIONS,,5812,1,,1
1167178,"A123 Systems, Inc.",2012-10-16,,1,2012-10-16,8K_FTS+8K_SUBMISSIONS+LOPUCKI,11,3690,1,1,1
889423,SATCON TECHNOLOGY CORP,2012-10-18,,1,2012-10-18,8K_FTS+8K_SUBMISSIONS,,3674,1,,1
1068912,FIRST PLACE FINANCIAL CORP /DE/,2012-10-29,,1,2012-10-29,8K_FTS+8K_SUBMISSIONS+LOPUCKI,11,6035,1,0,1
1203957,BIONOVO INC,2012-11-01,,1,2012-11-01,8K_FTS+8K_SUBMISSIONS,,2834,1,,1
707855,PRINCETON NATIONAL BANCORP INC,2012-11-05,,1,2012-11-05,8K_FTS+8K_SUBMISSIONS,,6021,1,,1
312065,FLORIDA GAMING CORP,2012-11-08,,1,2012-11-08,8K_FTS+8K_SUBMISSIONS,,7990,1,,1
1477961,"Latitude Solutions, Inc.",2012-11-13,,1,2012-11-13,8K_FTS+8K_SUBMISSIONS,,3669,1,,1
75208,"Overseas Shipholding Group, Inc.",2012-11-14,,1,2012-11-14,8K_FTS+8K_SUBMISSIONS+LOPUCKI,11,4412,1,1,1
1274563,HELICOS BIOSCIENCES CORP,2012-11-15,,1,2012-11-15,8K_FTS+8K_SUBMISSIONS,,2834,1,,1
810536,FIRSTFED FINANCIAL CORP,2012-11-16,2009-12-23,2,2009-12-23;2012-11-16,8K_FTS+8K_SUBMISSIONS,,6035,1,,1
1358057,"LifeCare Holdings, Inc.",2012-12-11,,1,2012-12-11,LOPUCKI,11,8050,1,,1
911631,TRIAD GUARANTY INC,2012-12-12,,1,2012-12-12,8K_FTS+8K_SUBMISSIONS+LOPUCKI,11,6351,1,-173,1
930835,EDISON MISSION ENERGY,2012-12-17,,2,2012-12-17;2014-03-17,8K_FTS+8K_SUBMISSIONS+LOPUCKI,11,4911,1,0,1
839441,IMAGENETIX INC /NV/,2012-12-18,,1,2012-12-18,8K_FTS+8K_SUBMISSIONS,,2834,1,,1
865570,THQ INC,2012-12-19,,1,2012-12-19,8K_FTS+8K_SUBMISSIONS+LOPUCKI,11,7372,1,0,1
1134016,MIDWEST GENERATION LLC,2012-12-21,,2,2012-12-21;2014-03-17,8K_FTS+8K_SUBMISSIONS,,4991,1,,1
1493587,"Luxeyard, Inc.",2013-01-09,,1,2013-01-09,8K_FTS+8K_SUBMISSIONS,,7389,1,,1
1123541,"Penson Worldwide, Inc.",2013-01-11,,1,2013-01-11,LOPUCKI,11,6211,1,,1
764897,Banyan Rail Services Inc.  (BRST),2013-01-14,,2,2013-01-14;2026-03-26,8K_FTS+8K_SUBMISSIONS,,6798,1,,1
1392902,TECTON CORP,2013-01-22,,1,2013-01-22,8K_FTS+8K_SUBMISSIONS,,1000,1,,1
911002,LodgeNet Interactive Corporation,2013-01-27,,1,2013-01-27,8K_FTS+8K_SUBMISSIONS+LOPUCKI,11,4899,1,1,1
1023362,POWERWAVE TECHNOLOGIES INC,2013-01-28,,1,2013-01-28,8K_FTS+8K_SUBMISSIONS+LOPUCKI,11,3663,1,0,1
1055454,SCHOOL SPECIALTY INC,2013-01-28,,1,2013-01-28,8K_FTS+8K_SUBMISSIONS+LOPUCKI,11,5000,1,0,1
810208,"AuraSound, Inc.",2013-01-31,,1,2013-01-31,8K_FTS+8K_SUBMISSIONS,,3651,1,,1
867687,"AMERICA WEST RESOURCES, INC.",2013-02-07,2007-10-19,2,2007-10-19;2013-02-07,8K_FTS+8K_SUBMISSIONS,,1220,1,,1
1120830,"China Natural Gas, Inc.",2013-02-08,,1,2013-02-08,8K_FTS+8K_SUBMISSIONS+LOPUCKI,11,4923,1,6,1
1503813,RDA Holding Co. (2013),2013-02-17,,1,2013-02-17,8K_FTS+8K_SUBMISSIONS+LOPUCKI,11,2721,1,2,1
1488591,"COVENANT BANCSHARES, INC.",2013-02-21,,1,2013-02-21,8K_FTS+8K_SUBMISSIONS,,6022,1,,1
1069353,"Conexant Systems, Inc.",2013-02-28,,1,2013-02-28,LOPUCKI,11,3674,1,,1
1009833,GABRIEL TECHNOLOGIES CORP,2013-03-04,,1,2013-03-04,8K_FTS+8K_SUBMISSIONS,,7310,1,,1
852766,"YTB International, Inc.",2013-03-05,,1,2013-03-05,8K_FTS+8K_SUBMISSIONS,,4700,1,,1
314606,Geokinetics Inc.,2013-03-10,,1,2013-03-10,8K_FTS+8K_SUBMISSIONS+LOPUCKI,11,1311,1,2,1
1036848,Mega Matrix Corp.,2013-03-14,,2,2013-03-14;2021-03-30,8K_SUBMISSIONS,,7812.0,1,,1
30419,DEX ONE Corp,2013-03-18,2009-05-28,2,2009-05-28;2013-03-18,8K_FTS+8K_SUBMISSIONS+LOPUCKI,11,7310,1,0,1
1367396,SUPERMEDIA INC.,2013-03-18,2009-03-31,2,2009-03-31;2013-03-18,8K_FTS+8K_SUBMISSIONS+LOPUCKI,11,7310,1,0,1
1551510,"Revel AC, Inc. (2013)",2013-03-25,,2,2013-03-25;2014-06-19,8K_FTS+8K_SUBMISSIONS+LOPUCKI,11,7011,1,2,1
1288359,OTELCO INC.,2013-03-25,,1,2013-03-25,8K_FTS+8K_SUBMISSIONS,,4813,1,,1
1341843,"POLYMEDIX, INC",2013-04-01,,1,2013-04-01,8K_FTS+8K_SUBMISSIONS,,2834,1,,1
1127342,GMX RESOURCES INC,2013-04-01,,1,2013-04-01,8K_FTS+8K_SUBMISSIONS+LOPUCKI,11,1311,1,0,1
1173313,"ECOLOGY COATINGS, INC.  (ABVC)",2013-04-03,,2,2013-04-03;2014-10-24,8K_FTS+8K_SUBMISSIONS,,5084,1,,1
1020448,IMPERIAL PETROLEUM RECOVERY CORP,2013-04-05,,1,2013-04-05,8K_FTS+8K_SUBMISSIONS,,3533,1,,1
1046880,Central European Distribution Corporation,2013-04-07,,1,2013-04-07,8K_FTS+8K_SUBMISSIONS+LOPUCKI,11,5180,1,1,1
356870,"Indigo-Energy, Inc.",2013-04-08,,1,2013-04-08,8K_FTS+8K_SUBMISSIONS,,1311,1,,1
1175108,ROTECH HEALTHCARE INC,2013-04-08,,1,2013-04-08,8K_FTS+8K_SUBMISSIONS+LOPUCKI,11,8082,1,0,1
25354,CPI CORP,2013-04-16,,1,2013-04-16,8K_FTS+8K_SUBMISSIONS,,7200.0,1,,1
1076700,"KIT digital, Inc.",2013-04-25,,1,2013-04-25,8K_FTS+8K_SUBMISSIONS+LOPUCKI,11,8900,1,1,1
1064015,AMERITRANS CAPITAL CORP,2013-05-01,,1,2013-05-01,8K_FTS+8K_SUBMISSIONS,,,1,,1
1556739,"DEX MEDIA, INC.  (THRY)",2013-05-03,,2,2013-05-03;2016-05-16,8K_FTS+8K_SUBMISSIONS,,7310,1,,1
870398,SBM CERTIFICATE CO,2013-05-03,,1,2013-05-03,8K_FTS+8K_SUBMISSIONS,,,1,,1
1176325,Skinny Nutritional Corp.,2013-05-08,,1,2013-05-08,8K_FTS+8K_SUBMISSIONS,,5141,1,,1
1014052,"Digerati Technologies, Inc.  (DTGI)",2013-06-05,,1,2013-06-05,8K_FTS+8K_SUBMISSIONS,,4813,1,,1
1177070,MOUNTAIN NATIONAL BANCSHARES INC,2013-06-10,,1,2013-06-10,8K_FTS+8K_SUBMISSIONS,,6021,1,,1
813781,EXIDE TECHNOLOGIES,2013-06-10,2002-04-15,2,2002-04-15;2013-06-10,8K_FTS+8K_SUBMISSIONS+LOPUCKI,11,3690,1,0,1
1375424,"OnCure Holdings, Inc.",2013-06-14,,1,2013-06-14,LOPUCKI,11,8011,1,,1
896842,ORCHARD SUPPLY HARDWARE STORES CORP,2013-06-17,,1,2013-06-17,8K_FTS+8K_SUBMISSIONS+LOPUCKI,11,5200,1,0,1
1289701,"Mercantile Bancorp, Inc.",2013-06-27,,1,2013-06-27,LOPUCKI,11,6021,1,,1
1178336,Hoku Corporation,2013-07-02,,1,2013-07-02,LOPUCKI,7,3690,1,,1
352747,UNIGENE LABORATORIES INC,2013-07-02,,1,2013-07-02,8K_FTS+8K_SUBMISSIONS,,2833,1,,1
1368218,"Tootie Pie Company, Inc.",2013-07-09,,1,2013-07-09,8K_FTS+8K_SUBMISSIONS,,2050,1,,1
1331427,"AgFeed Industries, Inc.",2013-07-15,,1,2013-07-15,8K_FTS+8K_SUBMISSIONS,,0200,1,,1
1303849,"Avantair, Inc",2013-07-30,,1,2013-07-30,8K_FTS+8K_SUBMISSIONS,,4522,1,,1
18172,A. M. Castle & Co.,2013-07-30,,2,2013-07-30;2017-06-18,8K_SUBMISSIONS,,5051.0,1,,1
1262751,GRYPHON GOLD CORP,2013-08-01,,1,2013-08-01,8K_FTS+8K_SUBMISSIONS,,1040,1,,1
852570,GLOBAL AXCESS CORP,2013-08-06,,1,2013-08-06,8K_FTS+8K_SUBMISSIONS,,7389,1,,1
885322,Anchor BanCorp Wisconsin Inc.,2013-08-12,,1,2013-08-12,8K_FTS+8K_SUBMISSIONS+LOPUCKI,11,6036,1,1,1
1439133,"Windstream Technologies, Inc.",2013-08-16,,1,2013-08-16,8K_SUBMISSIONS,,3612.0,1,,1
1392477,XTREME GREEN PRODUCTS INC.,2013-08-28,,1,2013-08-28,8K_FTS+8K_SUBMISSIONS,,3711,1,,1
1389115,Innolog Holdings Corp.,2013-09-05,,1,2013-09-05,8K_FTS+8K_SUBMISSIONS,,7373,1,,1
50957,"Furniture Brands International, Inc. (2013)",2013-09-09,,1,2013-09-09,8K_FTS+8K_SUBMISSIONS+LOPUCKI,11,2510,1,1,1
1301206,"ECOTALITY, INC.",2013-09-17,,1,2013-09-17,8K_FTS+8K_SUBMISSIONS,,3621,1,,1
1451951,FriendFinder Networks Inc.,2013-09-17,,1,2013-09-17,8K_FTS+8K_SUBMISSIONS+LOPUCKI,11,7370,1,92,1
1127358,Colorado 2000B Limited Partnership,2013-09-18,,1,2013-09-18,8K_FTS+8K_SUBMISSIONS,,1381,1,,1
1042582,Eastern 1997D Limited Partnership,2013-09-18,,1,2013-09-18,8K_FTS+8K_SUBMISSIONS,,1381,1,,1
1224923,Colorado 2002A Limited Partnership,2013-09-18,,1,2013-09-18,8K_FTS+8K_SUBMISSIONS,,1382,1,,1
1156221,Colorado 2001A Limited Partnership,2013-09-18,,1,2013-09-18,8K_FTS+8K_SUBMISSIONS,,1381,1,,1
1127362,Colorado 2000D Limited Partnership,2013-09-18,,1,2013-09-18,8K_FTS+8K_SUBMISSIONS,,1381,1,,1
1156220,Colorado 2001C Limited Partnership,2013-09-18,,1,2013-09-18,8K_FTS+8K_SUBMISSIONS,,1381,1,,1
1093942,CO & PA 1999D Limited Partnership,2013-09-18,,1,2013-09-18,8K_FTS+8K_SUBMISSIONS,,1381,1,,1
1156218,Colorado 2001B Limited Partnership,2013-09-18,,1,2013-09-18,8K_FTS+8K_SUBMISSIONS,,1381,1,,1
1127360,Colorado 2000C Limited Partnership,2013-09-18,,1,2013-09-18,8K_FTS+8K_SUBMISSIONS,,1381,1,,1
1156216,Colorado 2001D Limited Partnership,2013-09-18,,1,2013-09-18,8K_FTS+8K_SUBMISSIONS,,1381,1,,1
1031999,Eastern 1996D Limited Partnership,2013-09-18,,1,2013-09-18,8K_FTS+8K_SUBMISSIONS,,1381,1,,1
1080504,Eastern 1998D Limited Partnership,2013-09-18,,1,2013-09-18,8K_FTS+8K_SUBMISSIONS,,1311,1,,1
1506932,Lone Pine Resources Inc.,2013-09-25,,1,2013-09-25,8K_FTS+8K_SUBMISSIONS,,1311,1,,1
1368900,"GateHouse Media, Inc.",2013-09-27,,1,2013-09-27,8K_FTS+8K_SUBMISSIONS+LOPUCKI,11,2711,1,0,1
830741,"VHGI HOLDINGS, INC.",2013-09-30,,1,2013-09-30,8K_FTS+8K_SUBMISSIONS,,7373,1,,1
722104,SAVIENT PHARMACEUTICALS INC,2013-10-15,,1,2013-10-15,8K_FTS+8K_SUBMISSIONS,,2833,1,,1
1332412,"VALLEY FORGE COMPOSITE TECHNOLOGIES, INC.",2013-10-15,,1,2013-10-15,8K_FTS+8K_SUBMISSIONS,,3812,1,,1
1014763,"AMARILLO BIOSCIENCES INC  (AIMD, AIMDW)",2013-11-01,,1,2013-11-01,8K_FTS+8K_SUBMISSIONS,,2834,1,,1
944739,TRANSWITCH CORP /DE,2013-11-21,,1,2013-11-21,8K_FTS+8K_SUBMISSIONS,,3674,1,,1
1058767,BIOMODA INC/NM,2013-11-25,,1,2013-11-25,8K_FTS+8K_SUBMISSIONS,,8060,1,,1
1355128,OCZ TECHNOLOGY GROUP INC,2013-12-06,,1,2013-12-06,8K_FTS+8K_SUBMISSIONS,,3572,1,,1
1166126,"Old COPPER Company, Inc.",2014-01-28,,2,2014-01-28;2020-05-15,8K_SUBMISSIONS,,5311.0,1,,1
1045309,W R GRACE & CO,2014-02-07,2001-04-02,2,2001-04-02;2014-02-07,8K_FTS+8K_SUBMISSIONS,,2800,1,,1
946090,First Mariner Bancorp,2014-02-10,,1,2014-02-10,8K_FTS+8K_SUBMISSIONS+LOPUCKI,11,6022,1,2,1
1324759,Cereplast Inc  (HGYN),2014-02-12,,1,2014-02-12,8K_FTS+8K_SUBMISSIONS,,2821,1,,1
1121783,AMERICAN SPECTRUM REALTY INC,2014-02-21,,1,2014-02-21,8K_FTS+8K_SUBMISSIONS+LOPUCKI,11,6798,1,-357,1
1065059,USEC INC  (LEU),2014-03-05,,1,2014-03-05,8K_FTS+8K_SUBMISSIONS+LOPUCKI,11,1400,1,0,1
869487,TANDY BRANDS ACCESSORIES INC,2014-03-17,,1,2014-03-17,8K_FTS+8K_SUBMISSIONS,,2300,1,,1
1163332,VERTICAL HEALTH SOLUTIONS INC,2014-03-17,,1,2014-03-17,8K_FTS+8K_SUBMISSIONS,,5047,1,,1
1441567,MModal Inc.,2014-03-20,,1,2014-03-20,LOPUCKI,11,7374,1,,1
1396838,Dolan Company,2014-03-23,,1,2014-03-23,8K_FTS+8K_SUBMISSIONS+LOPUCKI,11,7389,1,1,1
1311486,"Global Geophysical Services, Inc.",2014-03-25,,2,2014-03-25;2016-08-03,8K_FTS+8K_SUBMISSIONS+LOPUCKI,11,1382,1,2,1
1297720,James River Coal Company,2014-04-07,,1,2014-04-07,8K_FTS+8K_SUBMISSIONS+LOPUCKI,11,1221,1,1,1
1018005,COLDWATER CREEK INC,2014-04-11,,1,2014-04-11,8K_FTS+8K_SUBMISSIONS+LOPUCKI,11,5621,1,0,1
1405041,Momentive Performance Materials Inc.,2014-04-13,,1,2014-04-13,8K_FTS+8K_SUBMISSIONS+LOPUCKI,11,2860,1,2,1
928375,Dutch Gold Resources Inc,2014-04-17,2004-12-29,2,2004-12-29;2014-04-17,8K_FTS+8K_SUBMISSIONS,,5160,1,,1
1326200,GENCO SHIPPING & TRADING LTD  (GNK),2014-04-21,,1,2014-04-21,8K_FTS+8K_SUBMISSIONS+LOPUCKI,11,4412,1,0,1
941020,GENELINK INC,2014-04-22,,1,2014-04-22,8K_FTS+8K_SUBMISSIONS,,8071,1,,1
1023291,Energy Future Holdings Corp.,2014-04-29,,2,2014-04-29;2015-12-11,LOPUCKI,11,4911,1,,1
1275712,"GSE Holding, Inc.",2014-05-05,,1,2014-05-05,8K_FTS+8K_SUBMISSIONS,,3081,1,,1
1436164,"Oryon Technologies, Inc.",2014-05-08,,1,2014-05-08,8K_FTS+8K_SUBMISSIONS,,3640,1,,1
924095,WATERSIDE CAPITAL CORP  (MVCO),2014-06-03,,1,2014-06-03,8K_FTS+8K_SUBMISSIONS,,6199.0,1,,1
739878,"KID BRANDS, INC",2014-06-19,,1,2014-06-19,8K_FTS+8K_SUBMISSIONS,,3990,1,,1
1281984,"Decentral Life, Inc.",2014-06-27,,1,2014-06-27,8K_SUBMISSIONS,,6199.0,1,,1
1476719,"Crumbs Bake Shop, Inc.",2014-07-16,,1,2014-07-16,8K_FTS+8K_SUBMISSIONS,,5400,1,,1
1047919,AMBIENT CORP /NY,2014-07-29,,1,2014-07-29,8K_FTS+8K_SUBMISSIONS,,4813,1,,1
1322439,Eagle Bulk Shipping Inc.,2014-08-06,,1,2014-08-06,8K_FTS+8K_SUBMISSIONS+LOPUCKI,11,4412,1,0,1
1514443,"HEALTH REVENUE ASSURANCE HOLDINGS, INC.  (AGSS)",2014-08-12,,1,2014-08-12,8K_FTS+8K_SUBMISSIONS,,6411,1,,1
1423107,"BOLDFACE GROUP, INC.",2014-09-08,,1,2014-09-08,8K_FTS+8K_SUBMISSIONS,,5912,1,,1
1554594,A.C. Simmonds & Sons,2014-09-09,,1,2014-09-09,8K_FTS+8K_SUBMISSIONS,,5140,1,,1
943320,"Trump Entertainment Resorts, Inc. (2014)",2014-09-09,2009-02-17,3,2004-11-21;2009-02-17;2014-09-09,LOPUCKI,11,7011,1,,1
1100202,LENCO MOBILE INC.,2014-09-11,,1,2014-09-11,8K_FTS+8K_SUBMISSIONS,,7310,1,,1
1037016,NII HOLDINGS INC,2014-09-15,,1,2014-09-15,8K_FTS+8K_SUBMISSIONS+LOPUCKI,11,4812,1,0,1
1010086,SIGA TECHNOLOGIES INC  (SIGA),2014-09-18,,2,2014-09-18;2016-04-14,8K_FTS+8K_SUBMISSIONS,,2834,1,,1
1518909,"Black Elk Energy Offshore Operations, LLC",2014-09-19,,1,2014-09-19,8K_SUBMISSIONS+LOPUCKI,11,1311.0,1,-326,1
357108,ISC8 INC. /DE,2014-09-24,,1,2014-09-24,8K_FTS+8K_SUBMISSIONS,,7373,1,,1
1405424,VISION INDUSTRIES CORP,2014-09-25,,1,2014-09-25,8K_FTS+8K_SUBMISSIONS,,3537,1,,1
1140414,"Legend Oil & Gas, Ltd.",2014-09-25,,1,2014-09-25,8K_FTS+8K_SUBMISSIONS,,1381,1,,1
1394954,GT Advanced Technologies Inc.,2014-10-06,,2,2014-10-06;2016-03-14,8K_FTS+8K_SUBMISSIONS+LOPUCKI,11,3674,1,4,1
1112412,Endeavour International Corporation,2014-10-10,,1,2014-10-10,8K_FTS+8K_SUBMISSIONS+LOPUCKI,11,1311,1,4,1
30302,ALCO STORES INC,2014-10-14,,1,2014-10-14,8K_FTS+8K_SUBMISSIONS,,5331,1,,1
826773,"UniTek Global Services, Inc.",2014-11-03,,1,2014-11-03,8K_FTS+8K_SUBMISSIONS,,4812,1,,1
1107332,DENDREON CORP,2014-11-10,,1,2014-11-10,8K_FTS+8K_SUBMISSIONS+LOPUCKI,11,2834,1,0,1
1418862,Kior Inc,2014-11-10,,1,2014-11-10,8K_FTS+8K_SUBMISSIONS,,2860,1,,1
1230355,"BAXANO SURGICAL, INC.",2014-11-14,,1,2014-11-14,8K_FTS+8K_SUBMISSIONS,,3841,1,,1
72316,NORD RESOURCES CORP,2014-11-24,,1,2014-11-24,8K_FTS+8K_SUBMISSIONS,,1400,1,,1
1337885,"dELiAs, Inc.",2014-12-10,,1,2014-12-10,8K_FTS+8K_SUBMISSIONS,,5961,1,,1
804154,LITHIUM TECHNOLOGY CORP,2014-12-11,,1,2014-12-11,8K_FTS+8K_SUBMISSIONS,,3690,1,,1
1296391,TENGION INC,2014-12-29,,1,2014-12-29,8K_FTS+8K_SUBMISSIONS,,2836,1,,1
1116112,US FUEL CORP,2014-12-30,,1,2014-12-30,8K_FTS+8K_SUBMISSIONS,,2911,1,,1
1379246,BODY CENTRAL CORP,2015-01-09,,1,2015-01-09,8K_FTS+8K_SUBMISSIONS,,5600,1,,1
858395,"Caesars Entertainment Operating Company, Inc.",2015-01-12,,1,2015-01-12,8K_FTS+8K_SUBMISSIONS+LOPUCKI,11,7011,1,3,1
863456,WET SEAL INC,2015-01-16,,1,2015-01-16,8K_FTS+8K_SUBMISSIONS,,5621,1,,1
1137204,"HIPCRICKET, INC.",2015-01-22,,1,2015-01-22,8K_FTS+8K_SUBMISSIONS,,3669,1,,1
1541354,"Twin Cities Power Holdings, LLC",2015-01-22,,2,2015-01-22;2017-07-31,8K_FTS+8K_SUBMISSIONS,,6221,1,,1
1393631,Xhibit Corp.,2015-01-23,,1,2015-01-23,8K_FTS+8K_SUBMISSIONS,,7310,1,,1
49534,LIFE PARTNERS HOLDINGS INC,2015-01-26,,2,2015-01-26;2016-11-07,8K_FTS+8K_SUBMISSIONS,,6311,1,,1
96289,RadioShack Corporation,2015-02-05,,1,2015-02-05,8K_FTS+8K_SUBMISSIONS+LOPUCKI,11,5731,1,6,1
1106935,IVANHOE ENERGY INC,2015-02-26,,1,2015-02-26,8K_FTS+8K_SUBMISSIONS,,1311,1,,1
840889,DORAL FINANCIAL CORP,2015-03-02,,1,2015-03-02,8K_FTS+8K_SUBMISSIONS+LOPUCKI,11,6029,1,-9,1
1377053,AtheroNova Inc.,2015-03-03,,1,2015-03-03,8K_FTS+8K_SUBMISSIONS,,2834,1,,1
1364100,"Cal Dive International, Inc.",2015-03-03,,1,2015-03-03,8K_FTS+8K_SUBMISSIONS+LOPUCKI,11,1389,1,6,1
1383960,"UNIVERSITY GENERAL HEALTH SYSTEM, INC.",2015-03-05,,1,2015-03-05,8K_FTS+8K_SUBMISSIONS,,8060,1,,1
1100592,"ASSURED PHARMACY, INC.",2015-03-09,,1,2015-03-09,8K_FTS+8K_SUBMISSIONS,,5912,1,,1
1023734,"BPZ Resources, Inc.",2015-03-09,,1,2015-03-09,8K_FTS+8K_SUBMISSIONS+LOPUCKI,11,1311,1,1,1
1376610,Allied Nevada Gold Corp.,2015-03-10,,1,2015-03-10,8K_FTS+8K_SUBMISSIONS+LOPUCKI,11,1040,1,0,1
1092839,DUNE ENERGY INC,2015-03-12,,1,2015-03-12,8K_FTS+8K_SUBMISSIONS,,1389,1,,1
93456,Standard Register Company,2015-03-12,,1,2015-03-12,8K_FTS+8K_SUBMISSIONS+LOPUCKI,11,2761,1,1,1
1060990,QUICKSILVER RESOURCES INC,2015-03-17,,2,2015-03-17;2016-08-22,8K_FTS+8K_SUBMISSIONS+LOPUCKI,11,1311,1,0,1
1487920,USA Synthetic Fuel Corp,2015-03-23,,1,2015-03-23,8K_FTS+8K_SUBMISSIONS,,4924,1,,1
1532543,"EveryWare Global, Inc.",2015-04-08,,1,2015-04-08,8K_FTS+8K_SUBMISSIONS,,5020,1,,1
1431888,"AVT, Inc.",2015-05-04,,1,2015-05-04,8K_FTS+8K_SUBMISSIONS,,3580,1,,1
1066134,"Corinthian Colleges, Inc.",2015-05-04,,1,2015-05-04,8K_FTS+8K_SUBMISSIONS+LOPUCKI,11,8200,1,2,1
1282613,AMERICAN EAGLE ENERGY Corp,2015-05-12,,1,2015-05-12,8K_FTS+8K_SUBMISSIONS,,1000,1,,1
1494214,"InterCore, Inc.",2015-05-13,,1,2015-05-13,8K_FTS+8K_SUBMISSIONS,,7389,1,,1
1508677,Colt Defense LLC,2015-06-15,,1,2015-06-15,8K_FTS+8K_SUBMISSIONS,,3480,1,,1
1512369,Colt Finance Corp.,2015-06-15,,1,2015-06-15,8K_FTS+8K_SUBMISSIONS,,3480,1,,1
1096339,SARATOGA RESOURCES INC /TX,2015-06-19,2009-04-02,3,2009-04-02;2015-06-19;2016-11-03,8K_FTS+8K_SUBMISSIONS,,1382,1,,1
1319009,Midway Gold Corp,2015-06-22,,1,2015-06-22,8K_FTS+8K_SUBMISSIONS,,1040,1,,1
1259550,LOCAL Corp,2015-06-24,,1,2015-06-24,8K_FTS+8K_SUBMISSIONS,,7389,1,,1
1489137,"Molycorp, Inc.",2015-06-25,,1,2015-06-25,8K_FTS+8K_SUBMISSIONS+LOPUCKI,11,1000,1,5,1
1530796,"Milagro Oil & Gas, Inc.",2015-07-15,,1,2015-07-15,LOPUCKI,11,1311,1,,1
38079,SABINE OIL & GAS CORP,2015-07-15,,2,2015-07-15;2016-08-03,8K_FTS+8K_SUBMISSIONS+LOPUCKI,11,1311,1,0,1
837173,"Walter Energy, Inc.",2015-07-15,,1,2015-07-15,8K_FTS+8K_SUBMISSIONS+LOPUCKI,11,1220,1,0,1
1301063,"Alpha Natural Resources, Inc.",2015-08-03,,1,2015-08-03,8K_FTS+8K_SUBMISSIONS+LOPUCKI,11,1221,1,0,1
785968,"Miller Energy Resources, Inc.",2015-08-06,,1,2015-08-06,8K_FTS+8K_SUBMISSIONS+LOPUCKI,11,1311,1,61,1
1124608,RESPONSE GENETICS INC,2015-08-11,,1,2015-08-11,8K_FTS+8K_SUBMISSIONS,,2835,1,,1
1330849,"Hercules Offshore, Inc.",2015-08-13,,1,2015-08-13,8K_FTS+8K_SUBMISSIONS+LOPUCKI,11,1381,1,4,1
1452476,"Sebring Software, Inc.",2015-08-27,,1,2015-08-27,8K_FTS+8K_SUBMISSIONS,,8011,1,,1
851726,Santa Fe Gold CORP,2015-08-28,,1,2015-08-28,8K_FTS+8K_SUBMISSIONS,,1000,1,,1
1081074,"Armada Oil, Inc.",2015-08-31,,1,2015-08-31,8K_FTS+8K_SUBMISSIONS,,1311,1,,1
1475899,Sable Natural Resources Corp,2015-09-03,,1,2015-09-03,8K_FTS+8K_SUBMISSIONS,,1311,1,,1
805305,"Quiksilver, Inc.",2015-09-09,,1,2015-09-09,8K_FTS+8K_SUBMISSIONS+LOPUCKI,11,2320,1,2,1
1548691,Samson Resources Corporation,2015-09-16,,1,2015-09-16,LOPUCKI,11,1311,1,,1
1282543,AFFIRMATIVE INSURANCE HOLDINGS INC,2015-09-17,,1,2015-09-17,8K_FTS+8K_SUBMISSIONS,,6331,1,,1
1349976,American Standard Energy Corp.,2015-09-17,,1,2015-09-17,8K_FTS+8K_SUBMISSIONS,,1381,1,,1
1085254,"HII Technologies, Inc.",2015-09-21,2005-03-11,2,2005-03-11;2015-09-21,8K_FTS+8K_SUBMISSIONS,,1382,1,,1
1400000,"ABAKAN, INC",2015-09-25,,1,2015-09-25,8K_FTS+8K_SUBMISSIONS,,3470,1,,1
728249,INTERPHASE CORP,2015-10-01,,1,2015-10-01,8K_FTS+8K_SUBMISSIONS,,3576,1,,1
1336545,"American Apparel, Inc. (2015)",2015-10-05,,2,2015-10-05;2016-11-14,8K_FTS+8K_SUBMISSIONS+LOPUCKI,11,6770,1,3,1
1511139,RAAM Global Energy Company,2015-10-26,,1,2015-10-26,LOPUCKI,11,1311,1,,1
1015979,Bio Nitrogen Holdings Corp,2015-11-04,,1,2015-11-04,8K_FTS+8K_SUBMISSIONS,,5040,1,,1
29834,Escalera Resources Co.,2015-11-09,,1,2015-11-09,8K_FTS+8K_SUBMISSIONS,,1311,1,,1
1124024,FAR EAST ENERGY CORP,2015-11-10,,1,2015-11-10,8K_FTS+8K_SUBMISSIONS,,1311,1,,1
1419428,Vantage Drilling CO,2015-12-03,,1,2015-12-03,8K_FTS+8K_SUBMISSIONS,,1381,1,,1
753048,"AXION INTERNATIONAL HOLDINGS, INC.",2015-12-08,,1,2015-12-08,8K_FTS+8K_SUBMISSIONS,,3086,1,,1
1445049,Energy Future Competitive Holdings Co LLC,2015-12-11,,1,2015-12-11,8K_FTS+8K_SUBMISSIONS,,4911,1,,1
1445146,Energy Future Intermediate Holding CO LLC,2015-12-11,,1,2015-12-11,8K_FTS+8K_SUBMISSIONS,,4911,1,,1
1477472,"Active Health Foods, Inc.",2015-12-14,,1,2015-12-14,8K_FTS+8K_SUBMISSIONS,,2060,1,,1
319156,CUBIC ENERGY INC,2015-12-14,,1,2015-12-14,8K_FTS+8K_SUBMISSIONS,,1381,1,,1
1335190,MAGNUM HUNTER RESOURCES CORP,2015-12-15,,1,2015-12-15,8K_FTS+8K_SUBMISSIONS+LOPUCKI,11,1311,1,0,1
1293310,KALOBIOS PHARMACEUTICALS INC,2015-12-30,,2,2015-12-30;2024-01-08,8K_FTS+8K_SUBMISSIONS,,2834,1,,1
351817,Swift Energy Company,2015-12-31,,1,2015-12-31,8K_FTS+8K_SUBMISSIONS+LOPUCKI,11,1311,1,4,1
863894,VERU INC.,2016-01-04,,1,2016-01-04,8K_SUBMISSIONS,,2834.0,1,,1
745543,"All State Properties Holdings, Inc.  (PBAJ)",2016-01-04,,1,2016-01-04,8K_FTS+8K_SUBMISSIONS,,2834,1,,1
1037676,ARCH COAL INC  (ARCH),2016-01-11,,1,2016-01-11,8K_FTS+8K_SUBMISSIONS+LOPUCKI,11,1221,1,0,1
1109153,"TRISTAR WELLNESS SOLUTIONS, INC.",2016-01-15,,2,2016-01-15;2017-12-28,8K_FTS+8K_SUBMISSIONS,,9995,1,,1
1421182,Verso Corp,2016-01-26,,1,2016-01-26,8K_FTS+8K_SUBMISSIONS+LOPUCKI,11,2621,1,0,1
1395864,Verso Paper Holdings LLC,2016-01-26,,1,2016-01-26,8K_FTS+8K_SUBMISSIONS,,2670,1,,1
1568832,RCS Capital Corporation,2016-01-31,,1,2016-01-31,8K_FTS+8K_SUBMISSIONS+LOPUCKI,11,6211,1,4,1
1091596,"Nuo Therapeutics, Inc.  (AURX)",2016-02-01,,1,2016-02-01,8K_FTS+8K_SUBMISSIONS,,3841,1,,1
919013,WAVE SYSTEMS CORP,2016-02-01,,1,2016-02-01,8K_FTS+8K_SUBMISSIONS,,3577,1,,1
1553588,"SFX Entertainment, Inc.",2016-02-01,,1,2016-02-01,8K_FTS+8K_SUBMISSIONS+LOPUCKI,11,7900,1,4,1
1562594,"Liquid Holdings Group, Inc.",2016-02-02,,1,2016-02-02,8K_FTS+8K_SUBMISSIONS,,7372,1,,1
1385544,Horsehead Holding Corp,2016-02-02,,1,2016-02-02,8K_FTS+8K_SUBMISSIONS+LOPUCKI,11,3330,1,0,1
812906,HANCOCK FABRICS INC,2016-02-02,2008-08-01,4,2007-03-21;2008-08-01;2016-02-02;2017-08-02,8K_FTS+8K_SUBMISSIONS,,5940,1,,1
1422105,Noranda Aluminum Holding Corporation,2016-02-08,,1,2016-02-08,LOPUCKI,11,3334,1,,1
1594590,Paragon Offshore plc,2016-02-14,,2,2016-02-14;2017-05-17,8K_FTS+8K_SUBMISSIONS+LOPUCKI,11,1381,1,2,1
1465872,VANTAGE DRILLING INTERNATIONAL  (VTDRF),2016-02-17,,1,2016-02-17,8K_FTS+8K_SUBMISSIONS,,1381,1,,1
1159154,Republic Airways Holdings Inc.,2016-02-25,,1,2016-02-25,8K_FTS+8K_SUBMISSIONS+LOPUCKI,11,4512,1,1,1
1582054,MILLENNIUM HEALTHCARE INC.,2016-03-01,,1,2016-03-01,8K_FTS+8K_SUBMISSIONS,,5047,1,,1
1410056,"GreenHunter Resources, Inc.",2016-03-04,,1,2016-03-04,8K_FTS+8K_SUBMISSIONS,,2860,1,,1
1086303,PACIFIC WEBWORKS INC  (HCIL),2016-03-07,,1,2016-03-07,8K_FTS+8K_SUBMISSIONS,,7372,1,,1
1506545,Aspect Software Parent Inc.,2016-03-09,,1,2016-03-09,LOPUCKI,11,7371,1,,1
1560443,New Source Energy Partners L.P.,2016-03-15,,1,2016-03-15,LOPUCKI,7,1311,1,,1
1313024,"Venoco, Inc. (Denver Parent Corp.)",2016-03-18,,1,2016-03-18,8K_FTS+8K_SUBMISSIONS+LOPUCKI,11,1311,1,6,1
1283843,"Emerald Oil, Inc.",2016-03-22,,1,2016-03-22,8K_FTS+8K_SUBMISSIONS+LOPUCKI,11,1311,1,1,1
1166380,"QUANTUM FUEL SYSTEMS TECHNOLOGIES WORLDWIDE, INC.",2016-03-23,2007-01-19,2,2007-01-19;2016-03-23,8K_FTS+8K_SUBMISSIONS,,3714,1,,1
1422109,"Blue Earth, Inc.",2016-03-24,,1,2016-03-24,8K_FTS+8K_SUBMISSIONS,,4991,1,,1
1588242,DENVER PARENT Corp,2016-03-24,,1,2016-03-24,8K_FTS+8K_SUBMISSIONS,,1311,1,,1
1473061,PostRock Energy Corp,2016-04-01,,1,2016-04-01,8K_FTS+8K_SUBMISSIONS,,1311,1,,1
874841,PACIFIC SUNWEAR OF CALIFORNIA INC,2016-04-08,,1,2016-04-08,8K_FTS+8K_SUBMISSIONS,,5600,1,,1
1129048,"WeedHire International, Inc.",2016-04-08,,1,2016-04-08,8K_FTS+8K_SUBMISSIONS,,7389,1,,1
1064728,PEABODY ENERGY CORP  (BTU),2016-04-13,,1,2016-04-13,8K_FTS+8K_SUBMISSIONS+LOPUCKI,11,1221,1,0,1
1343719,Energy XXI Ltd,2016-04-14,,1,2016-04-14,8K_FTS+8K_SUBMISSIONS+LOPUCKI,11,1382,1,0,1
1346526,"ESP Resources, Inc.",2016-04-14,,2,2016-04-14;2022-06-06,8K_FTS+8K_SUBMISSIONS,,2800,1,,1
943861,GOODRICH PETROLEUM CORP,2016-04-15,,1,2016-04-15,8K_FTS+8K_SUBMISSIONS,,1311,1,,1
945436,"SunEdison, Inc.",2016-04-21,,1,2016-04-21,8K_FTS+8K_SUBMISSIONS+LOPUCKI,11,3674,1,6,1
1022646,Ultra Petroleum Corp. (2016),2016-04-29,,2,2016-04-29;2020-05-14,8K_FTS+8K_SUBMISSIONS+LOPUCKI,11,1311,1,4,1
1533924,"Midstates Petroleum Company, Inc.",2016-04-30,,1,2016-04-30,8K_FTS+8K_SUBMISSIONS+LOPUCKI,11,1311,1,2,1
1385228,"BIND Therapeutics, Inc",2016-05-02,,1,2016-05-02,8K_FTS+8K_SUBMISSIONS,,2834,1,,1
1555492,Fairway Group Holdings Corp.,2016-05-02,,1,2016-05-02,8K_FTS+8K_SUBMISSIONS+LOPUCKI,11,5411,1,2,1
1338095,"NephroGenex, Inc.",2016-05-02,,1,2016-05-02,8K_FTS+8K_SUBMISSIONS,,2834,1,,1
1168213,"Aeropostale, Inc.",2016-05-04,,1,2016-05-04,8K_FTS+8K_SUBMISSIONS+LOPUCKI,11,5600,1,2,1
1586300,CHC Group Ltd.,2016-05-05,,1,2016-05-05,8K_FTS+8K_SUBMISSIONS+LOPUCKI,11,4522,1,0,1
1346980,"Chaparral Energy, Inc.",2016-05-09,,2,2016-05-09;2020-08-16,8K_FTS+8K_SUBMISSIONS+LOPUCKI,11,1311,1,0,1
1132143,LEGEND INTERNATIONAL HOLDINGS INC,2016-05-09,,1,2016-05-09,8K_FTS+8K_SUBMISSIONS,,1040,1,,1
844985,POSITRON CORP,2016-05-10,,2,2016-05-10;2018-08-01,8K_FTS+8K_SUBMISSIONS,,3845,1,,1
1549756,"LinnCo, LLC",2016-05-11,,1,2016-05-11,8K_FTS+8K_SUBMISSIONS,,1311,1,,1
1440153,"Bakhu Holdings, Corp.",2016-05-11,,1,2016-05-11,8K_SUBMISSIONS,,6794.0,1,,1
1326428,"LINN ENERGY, LLC",2016-05-11,,1,2016-05-11,8K_FTS+8K_SUBMISSIONS+LOPUCKI,11,1311,1,0,1
778438,"Berry Petroleum Company, LLC",2016-05-11,,1,2016-05-11,8K_FTS+8K_SUBMISSIONS,,1311,1,,1
77159,PENN VIRGINIA CORP,2016-05-12,,1,2016-05-12,8K_FTS+8K_SUBMISSIONS+LOPUCKI,11,1311,1,0,1
1357371,Breitburn Energy Partners LP,2016-05-15,,2,2016-05-15;2018-03-28,8K_FTS+8K_SUBMISSIONS+LOPUCKI,11,1311,1,1,1
1418115,Verity Corp.,2016-05-16,,1,2016-05-16,8K_FTS+8K_SUBMISSIONS,,0200,1,,1
1349436,SANDRIDGE ENERGY INC  (SD),2016-05-16,,1,2016-05-16,8K_FTS+8K_SUBMISSIONS+LOPUCKI,11,1311,1,0,1
1613011,Code Rebel Corp,2016-05-19,,1,2016-05-19,8K_FTS+8K_SUBMISSIONS,,7372,1,,1
320174,Perseon Corp,2016-05-23,,1,2016-05-23,8K_FTS+8K_SUBMISSIONS,,3845,1,,1
892986,WARREN RESOURCES INC,2016-06-03,,1,2016-06-03,8K_FTS+8K_SUBMISSIONS,,1311,1,,1
1532930,Seventy Seven Energy Inc.,2016-06-07,,1,2016-06-07,8K_FTS+8K_SUBMISSIONS+LOPUCKI,11,1389,1,0,1
796764,"PREMIER EXHIBITIONS, INC.",2016-06-14,,2,2016-06-14;2019-10-18,8K_FTS+8K_SUBMISSIONS,,7900,1,,1
1506374,"ARABELLA EXPLORATION, INC.",2016-06-22,,1,2016-06-22,8K_FTS+8K_SUBMISSIONS,,1311,1,,1
1281922,Triangle Petroleum Corp. (Triangle USA Petroleum Corp. only),2016-06-29,,1,2016-06-29,8K_FTS+8K_SUBMISSIONS+LOPUCKI,11,1311,1,1,1
1023994,"SG BLOCKS, INC.  (SGBX)",2016-07-07,,2,2016-07-07;2026-05-04,8K_FTS+8K_SUBMISSIONS,,5030,1,,1
1581312,"Core Resource Management, Inc.",2016-07-07,,1,2016-07-07,8K_FTS+8K_SUBMISSIONS,,1382,1,,1
1021096,ROOMLINX INC,2016-07-12,,2,2016-07-12;2023-12-07,8K_FTS+8K_SUBMISSIONS,,4841,1,,1
1410711,"Armco Metals Holdings, Inc.",2016-07-12,,1,2016-07-12,8K_FTS+8K_SUBMISSIONS,,5050,1,,1
1615817,C&J Energy Services Ltd.,2016-07-20,,1,2016-07-20,8K_FTS+8K_SUBMISSIONS+LOPUCKI,11,1389,1,1,1
1025953,"NOVATION COMPANIES, INC.",2016-07-22,2008-09-15,3,2008-09-15;2016-07-22;2023-08-16,8K_FTS+8K_SUBMISSIONS,,6531.0,1,,1
1135906,"EPIRUS Biopharmaceuticals, Inc.",2016-07-25,,1,2016-07-25,8K_FTS+8K_SUBMISSIONS,,2834,1,,1
1532750,"Atlas Resource Partners, L.P.",2016-07-27,,1,2016-07-27,8K_FTS+8K_SUBMISSIONS+LOPUCKI,11,1381,1,1,1
1282648,Halcon Resources Corporation,2016-07-27,,2,2016-07-27;2019-08-07,8K_FTS+8K_SUBMISSIONS+LOPUCKI,11,1311,1,1,1
1336339,Atlas America Public #14-2005 (A) L.P.,2016-07-28,,1,2016-07-28,8K_FTS+8K_SUBMISSIONS,,1311,1,,1
1335236,Atlas America Public #15-2005 (A) L.P.,2016-07-28,,1,2016-07-28,8K_FTS+8K_SUBMISSIONS,,1311,1,,1
1433833,Atlas Resources Public #18-2009 (C) L.P.,2016-07-28,,1,2016-07-28,8K_FTS+8K_SUBMISSIONS,,1311,1,,1
1432985,Atlas Resources Public #18-2009 (B) L.P.,2016-07-28,,1,2016-07-28,8K_FTS+8K_SUBMISSIONS,,1311,1,,1
1432987,Atlas Resources Public #18-2008 (A) L.P.,2016-07-28,,1,2016-07-28,8K_FTS+8K_SUBMISSIONS,,1311,1,,1
1121745,ATLAS AMERICA PUBLIC #9 LTD.,2016-07-28,,1,2016-07-28,8K_FTS+8K_SUBMISSIONS,,1382,1,,1
1342514,Atlas America Series 26-2005 L.P.,2016-07-28,,1,2016-07-28,8K_FTS+8K_SUBMISSIONS,,1311,1,,1
1399542,Atlas Resources Public #17-2007 (A) L.P.,2016-07-28,,1,2016-07-28,8K_FTS+8K_SUBMISSIONS,,1311,1,,1
1283810,ATLAS AMERICA SERIES 25-2004 (A) L.P.,2016-07-28,,1,2016-07-28,8K_FTS+8K_SUBMISSIONS,,1311,1,,1
1399541,Atlas Resources Public #17-2008 (B) L.P.,2016-07-28,,1,2016-07-28,8K_FTS+8K_SUBMISSIONS,,1311,1,,1
1238289,ATLAS AMERICA PUBLIC #12-2003 Limited Partnership,2016-07-28,,1,2016-07-28,8K_FTS+8K_SUBMISSIONS,,1311,1,,1
1294208,ATLAS AMERICA SERIES 25-2004 (B) L.P.,2016-07-28,,1,2016-07-28,8K_FTS+8K_SUBMISSIONS,,1311,1,,1
1175028,ATLAS AMERICA PUBLIC #11-2002 LTD.,2016-07-28,,1,2016-07-28,8K_FTS+8K_SUBMISSIONS,,1311,1,,1
1379763,Atlas America Series 27-2006 L.P.,2016-07-28,,1,2016-07-28,8K_FTS+8K_SUBMISSIONS,,1311,1,,1
1374985,Atlas Resources Public #16-2007 (A) L.P.,2016-07-28,,1,2016-07-28,8K_FTS+8K_SUBMISSIONS,,1311,1,,1
1294476,Atlas America Public #14-2004 L.P.,2016-07-28,,1,2016-07-28,8K_FTS+8K_SUBMISSIONS,,1311,1,,1
1357361,Atlas America Public #15-2006 (B) L.P.,2016-07-28,,1,2016-07-28,8K_FTS+8K_SUBMISSIONS,,1311,1,,1
1623595,"Atlas Energy Group, LLC",2016-07-28,,1,2016-07-28,8K_FTS+8K_SUBMISSIONS,,1311,1,,1
1487561,Atlas Resources Series 28-2010 L.P.,2016-07-28,,1,2016-07-28,8K_FTS+8K_SUBMISSIONS,,1311,1,,1
1157516,ATLAS AMERICA PUBLIC #10 LTD.,2016-07-28,,1,2016-07-28,8K_FTS+8K_SUBMISSIONS,,1381,1,,1
278041,International Shipholding Corporation,2016-08-01,,1,2016-08-01,8K_FTS+8K_SUBMISSIONS+LOPUCKI,11,4412,1,3,1
1383875,"LRI Holdings, Inc.",2016-08-08,,1,2016-08-08,LOPUCKI,11,5812,1,,1
922475,"ITT Educational Services, Inc.",2016-09-16,,1,2016-09-16,8K_FTS+8K_SUBMISSIONS+LOPUCKI,7,8200,1,10,1
776008,"ROCK CREEK PHARMACEUTICALS, INC.",2016-09-28,,1,2016-09-28,8K_FTS+8K_SUBMISSIONS,,2833,1,,1
1171014,COSI INC,2016-09-28,,1,2016-09-28,8K_FTS+8K_SUBMISSIONS,,5812,1,,1
1424328,MULTIMEDIA PLATFORMS INC.,2016-10-05,,1,2016-10-05,8K_FTS+8K_SUBMISSIONS,,7372,1,,1
1068874,IMPLANT SCIENCES CORP,2016-10-11,,1,2016-10-11,8K_FTS+8K_SUBMISSIONS,,3829,1,,1
318996,"Key Energy Services, Inc.",2016-10-24,,1,2016-10-24,8K_FTS+8K_SUBMISSIONS+LOPUCKI,11,1389,1,1,1
1109189,BASIC ENERGY SERVICES INC,2016-10-25,,2,2016-10-25;2021-08-17,8K_FTS+8K_SUBMISSIONS+LOPUCKI,11,1389,1,0,1
1514242,Performance Sports Group Ltd.,2016-10-31,,1,2016-10-31,8K_FTS+8K_SUBMISSIONS+LOPUCKI,11,3949,1,0,1
1490165,Erickson Incorporated,2016-11-08,,1,2016-11-08,8K_FTS+8K_SUBMISSIONS+LOPUCKI,11,3720,1,1,1
887150,HAMPSHIRE GROUP LTD,2016-11-25,,1,2016-11-25,8K_FTS+8K_SUBMISSIONS,,2253,1,,1
1135361,Illinois Power Generating Co,2016-12-09,,1,2016-12-09,8K_FTS+8K_SUBMISSIONS+LOPUCKI,11,4911,1,0,1
904080,STONE ENERGY CORP,2016-12-14,,1,2016-12-14,8K_FTS+8K_SUBMISSIONS+LOPUCKI,11,1311,1,0,1
1407190,Violin Memory Inc,2016-12-19,,1,2016-12-19,8K_FTS+8K_SUBMISSIONS,,3572,1,,1
1367311,"DAKOTA PLAINS HOLDINGS, INC.",2016-12-22,,1,2016-12-22,8K_FTS+8K_SUBMISSIONS,,5171,1,,1
1509589,"Bonanza Creek Energy, Inc.  (CIVI, CIVII, CIVIW)",2017-01-04,,1,2017-01-04,8K_FTS+8K_SUBMISSIONS+LOPUCKI,11,1311,1,0,1
1521847,Memorial Production Partners LP,2017-01-16,,1,2017-01-16,8K_FTS+8K_SUBMISSIONS+LOPUCKI,11,1311,1,1,1
1116521,AVAYA INC,2017-01-19,,1,2017-01-19,8K_FTS+8K_SUBMISSIONS+LOPUCKI,11,3661,1,0,1
1434842,Forbes Energy Services Ltd.,2017-01-22,,1,2017-01-22,8K_FTS+8K_SUBMISSIONS+LOPUCKI,11,1389,1,1,1
1575599,"Azure Midstream Partners, LP",2017-01-30,,1,2017-01-30,8K_FTS+8K_SUBMISSIONS+LOPUCKI,11,4922,1,1,1
1384072,"Vanguard Natural Resources, LLC",2017-02-01,,2,2017-02-01;2019-04-01,8K_FTS+8K_SUBMISSIONS+LOPUCKI,11,1311,1,1,1
1456455,"PFO Global, Inc.",2017-02-06,,1,2017-02-06,8K_FTS+8K_SUBMISSIONS,,3669,1,,1
758743,VIDEO DISPLAY CORP  (VIDE),2017-02-16,,1,2017-02-16,8K_FTS+8K_SUBMISSIONS,,3670,1,,1
1396279,"hhgregg, Inc.",2017-03-06,,1,2017-03-06,8K_FTS+8K_SUBMISSIONS+LOPUCKI,11,5731,1,1,1
1421601,"WESTMOUNTAIN GOLD, INC.",2017-03-07,,1,2017-03-07,8K_FTS+8K_SUBMISSIONS,,1040,1,,1
1490636,"Gordmans Stores, Inc.",2017-03-13,,1,2017-03-13,8K_FTS+8K_SUBMISSIONS,,5600,1,,1
1398702,"Electronic Cigarettes International Group, Ltd.",2017-03-16,,1,2017-03-16,8K_FTS+8K_SUBMISSIONS,,2111,1,,1
1505966,SquareTwo Financial Corporation,2017-03-19,,1,2017-03-19,LOPUCKI,11,7320,1,,1
1088162,MAD CATZ INTERACTIVE INC,2017-03-31,,1,2017-03-31,8K_FTS+8K_SUBMISSIONS,,3944,1,,1
918581,"Ciber, Inc.",2017-04-09,,1,2017-04-09,8K_FTS+8K_SUBMISSIONS+LOPUCKI,11,7371,1,1,1
1476170,Unilife Corp,2017-04-12,,1,2017-04-12,8K_FTS+8K_SUBMISSIONS,,3841,1,,1
1020475,"GRANDPARENTS.COM, INC.",2017-04-17,,1,2017-04-17,8K_FTS+8K_SUBMISSIONS,,7374,1,,1
1602367,Adeptus Health Inc.,2017-04-19,,1,2017-04-19,8K_FTS+8K_SUBMISSIONS+LOPUCKI,11,8060,1,1,1
2178,"ADAMS RESOURCES & ENERGY, INC.  (AE)",2017-04-24,,1,2017-04-24,8K_FTS+8K_SUBMISSIONS,,5172,1,,1
1403433,"America Greener Technologies, Inc.",2017-04-24,,1,2017-04-24,8K_FTS+8K_SUBMISSIONS,,1700,1,,1
1403853,"Nuverra Environmental Solutions, Inc.",2017-05-01,,1,2017-05-01,8K_FTS+8K_SUBMISSIONS+LOPUCKI,11,1389,1,0,1
1496631,First NBC Bank Holding Co,2017-05-04,,1,2017-05-04,8K_FTS+8K_SUBMISSIONS+LOPUCKI,11,6022,1,-7,1
1444310,"AMBICOM HOLDINGS, INC",2017-05-05,,1,2017-05-05,8K_FTS+8K_SUBMISSIONS,,3829,1,,1
1030749,"GulfMark Offshore, Inc.",2017-05-17,,1,2017-05-17,8K_FTS+8K_SUBMISSIONS+LOPUCKI,11,3533,1,1,1
98222,Tidewater Inc.,2017-05-17,,1,2017-05-17,8K_FTS+8K_SUBMISSIONS+LOPUCKI,11,4400,1,1,1
54681,KATY INDUSTRIES INC,2017-05-18,,1,2017-05-18,8K_FTS+8K_SUBMISSIONS,,3559,1,,1
1434589,T3M INC.,2017-05-19,,1,2017-05-19,8K_FTS+8K_SUBMISSIONS,,3711,1,,1
73605,OAKRIDGE HOLDINGS INC,2017-05-23,,1,2017-05-23,8K_FTS+8K_SUBMISSIONS,,3728,1,,1
1503518,"21st Century Oncology Holdings, Inc.",2017-05-25,,1,2017-05-25,LOPUCKI,11,8011,1,,1
1574300,"Content Checked Holdings, Inc.",2017-05-26,,1,2017-05-26,8K_FTS+8K_SUBMISSIONS,,7372,1,,1
1536256,First Capital Real Estate Trust Inc,2017-06-02,,2,2017-06-02;2024-09-17,8K_FTS+8K_SUBMISSIONS,,6798,1,,1
1526796,"Ignite Restaurant Group, Inc.",2017-06-08,,1,2017-06-08,8K_FTS+8K_SUBMISSIONS,,5812,1,,1
786110,Gymboree Corporation (2017),2017-06-11,,2,2017-06-11;2019-01-16,LOPUCKI,11,2300,1,,1
1126294,"GenOn Energy, Inc.",2017-06-14,,1,2017-06-14,8K_FTS+8K_SUBMISSIONS+LOPUCKI,11,4911,1,0,1
1138258,"GENON MID-ATLANTIC, LLC",2017-06-14,2005-12-15,2,2005-12-15;2017-06-14,8K_FTS+8K_SUBMISSIONS,,4911,1,,1
1140761,GENON AMERICAS GENERATION LLC,2017-06-14,2005-12-15,2,2005-12-15;2017-06-14,8K_FTS+8K_SUBMISSIONS,,4911,1,,1
1013871,"NRG ENERGY, INC.  (NRG)",2017-06-14,2002-11-22,2,2002-11-22;2017-06-14,8K_FTS+8K_SUBMISSIONS,,4911,1,,1
1475273,"SOUPMAN, INC.",2017-06-16,,1,2017-06-16,8K_FTS+8K_SUBMISSIONS,,5960,1,,1
1554923,Aina Le'a Inc.,2017-06-30,,1,2017-06-30,8K_FTS+8K_SUBMISSIONS,,6500,1,,1
878802,Quadrant 4 System Corp,2017-07-05,,1,2017-07-05,8K_FTS+8K_SUBMISSIONS,,3669,1,,1
886328,E DIGITAL CORP,2017-07-07,,1,2017-07-07,8K_FTS+8K_SUBMISSIONS,,3674,1,,1
1311230,"TerraVia Holdings, Inc.",2017-08-02,,1,2017-08-02,8K_FTS+8K_SUBMISSIONS,,2860,1,,1
1093207,CROSSROADS SYSTEMS INC,2017-08-14,,1,2017-08-14,8K_FTS+8K_SUBMISSIONS,,3577,1,,1
1171012,Uni-Pixel,2017-08-25,,1,2017-08-25,8K_FTS+8K_SUBMISSIONS,,3679,1,,1
880460,"Perfumania Holdings, Inc.",2017-08-26,,1,2017-08-26,8K_FTS+8K_SUBMISSIONS+LOPUCKI,11,5900,1,3,1
1301712,IRONCLAD PERFORMANCE WEAR CORP,2017-09-11,,1,2017-09-11,8K_FTS+8K_SUBMISSIONS,,5090,1,,1
1577095,"ClubCorp Holdings, Inc.",2017-09-18,,1,2017-09-18,8K_SUBMISSIONS,,7997.0,1,,1
1005414,"Toys R Us, Inc.",2017-09-19,,1,2017-09-19,LOPUCKI,11,5945,1,,1
1166365,Paperweight Development Corp.,2017-10-01,,1,2017-10-01,8K_FTS+8K_SUBMISSIONS+LOPUCKI,11,2670,1,1,1
1383154,"COPsync, Inc.",2017-10-04,,1,2017-10-04,8K_FTS+8K_SUBMISSIONS,,3576,1,,1
1602381,MOMENTOUS ENTERTAINMENT GROUP INC,2017-10-06,,1,2017-10-06,8K_FTS+8K_SUBMISSIONS,,7819,1,,1
104897,"WSI INDUSTRIES, INC.",2017-10-23,,1,2017-10-23,8K_FTS+8K_SUBMISSIONS,,3540,1,,1
1532288,"Armstrong Energy, Inc.",2017-11-01,,1,2017-11-01,LOPUCKI,11,1221,1,,1
1058623,Cumulus Media Inc.,2017-11-29,,2,2017-11-29;2026-03-05,8K_FTS+8K_SUBMISSIONS+LOPUCKI,11,4832,1,1,1
1040719,Walter Investment Management Corp.,2017-11-30,,2,2017-11-30;2019-02-11,8K_FTS+8K_SUBMISSIONS+LOPUCKI,11,6162,1,1,1
1335103,"Protea Biosciences Group, Inc.",2017-12-05,,1,2017-12-05,8K_FTS+8K_SUBMISSIONS,,2834,1,,1
1499912,"Global Brokerage, Inc.",2017-12-11,,1,2017-12-11,LOPUCKI,11,6200,1,,1
1088787,"CD INTERNATIONAL ENTERPRISES, INC.",2017-12-12,,1,2017-12-12,8K_FTS+8K_SUBMISSIONS,,8742,1,,1
1580185,J.G. Wentworth Co,2017-12-12,,1,2017-12-12,8K_FTS+8K_SUBMISSIONS+LOPUCKI,11,6199,1,0,1
1429386,"PHASERX, INC.",2017-12-13,,1,2017-12-13,8K_FTS+8K_SUBMISSIONS,,2834,1,,1
1471261,"Cobalt International Energy, Inc.",2017-12-14,,1,2017-12-14,8K_FTS+8K_SUBMISSIONS+LOPUCKI,11,1311,1,0,1
1178104,DEXTERA SURGICAL INC,2017-12-15,,1,2017-12-15,8K_FTS+8K_SUBMISSIONS,,3841,1,,1
868725,"Rentech, Inc.",2017-12-19,,1,2017-12-19,8K_FTS+8K_SUBMISSIONS+LOPUCKI,11,2870,1,2,1
316300,"EXCO Resources, Inc.",2018-01-15,,1,2018-01-15,8K_FTS+8K_SUBMISSIONS+LOPUCKI,11,1311,1,2,1
1576778,"UBL Interactive,Inc.",2018-01-26,,1,2018-01-26,8K_FTS+8K_SUBMISSIONS,,7389,1,,1
1561551,"Enumeral Biomedical Holdings, Inc.",2018-01-29,,1,2018-01-29,8K_FTS+8K_SUBMISSIONS,,2834,1,,1
1294250,"Rand Logistics, Inc.",2018-01-30,,1,2018-01-30,8K_FTS+8K_SUBMISSIONS,,4400,1,,1
1619917,"Patriot National, Inc.",2018-01-30,,1,2018-01-30,LOPUCKI,11,6411,1,,1
920321,"CENVEO, INC",2018-02-02,,1,2018-02-02,8K_FTS+8K_SUBMISSIONS+LOPUCKI,11,2670,1,0,1
878079,"Bon Ton Stores, Inc.",2018-02-04,,1,2018-02-04,8K_FTS+8K_SUBMISSIONS+LOPUCKI,11,5311,1,1,1
1464865,"Lone Star Gold, Inc.  (ASII)",2018-02-08,,1,2018-02-08,8K_FTS+8K_SUBMISSIONS,,1000,1,,1
1394872,Ambient Water Corp,2018-02-20,,1,2018-02-20,8K_FTS+8K_SUBMISSIONS,,3585,1,,1
1584701,Tops Holding II Corporation,2018-02-21,,1,2018-02-21,LOPUCKI,11,5411,1,,1
1382911,"Orexigen Therapeutics, Inc.",2018-03-12,,2,2018-03-12;2019-05-23,8K_FTS+8K_SUBMISSIONS+LOPUCKI,11,2834,1,0,1
1400891,"iHeartMedia, Inc.",2018-03-14,,1,2018-03-14,8K_FTS+8K_SUBMISSIONS+LOPUCKI,11,4832,1,1,1
739708,"iHeartCommunications, Inc.",2018-03-15,,1,2018-03-15,8K_FTS+8K_SUBMISSIONS,,4832,1,,1
1457737,"iHeartMedia Capital I, LLC",2018-03-15,,1,2018-03-15,8K_FTS+8K_SUBMISSIONS,,4813,1,,1
1334978,"Clear Channel Outdoor Holdings, Inc.  (CCO)",2018-03-15,,1,2018-03-15,8K_FTS+8K_SUBMISSIONS,,7310,1,,1
34115,CLAIRES STORES INC,2018-03-19,,1,2018-03-19,8K_FTS+8K_SUBMISSIONS+LOPUCKI,11,5600,1,0,1
1342643,"WORTHINGTON ENERGY, INC.",2018-03-19,,1,2018-03-19,8K_FTS+8K_SUBMISSIONS,,1311,1,,1
1407703,FirstEnergy Solutions Corp.,2018-03-31,,1,2018-03-31,8K_FTS+8K_SUBMISSIONS+LOPUCKI,11,4911,1,2,1
1361937,"EV Energy Partners, LP",2018-04-02,,1,2018-04-02,8K_FTS+8K_SUBMISSIONS+LOPUCKI,11,1311,1,0,1
1031296,FIRSTENERGY CORP  (FE),2018-04-05,,1,2018-04-05,8K_FTS+8K_SUBMISSIONS,,4911,1,,1
1402281,Erin Energy Corp.,2018-04-26,,1,2018-04-26,8K_FTS+8K_SUBMISSIONS,,1381,1,,1
1586988,CSA HOLDINGS INC.,2018-04-30,,1,2018-04-30,8K_FTS+8K_SUBMISSIONS,,3730,1,,1
1534287,BioAmber Inc.,2018-05-08,,1,2018-05-08,8K_FTS+8K_SUBMISSIONS,,2860,1,,1
753772,MEDIZONE INTERNATIONAL INC,2018-05-11,,1,2018-05-11,8K_FTS+8K_SUBMISSIONS,,5122,1,,1
1397516,REX ENERGY CORP,2018-05-18,,1,2018-05-18,8K_FTS+8K_SUBMISSIONS+LOPUCKI,11,1311,1,0,1
1403085,"JRjr33, Inc.",2018-07-06,,1,2018-07-06,8K_FTS+8K_SUBMISSIONS,,5960,1,,1
1554875,"Tintri, Inc.",2018-07-10,,1,2018-07-10,8K_FTS+8K_SUBMISSIONS,,7374,1,,1
1429896,"ACTIVECARE, INC.",2018-07-17,,1,2018-07-17,8K_FTS+8K_SUBMISSIONS,,3669,1,,1
1096132,"PETRONE WORLDWIDE, INC.",2018-07-31,,1,2018-07-31,8K_FTS+8K_SUBMISSIONS,,8742,1,,1
1660719,Aralez Pharmaceuticals Inc.,2018-08-14,,1,2018-08-14,8K_FTS+8K_SUBMISSIONS,,2834,1,,1
741815,HOOPER HOLMES INC,2018-08-28,,1,2018-08-28,8K_FTS+8K_SUBMISSIONS,,8090,1,,1
1419852,Mattress Firm Holding Corp.,2018-10-05,,1,2018-10-05,LOPUCKI,11,5712,1,,1
106455,WESTMORELAND COAL Co,2018-10-09,1994-11-08,2,1994-11-08;2018-10-09,8K_FTS+8K_SUBMISSIONS+LOPUCKI,11,1221,1,0,1
1412347,"Westmoreland Resource Partners, LP",2018-10-09,,1,2018-10-09,8K_FTS+8K_SUBMISSIONS,,1221,1,,1
1310067,SEARS HOLDINGS CORP,2018-10-15,,2,2018-10-15;2019-10-21,8K_FTS+8K_SUBMISSIONS+LOPUCKI,11,5311,1,0,1
1582919,Flitways Technology Inc.,2018-10-15,,2,2018-10-15;2020-11-03,8K_FTS+8K_SUBMISSIONS,,7389,1,,1
105608,AG&E HOLDINGS INC.,2018-10-18,1994-02-18,2,1994-02-18;2018-10-18,8K_FTS+8K_SUBMISSIONS,,3663,1,,1
1549145,"ALLIANCE BIOENERGY PLUS, INC.  (BIOF)",2018-10-23,,1,2018-10-23,8K_FTS+8K_SUBMISSIONS,,2860,1,,1
1431372,Gastar Exploration Inc.,2018-10-31,,1,2018-10-31,8K_FTS+8K_SUBMISSIONS+LOPUCKI,11,1311,1,1,1
1586105,Egalet Corp,2018-10-31,,1,2018-10-31,8K_FTS+8K_SUBMISSIONS,,2834,1,,1
1407805,ROCKIES REGION 2007 LP,2018-11-05,,1,2018-11-05,8K_FTS+8K_SUBMISSIONS,,1311,1,,1
1376912,Rockies Region 2006 Limited Partnership,2018-11-05,,1,2018-11-05,8K_FTS+8K_SUBMISSIONS,,1311,1,,1
872248,PETROQUEST ENERGY INC,2018-11-07,,1,2018-11-07,8K_FTS+8K_SUBMISSIONS,,1311,1,,1
1699683,Longfin Corp,2018-11-21,,1,2018-11-21,8K_FTS+8K_SUBMISSIONS,,7374,1,,1
820380,INTERNATIONAL AUTOMATED SYSTEMS INC,2018-11-21,,1,2018-11-21,8K_FTS+8K_SUBMISSIONS,,7372,1,,1
1571759,"iNeedMD Holdings, Inc.",2018-11-26,,1,2018-11-26,8K_SUBMISSIONS,,3841.0,1,,1
1105533,ARGOS THERAPEUTICS INC,2018-12-03,,1,2018-12-03,8K_FTS+8K_SUBMISSIONS,,2834,1,,1
1450390,BAKKEN RESOURCES INC,2018-12-10,,1,2018-12-10,8K_FTS+8K_SUBMISSIONS,,1311,1,,1
76321,PARKER DRILLING CO /DE/,2018-12-12,,1,2018-12-12,8K_FTS+8K_SUBMISSIONS+LOPUCKI,11,1381,1,0,1
1347613,"SYNERGY PHARMACEUTICALS, INC.",2018-12-13,,1,2018-12-13,8K_FTS+8K_SUBMISSIONS,,2834,1,,1
1494448,"EMERGENT CAPITAL, INC.",2018-12-14,,2,2018-12-14;2020-10-15,8K_FTS+8K_SUBMISSIONS,,6311,1,,1
75439,"Medite Cancer Diagnostics, Inc.",2019-01-03,,1,2019-01-03,8K_FTS+8K_SUBMISSIONS,,3841,1,,1
1004980,"PG&E Corp  (PCG, PCG-PA, PCG-PB, PCG-PC, PCG-PD, PCG-PE, PCG-PG, PCG-PH, PCG-PI)",2019-01-14,,2,2019-01-14;2020-06-24,8K_FTS+8K_SUBMISSIONS+LOPUCKI,11,4931,1,-15,1
75488,PACIFIC GAS & ELECTRIC Co,2019-01-14,2001-04-06,3,2001-04-06;2019-01-14;2020-06-24,8K_FTS+8K_SUBMISSIONS,,4931,1,,1
1538495,"Earth Science Tech, Inc.  (ETST, UNOV)",2019-01-16,,2,2019-01-16;2021-09-02,8K_FTS+8K_SUBMISSIONS,,2834,1,,1
1012477,AVADEL PHARMACEUTICALS PLC  (AVDL),2019-02-12,,1,2019-02-12,8K_FTS+8K_SUBMISSIONS,,2834,1,,1
1024126,"PERNIX THERAPEUTICS HOLDINGS, INC.",2019-02-19,,1,2019-02-19,8K_FTS+8K_SUBMISSIONS,,2834,1,,1
2034,Aceto Corporation,2019-02-19,,1,2019-02-19,8K_FTS+8K_SUBMISSIONS+LOPUCKI,11,5122,1,213,1
1013238,ARADIGM CORP,2019-02-19,,1,2019-02-19,8K_FTS+8K_SUBMISSIONS,,3845,1,,1
1282266,"Windstream Holdings, Inc. (Windstream Services, LLC)",2019-02-25,,2,2019-02-25;2020-07-01,8K_FTS+8K_SUBMISSIONS+LOPUCKI,11,4813,1,3,1
1585644,"WINDSTREAM SERVICES, LLC",2019-02-28,,2,2019-02-28;2020-07-01,8K_FTS+8K_SUBMISSIONS,,4813,1,,1
1208261,IMMUNE PHARMACEUTICALS INC,2019-03-08,,1,2019-03-08,8K_FTS+8K_SUBMISSIONS,,2834,1,,1
1140310,"EnSync, Inc.",2019-03-12,,1,2019-03-12,8K_FTS+8K_SUBMISSIONS,,4911,1,,1
350403,"PHI, Inc.",2019-03-14,,1,2019-03-14,8K_FTS+8K_SUBMISSIONS+LOPUCKI,11,4522,1,1,1
1109196,"MABVAX THERAPEUTICS HOLDINGS, INC.",2019-03-25,,1,2019-03-25,8K_FTS+8K_SUBMISSIONS,,2834,1,,1
1403802,"SPINDLE, INC.",2019-03-29,,1,2019-03-29,8K_FTS+8K_SUBMISSIONS,,7389,1,,1
1547638,"Southcross Energy Partners, L.P.",2019-04-01,,1,2019-04-01,LOPUCKI,11,4922,1,,1
1324189,Orchids Paper Products Company,2019-04-01,,1,2019-04-01,LOPUCKI,11,2621,1,,1
13239,HEXION INC.,2019-04-01,,1,2019-04-01,8K_FTS+8K_SUBMISSIONS+LOPUCKI,11,2821,1,0,1
1573166,"Jones Energy, Inc.",2019-04-14,,1,2019-04-14,8K_FTS+8K_SUBMISSIONS+LOPUCKI,11,1311,1,1,1
1301501,"Achaogen, Inc.",2019-04-15,,1,2019-04-15,8K_FTS+8K_SUBMISSIONS,,2834,1,,1
1265572,KONA GRILL INC,2019-05-01,,1,2019-05-01,8K_FTS+8K_SUBMISSIONS,,5812,1,,1
1441849,CLOUD PEAK ENERGY INC.,2019-05-10,,1,2019-05-10,8K_FTS+8K_SUBMISSIONS+LOPUCKI,11,1221,1,0,1
73887,Bristow Group Inc.,2019-05-11,,1,2019-05-11,8K_FTS+8K_SUBMISSIONS+LOPUCKI,11,4522,1,2,1
827809,NOVELION THERAPEUTICS INC.,2019-05-21,,1,2019-05-21,8K_FTS+8K_SUBMISSIONS,,2834,1,,1
1552845,Natur International Corp.,2019-05-28,,1,2019-05-28,8K_FTS+8K_SUBMISSIONS,,8082,1,,1
1071411,"Fusion Connect, Inc.",2019-06-03,,1,2019-06-03,8K_FTS+8K_SUBMISSIONS,,7372,1,,1
1575360,"FTD Companies, Inc.",2019-06-03,,1,2019-06-03,8K_FTS+8K_SUBMISSIONS+LOPUCKI,11,5960,1,2,1
1516479,"Insys Therapeutics, Inc.",2019-06-10,,1,2019-06-10,8K_FTS+8K_SUBMISSIONS,,2834,1,,1
1735828,Legacy Reserves Inc.,2019-06-18,,1,2019-06-18,8K_FTS+8K_SUBMISSIONS+LOPUCKI,11,1311,1,3,1
1265107,"Monitronics International, Inc.",2019-06-30,,1,2019-06-30,8K_FTS+8K_SUBMISSIONS+LOPUCKI,11,7380,1,1,1
1437106,"Ascent Capital Group, Inc.",2019-07-01,,1,2019-07-01,8K_FTS+8K_SUBMISSIONS,,7380,1,,1
1603923,Weatherford International plc,2019-07-01,,1,2019-07-01,8K_FTS+8K_SUBMISSIONS+LOPUCKI,11,3533,1,1,1
1555177,Emerge Energy Services LP,2019-07-17,,1,2019-07-17,8K_FTS+8K_SUBMISSIONS,,1400,1,,1
1434621,"LendingTree, Inc.  (TREE)",2019-07-25,,1,2019-07-25,8K_FTS+8K_SUBMISSIONS,,6163,1,,1
1387156,AIRXPANDERS INC,2019-07-25,,1,2019-07-25,8K_FTS+8K_SUBMISSIONS,,3842,1,,1
1720201,iPic Entertainment Inc.,2019-08-05,,1,2019-08-05,8K_FTS+8K_SUBMISSIONS,,5810,1,,1
1528837,Sanchez Energy Corporation,2019-08-11,,1,2019-08-11,8K_FTS+8K_SUBMISSIONS+LOPUCKI,11,1311,1,1,1
1080029,"Dougherty's Pharmacy, Inc.",2019-08-30,2007-11-09,2,2007-11-09;2019-08-30,8K_FTS+8K_SUBMISSIONS,,5912,1,,1
1045425,RAIT Financial Trust,2019-08-30,,1,2019-08-30,8K_FTS+8K_SUBMISSIONS+LOPUCKI,11,6798,1,4,1
1568079,PetroShare Corp.,2019-09-04,,1,2019-09-04,8K_FTS+8K_SUBMISSIONS,,1311,1,,1
724571,FREDS INC,2019-09-09,,1,2019-09-09,8K_FTS+8K_SUBMISSIONS,,5331,1,,1
1690769,"Alta Mesa Resources, Inc. (Alta Mesa Holdings, LP)",2019-09-11,,1,2019-09-11,8K_FTS+8K_SUBMISSIONS+LOPUCKI,11,1311,1,1,1
1518403,"Alta Mesa Holdings, LP",2019-09-12,,1,2019-09-12,8K_FTS+8K_SUBMISSIONS,,1311,1,,1
1656328,"Sienna Biopharmaceuticals, Inc.",2019-09-17,,1,2019-09-17,8K_FTS+8K_SUBMISSIONS,,2834,1,,1
1409916,Nobilis Health Corp.,2019-09-27,,1,2019-09-27,8K_FTS+8K_SUBMISSIONS+LOPUCKI,7,8062,1,-24,1
1584952,EP Energy Corporation (EP Energy LLC),2019-10-03,,1,2019-10-03,8K_FTS+8K_SUBMISSIONS+LOPUCKI,11,1311,1,1,1
1555082,EP Energy LLC,2019-10-04,,1,2019-10-04,8K_FTS+8K_SUBMISSIONS,,1311,1,,1
727346,"GLOBAL HEALTHCARE REIT, INC.  (GBCS)",2019-10-23,,1,2019-10-23,8K_FTS+8K_SUBMISSIONS,,6798,1,,1
896985,Destination Maternity Corp,2019-10-25,,1,2019-10-25,8K_FTS+8K_SUBMISSIONS,,5621,1,,1
1386026,"ZENERGY BRANDS, INC.",2019-11-04,,1,2019-11-04,8K_FTS+8K_SUBMISSIONS,,7372,1,,1
318716,"U.S. Aerospace, Inc.",2019-11-04,,1,2019-11-04,8K_FTS+8K_SUBMISSIONS,,3728,1,,1
1540729,Foresight Energy LP,2019-11-04,,1,2019-11-04,8K_FTS+8K_SUBMISSIONS+LOPUCKI,11,1220,1,-127,1
1579010,"Life On Earth, Inc.",2019-11-05,,1,2019-11-05,8K_FTS+8K_SUBMISSIONS,,2080,1,,1
931336,DEAN FOODS CO,2019-11-12,,2,2019-11-12;2021-04-14,8K_FTS+8K_SUBMISSIONS+LOPUCKI,11,2020,1,0,1
1648893,Nuvectra Corp,2019-11-13,,1,2019-11-13,8K_FTS+8K_SUBMISSIONS,,3841,1,,1
1405073,Approach Resources Inc.,2019-11-18,,1,2019-11-18,8K_FTS+8K_SUBMISSIONS+LOPUCKI,11,1311,1,1,1
1561880,"Legacy Education Alliance, Inc.  (LEAI)",2019-11-21,,2,2019-11-21;2021-01-15,8K_FTS+8K_SUBMISSIONS,,8200,1,,1
1045742,LIVE VENTURES Inc,2019-12-13,,2,2019-12-13;2022-03-03,8K_SUBMISSIONS,,5900.0,1,,1
1526689,"Generation NEXT Franchise Brands, Inc.",2019-12-18,,1,2019-12-18,8K_FTS+8K_SUBMISSIONS,,3580,1,,1
865941,CELADON GROUP INC,2019-12-19,,1,2019-12-19,8K_FTS+8K_SUBMISSIONS,,4213,1,,1
1461993,"MELINTA THERAPEUTICS, INC. /NEW/",2019-12-27,,1,2019-12-27,8K_FTS+8K_SUBMISSIONS+LOPUCKI,11,2834,1,0,1
1496268,"REVA Medical, Inc.",2020-01-15,,1,2020-01-15,8K_FTS+8K_SUBMISSIONS,,3842,1,,1
708819,"McDermott International, Inc.",2020-01-21,,1,2020-01-21,8K_FTS+8K_SUBMISSIONS+LOPUCKI,11,3443,1,1,1
1040792,Helios & Matheson Analytics Inc.,2020-01-29,,1,2020-01-29,8K_FTS+8K_SUBMISSIONS,,7380,1,,1
1496818,"STEALTH TECHNOLOGIES, INC.",2020-01-30,,1,2020-01-30,8K_FTS+8K_SUBMISSIONS,,7389,1,,1
1619250,Valeritas Holdings Inc.,2020-02-10,,1,2020-02-10,8K_FTS+8K_SUBMISSIONS,,3841,1,,1
1056087,MCCLATCHY CO,2020-02-13,,1,2020-02-13,8K_FTS+8K_SUBMISSIONS+LOPUCKI,11,2711,1,0,1
278130,"Pier 1 Imports, Inc.",2020-02-17,,1,2020-02-17,8K_FTS+8K_SUBMISSIONS+LOPUCKI,11,5700,1,1,1
320575,Pioneer Energy Services Corp.,2020-03-01,,1,2020-03-01,8K_FTS+8K_SUBMISSIONS+LOPUCKI,11,1381,1,1,1
1056386,Internap Corp,2020-03-16,,1,2020-03-16,8K_FTS+8K_SUBMISSIONS+LOPUCKI,11,7370,1,0,1
1456212,"BlackRidge Technology International, Inc.",2020-03-18,,1,2020-03-18,8K_FTS+8K_SUBMISSIONS,,7372,1,,1
1505497,"BioRestorative Therapies, Inc.  (BRTX)",2020-03-20,,1,2020-03-20,8K_FTS+8K_SUBMISSIONS,,8090,1,,1
1527844,"Globe Photos, Inc.",2020-03-25,,1,2020-03-25,8K_FTS+8K_SUBMISSIONS,,5990,1,,1
920448,BROADVISION INC,2020-03-27,,1,2020-03-27,8K_FTS+8K_SUBMISSIONS,,7372,1,,1
1009672,CARBO CERAMICS INC,2020-03-30,,1,2020-03-30,8K_FTS+8K_SUBMISSIONS,,3290,1,,1
1255474,WHITING PETROLEUM CORP,2020-04-01,,1,2020-04-01,8K_FTS+8K_SUBMISSIONS+LOPUCKI,11,1311,1,0,1
1650445,Quorum Health Corp,2020-04-07,,1,2020-04-07,8K_FTS+8K_SUBMISSIONS+LOPUCKI,11,8062,1,0,1
1375618,"Amazing Energy Oil & Gas, Co.",2020-04-09,,2,2020-04-09;2022-02-09,8K_FTS+8K_SUBMISSIONS,,1311,1,,1
1669812,"LSC Communications, Inc.",2020-04-13,,1,2020-04-13,8K_FTS+8K_SUBMISSIONS+LOPUCKI,11,2750,1,0,1
20520,Frontier Communications Corporation,2020-04-14,,1,2020-04-14,8K_FTS+8K_SUBMISSIONS+LOPUCKI,11,4813,1,1,1
1672326,"Yuma Energy, Inc.",2020-04-16,,1,2020-04-16,8K_FTS+8K_SUBMISSIONS,,1311,1,,1
1157987,MERRILL LYNCH DEPOSITOR INC PREFERREDPLUS TRUST SER CZN 1,2020-04-17,,1,2020-04-17,8K_FTS+8K_SUBMISSIONS,,6189,1,,1
1436161,United Cannabis Corp,2020-04-24,,1,2020-04-24,8K_FTS+8K_SUBMISSIONS,,2834,1,,1
949039,"Diamond Offshore Drilling, Inc.",2020-04-26,,1,2020-04-26,8K_FTS+8K_SUBMISSIONS+LOPUCKI,11,1381,1,1,1
1051251,J CREW GROUP INC,2020-05-04,,1,2020-05-04,8K_FTS+8K_SUBMISSIONS+LOPUCKI,11,5600,1,0,1
1358651,Neiman Marcus Group LTD LLC,2020-05-07,,1,2020-05-07,LOPUCKI,11,5311,1,,1
6885,"Stage Stores, Inc. (2020)",2020-05-10,2000-06-01,2,2000-06-01;2020-05-10,8K_FTS+8K_SUBMISSIONS+LOPUCKI,11,5651,1,2,1
1525773,Intelsat S.A.,2020-05-13,,2,2020-05-13;2021-12-20,8K_FTS+8K_SUBMISSIONS+LOPUCKI,11,4899,1,1,1
1563298,Energy & Water Development Corp  (EAWD),2020-05-15,,1,2020-05-15,8K_FTS+8K_SUBMISSIONS,,3585,1,,1
844143,Centric Brands Inc.,2020-05-18,,1,2020-05-18,8K_FTS+8K_SUBMISSIONS+LOPUCKI,11,2300,1,0,1
1131227,"Hornbeck Offshore Services, Inc.",2020-05-19,,1,2020-05-19,8K_FTS+8K_SUBMISSIONS+LOPUCKI,11,4400,1,3,1
3116,"Akorn, Inc.",2020-05-20,,1,2020-05-20,8K_FTS+8K_SUBMISSIONS+LOPUCKI,11,2834,1,1,1
1657853,"Hertz Global Holdings, Inc. (Hertz Corporation)",2020-05-22,,2,2020-05-22;2021-06-16,8K_FTS+8K_SUBMISSIONS+LOPUCKI,11,7510,1,4,1
798949,Unit Corporation,2020-05-22,,1,2020-05-22,8K_FTS+8K_SUBMISSIONS+LOPUCKI,11,1311,1,4,1
47129,HERTZ CORP,2020-05-26,,2,2020-05-26;2021-06-16,8K_FTS+8K_SUBMISSIONS,,7510,1,,1
878726,Tuesday Morning Corporation,2020-05-27,,2,2020-05-27;2023-02-16,8K_FTS+8K_SUBMISSIONS+LOPUCKI,11,5331,1,1,1
902274,LIBBEY INC,2020-06-01,,1,2020-06-01,8K_FTS+8K_SUBMISSIONS+LOPUCKI,11,3220,1,0,1
1655020,"Extraction Oil & Gas, Inc.",2020-06-14,,1,2020-06-14,8K_FTS+8K_SUBMISSIONS+LOPUCKI,11,1311,1,1,1
939930,"PYXUS INTERNATIONAL, INC.  (PYYX)",2020-06-15,,1,2020-06-15,8K_FTS+8K_SUBMISSIONS+LOPUCKI,11,5150,1,0,1
1636509,"Vitalibis, Inc.",2020-06-16,,1,2020-06-16,8K_FTS+8K_SUBMISSIONS,,6799,1,,1
1459482,"Chineseinvestors.com, Inc.",2020-06-19,,1,2020-06-19,8K_FTS+8K_SUBMISSIONS,,8200,1,,1
1606180,"AAC Holdings, Inc.",2020-06-20,,1,2020-06-20,8K_FTS+8K_SUBMISSIONS+LOPUCKI,11,8093,1,5,1
1037131,PLAYERS NETWORK,2020-06-22,,1,2020-06-22,8K_FTS+8K_SUBMISSIONS,,4841,1,,1
1502034,"GNC Holdings, Inc.",2020-06-23,,1,2020-06-23,8K_FTS+8K_SUBMISSIONS+LOPUCKI,11,5400,1,1,1
1579252,"Jason Industries, Inc.",2020-06-24,,1,2020-06-24,8K_FTS+8K_SUBMISSIONS+LOPUCKI,11,3990,1,0,1
813920,"CEC Entertainment, Inc.",2020-06-24,,1,2020-06-24,LOPUCKI,11,5812,1,,1
895126,Chesapeake Energy Corporation,2020-06-28,,1,2020-06-28,8K_FTS+8K_SUBMISSIONS+LOPUCKI,11,1311,1,1,1
1437557,"LILIS ENERGY, INC.",2020-06-29,,1,2020-06-29,8K_FTS+8K_SUBMISSIONS,,1311,1,,1
1722287,Covia Holdings Corporation,2020-06-29,,1,2020-06-29,8K_FTS+8K_SUBMISSIONS+LOPUCKI,11,1400,1,1,1
881524,VIVUS INC,2020-07-07,,1,2020-07-07,8K_FTS+8K_SUBMISSIONS,,2834,1,,1
1627606,DAVIDsTEA Inc.  (DTEAF),2020-07-09,,1,2020-07-09,8K_FTS+8K_SUBMISSIONS,,5400,1,,1
1013606,ENDOLOGIX INC /DE/,2020-07-09,,1,2020-07-09,8K_FTS+8K_SUBMISSIONS,,3841,1,,1
1549848,Hi-Crush Inc.,2020-07-12,,1,2020-07-12,8K_FTS+8K_SUBMISSIONS+LOPUCKI,11,1400,1,1,1
1211351,"RTW Retailwinds, Inc.",2020-07-13,,1,2020-07-13,8K_FTS+8K_SUBMISSIONS+LOPUCKI,11,5621,1,0,1
1609253,California Resources Corporation,2020-07-15,,1,2020-07-15,8K_FTS+8K_SUBMISSIONS+LOPUCKI,11,1311,1,1,1
14195,BRIGGS & STRATTON CORP,2020-07-20,,1,2020-07-20,8K_FTS+8K_SUBMISSIONS+LOPUCKI,11,3510,1,0,1
1512077,Global Eagle Entertainment Inc.,2020-07-22,,1,2020-07-22,8K_FTS+8K_SUBMISSIONS+LOPUCKI,11,4899,1,0,1
1498301,"Ascena Retail Group, Inc.",2020-07-23,,1,2020-07-23,8K_FTS+8K_SUBMISSIONS+LOPUCKI,11,5600,1,0,1
1397403,IMH Financial Corp,2020-07-23,,1,2020-07-23,8K_FTS+8K_SUBMISSIONS,,6500,1,,1
1659122,Rosehill Resources Inc.,2020-07-26,,1,2020-07-26,8K_FTS+8K_SUBMISSIONS+LOPUCKI,11,1311,1,1,1
945764,Denbury Resources Inc.,2020-07-30,,1,2020-07-30,8K_FTS+8K_SUBMISSIONS+LOPUCKI,11,1311,1,1,1
1458891,Noble Corp plc,2020-07-31,,1,2020-07-31,8K_FTS+8K_SUBMISSIONS+LOPUCKI,11,1381,1,0,1
1169055,NOBLE CORP,2020-07-31,,1,2020-07-31,8K_FTS+8K_SUBMISSIONS,,1381,1,,1
884217,"Tailored Brands, Inc.",2020-08-02,,1,2020-08-02,8K_FTS+8K_SUBMISSIONS+LOPUCKI,11,5600,1,1,1
884940,STEIN MART INC,2020-08-12,,1,2020-08-12,8K_FTS+8K_SUBMISSIONS+LOPUCKI,11,5651,1,0,1
1435181,Pharmagreen Biotech Inc.  (PHBI),2020-08-12,,1,2020-08-12,8K_FTS+8K_SUBMISSIONS,,4581,1,,1
314808,"Valaris plc  (VAL, VAL-WT)",2020-08-19,,1,2020-08-19,8K_FTS+8K_SUBMISSIONS+LOPUCKI,11,1381,1,0,1
1514732,"SAExploration Holdings, Inc.",2020-08-28,,1,2020-08-28,8K_FTS+8K_SUBMISSIONS,,1382,1,,1
904979,SHILOH INDUSTRIES INC,2020-08-31,,1,2020-08-31,8K_FTS+8K_SUBMISSIONS,,3460,1,,1
1455926,IRONCLAD ENCRYPTION Corp,2020-09-01,,1,2020-09-01,8K_FTS+8K_SUBMISSIONS,,7372,1,,1
22872,"Advanzeon Solutions, Inc.",2020-09-11,,1,2020-09-11,8K_FTS+8K_SUBMISSIONS,,6324,1,,1
1281774,TOWN SPORTS INTERNATIONAL HOLDINGS INC,2020-09-14,,1,2020-09-14,8K_FTS+8K_SUBMISSIONS+LOPUCKI,11,7997,1,0,1
1735707,Garrett Motion Inc.,2020-09-20,,1,2020-09-20,8K_FTS+8K_SUBMISSIONS+LOPUCKI,11,3714,1,1,1
1529463,"FTS International, Inc.",2020-09-22,,1,2020-09-22,8K_FTS+8K_SUBMISSIONS+LOPUCKI,11,1389,1,0,1
1814974,"BBX Capital Florida LLC  (BBXIA, BBXIB)",2020-09-24,,1,2020-09-24,8K_FTS+8K_SUBMISSIONS,,5400,1,,1
1661920,Lonestar Resources US Inc.,2020-09-30,,1,2020-09-30,8K_FTS+8K_SUBMISSIONS+LOPUCKI,11,1311,1,1,1
1486159,"Oasis Petroleum Inc.  (CHRD, OASPW, WLLAW, WLLBW)",2020-09-30,,1,2020-09-30,8K_FTS+8K_SUBMISSIONS+LOPUCKI,11,1311,1,0,1
1567892,Mallinckrodt plc,2020-10-12,,3,2020-10-12;2022-05-03;2023-08-28,8K_FTS+8K_SUBMISSIONS+LOPUCKI,11,2834,1,1,1
711665,"Gadsden Properties, Inc.",2020-10-13,,1,2020-10-13,8K_FTS+8K_SUBMISSIONS,,6500,1,,1
1157817,"SITO MOBILE, LTD.",2020-10-15,,1,2020-10-15,8K_FTS+8K_SUBMISSIONS,,7389,1,,1
1517342,Pacific Drilling S.A. (2020),2020-10-30,,1,2020-10-30,8K_FTS+8K_SUBMISSIONS+LOPUCKI,11,1381,1,3,1
77281,Pennsylvania Real Estate Investment Trust,2020-11-01,,2,2020-11-01;2023-12-11,8K_FTS+8K_SUBMISSIONS+LOPUCKI,11,6798,1,2,1
910612,CBL & Associates Properties Inc. (CBL & Associates LP),2020-11-01,,1,2020-11-01,8K_FTS+8K_SUBMISSIONS+LOPUCKI,11,6798,1,1,1
915140,CBL & ASSOCIATES LIMITED PARTNERSHIP,2020-11-02,,1,2020-11-02,8K_FTS+8K_SUBMISSIONS,,6798.0,1,,1
1516332,"Blue Water Global Group, Inc.",2020-11-04,,1,2020-11-04,8K_FTS+8K_SUBMISSIONS,,5812,1,,1
1593470,"Tiger Reef, Inc.",2020-11-04,,1,2020-11-04,8K_FTS+8K_SUBMISSIONS,,4991,1,,1
874499,Gulfport Energy Corporation,2020-11-13,,1,2020-11-13,8K_FTS+8K_SUBMISSIONS+LOPUCKI,11,1311,1,3,1
1275229,"General Moly, Inc",2020-11-20,,1,2020-11-20,8K_FTS+8K_SUBMISSIONS,,1000,1,,1
1239819,LUNA INNOVATIONS INC,2020-12-03,2009-07-17,2,2009-07-17;2020-12-03,8K_SUBMISSIONS,,8731.0,1,,1
1399935,Francesca's Holdings CORP,2020-12-04,,1,2020-12-04,8K_FTS+8K_SUBMISSIONS,,5600,1,,1
886835,SUPERIOR ENERGY SERVICES INC,2020-12-07,,1,2020-12-07,8K_FTS+8K_SUBMISSIONS+LOPUCKI,11,1389,1,0,1
1581545,"GL Brands, Inc.",2020-12-21,,1,2020-12-21,8K_FTS+8K_SUBMISSIONS,,2833,1,,1
922359,FERRELLGAS L P,2021-01-11,,1,2021-01-11,8K_FTS+8K_SUBMISSIONS,,5900,1,,1
922358,"FERRELLGAS PARTNERS L P  (FGPR, FGPRB)",2021-01-11,,1,2021-01-11,8K_FTS+8K_SUBMISSIONS+LOPUCKI,11,5900,1,0,1
922360,FERRELLGAS FINANCE CORP,2021-01-11,,1,2021-01-11,8K_FTS+8K_SUBMISSIONS,,5900,1,,1
1012493,FERRELLGAS PARTNERS FINANCE CORP,2021-01-11,,1,2021-01-11,8K_FTS+8K_SUBMISSIONS,,5900,1,,1
883943,CHRISTOPHER & BANKS CORP,2021-01-14,,1,2021-01-14,8K_FTS+8K_SUBMISSIONS,,5621,1,,1
1404079,Samson Oil & Gas LTD,2021-02-02,,1,2021-02-02,8K_FTS+8K_SUBMISSIONS,,1381,1,,1
1536577,Medley LLC,2021-03-08,,1,2021-03-08,8K_FTS+8K_SUBMISSIONS,,6282,1,,1
1326089,Sundance Energy Inc.,2021-03-09,,1,2021-03-09,8K_FTS+8K_SUBMISSIONS+LOPUCKI,11,1311,1,1,1
1725526,HighPoint Resources Corporation,2021-03-14,,1,2021-03-14,8K_FTS+8K_SUBMISSIONS+LOPUCKI,11,1311,1,1,1
1467761,"FiEE, Inc.",2021-03-15,,1,2021-03-15,8K_SUBMISSIONS,,3661.0,1,,1
1692144,Life Partners Position Holder Trust,2021-04-01,,2,2021-04-01;2022-06-27,8K_FTS+8K_SUBMISSIONS,,6311,1,,1
1705222,"Life Partners IRA Holder Partnership, LLC",2021-04-01,,2,2021-04-01;2022-06-27,8K_FTS+8K_SUBMISSIONS,,6311,1,,1
1717556,"Vinco Ventures, Inc.  (BBIG)",2021-04-21,,1,2021-04-21,8K_FTS+8K_SUBMISSIONS,,3944,1,,1
1583077,"Hospitality Investors Trust, Inc.",2021-05-19,,1,2021-05-19,8K_FTS+8K_SUBMISSIONS+LOPUCKI,11,6798,1,0,1
1594686,"Washington Prime Group Inc. (Washington Prime Group, L.P.)",2021-06-13,,1,2021-06-13,8K_FTS+8K_SUBMISSIONS+LOPUCKI,11,6798,1,1,1
1610911,"Washington Prime Group, L.P.",2021-06-14,,1,2021-06-14,8K_FTS+8K_SUBMISSIONS,,6798,1,,1
1648428,"Sequential Brands Group, Inc.",2021-08-31,,1,2021-08-31,8K_FTS+8K_SUBMISSIONS+LOPUCKI,11,2300,1,1,1
352998,"Teligent, Inc.",2021-10-15,,1,2021-10-15,8K_FTS+8K_SUBMISSIONS,,2834,1,,1
1382231,Fortem Resources Inc.,2021-10-18,,1,2021-10-18,8K_FTS+8K_SUBMISSIONS,,1381,1,,1
1315255,"GTT Communications, Inc.",2021-10-31,,1,2021-10-31,8K_FTS+8K_SUBMISSIONS+LOPUCKI,11,4813,1,1,1
1539894,"Atlas Financial Holdings, Inc.  (AFHIF)",2022-03-01,,1,2022-03-01,8K_FTS+8K_SUBMISSIONS,,6331,1,,1
1379785,"Barings BDC, Inc.",2022-03-03,,1,2022-03-03,8K_SUBMISSIONS,,,1,,1
866609,ION GEOPHYSICAL CORP,2022-04-13,,1,2022-04-13,8K_FTS+8K_SUBMISSIONS,,1382,1,,1
1522690,"GWG Holdings, Inc.",2022-04-20,,2,2022-04-20;2023-06-26,8K_FTS+8K_SUBMISSIONS+LOPUCKI,11,6311,1,0,1
1655075,"Armstrong Flooring, Inc.",2022-05-08,,1,2022-05-08,8K_FTS+8K_SUBMISSIONS+LOPUCKI,11,3089,1,4,1
1587246,"Cypress Environmental Partners, L.P.",2022-05-11,,1,2022-05-11,8K_FTS+8K_SUBMISSIONS,,7389,1,,1
1084384,PARETEUM Corp,2022-05-19,,1,2022-05-19,8K_FTS+8K_SUBMISSIONS,,7373,1,,1
1587221,Zosano Pharma Corp,2022-06-02,,1,2022-06-02,8K_FTS+8K_SUBMISSIONS,,2834,1,,1
1784168,"Electric Last Mile Solutions, Inc.  (ELMSQ)",2022-06-14,,1,2022-06-14,8K_FTS+8K_SUBMISSIONS,,3711,1,,1
887921,"Revlon, Inc. (Revlon Consumer Products Corporation)",2022-06-15,,1,2022-06-15,8K_FTS+8K_SUBMISSIONS+LOPUCKI,11,2844,1,1,1
890547,REVLON CONSUMER PRODUCTS CORP,2022-06-16,,1,2022-06-16,8K_FTS+8K_SUBMISSIONS,,2844,1,,1
1274032,"Simply, Inc.",2022-06-16,,1,2022-06-16,8K_FTS+8K_SUBMISSIONS,,5065,1,,1
1659183,nDivision Inc.  (NDVNQ),2022-06-17,,1,2022-06-17,8K_FTS+8K_SUBMISSIONS,,7374,1,,1
1830180,"ENJOY TECHNOLOGY, INC./DE",2022-06-30,,1,2022-06-30,8K_FTS+8K_SUBMISSIONS,,7389,1,,1
1679826,Ping Identity Holding Corp.,2022-07-19,,1,2022-07-19,8K_SUBMISSIONS,,7372.0,1,,1
1593034,Endo International plc,2022-08-16,,2,2022-08-16;2024-03-25,8K_FTS+8K_SUBMISSIONS+LOPUCKI,11,2834,1,1,1
1579823,"NewAge, Inc.",2022-08-30,,1,2022-08-30,8K_FTS+8K_SUBMISSIONS+LOPUCKI,11,2082,1,0,1
1624658,"Allena Pharmaceuticals, Inc.",2022-09-02,,1,2022-09-02,8K_FTS+8K_SUBMISSIONS,,2836,1,,1
1681941,iFresh Inc,2022-09-06,,1,2022-09-06,8K_FTS+8K_SUBMISSIONS,,5411,1,,1
1817944,"Clarus Therapeutics Holdings, Inc.",2022-09-06,,1,2022-09-06,8K_FTS+8K_SUBMISSIONS,,2836,1,,1
1833908,"Alfi, Inc.  (ALFIQ)",2022-10-14,,1,2022-10-14,8K_FTS+8K_SUBMISSIONS,,7370,1,,1
1169245,PhaseBio Pharmaceuticals Inc  (PHASQ),2022-10-24,,2,2022-10-24;2024-07-12,8K_FTS+8K_SUBMISSIONS,,2834,1,,1
1832351,"Fast Radius, Inc.",2022-11-08,,1,2022-11-08,8K_FTS+8K_SUBMISSIONS,,3440,1,,1
1782627,"Winc, Inc.",2022-12-01,,1,2022-12-01,8K_FTS+8K_SUBMISSIONS,,5900,1,,1
1466301,"Clovis Oncology, Inc.",2022-12-11,,1,2022-12-11,8K_FTS+8K_SUBMISSIONS+LOPUCKI,11,2834,1,2,1
1069996,FedNat Holding Co,2022-12-12,,1,2022-12-12,8K_FTS+8K_SUBMISSIONS,,6331,1,,1
1794621,"Quanergy Systems, Inc.",2022-12-13,,1,2022-12-13,8K_FTS+8K_SUBMISSIONS,,3714,1,,1
1839341,"Core Scientific, Inc./tx  (CORZ, CORZR, CORZW, CORZZ)",2022-12-21,,2,2022-12-21;2024-01-17,8K_FTS+8K_SUBMISSIONS,,7374,1,,1
1415684,MusclePharm Corp,2023-01-09,,1,2023-01-09,8K_FTS+8K_SUBMISSIONS,,2834.0,1,,1
1596946,Quotient Ltd,2023-01-10,,1,2023-01-10,8K_FTS+8K_SUBMISSIONS,,2835,1,,1
1704760,"American Virtual Cloud Technologies, Inc.",2023-01-11,,1,2023-01-11,8K_FTS+8K_SUBMISSIONS,,7373,1,,1
1595585,"Tricida, Inc.",2023-01-12,,1,2023-01-12,8K_FTS+8K_SUBMISSIONS,,2834,1,,1
1592058,Party City Holdco Inc.,2023-01-18,,1,2023-01-18,8K_FTS+8K_SUBMISSIONS,,5900,1,,1
1852117,Rockley Photonics Holdings Ltd,2023-01-24,,1,2023-01-24,8K_FTS+8K_SUBMISSIONS,,3674,1,,1
742112,INVACARE CORP,2023-02-01,,1,2023-02-01,8K_FTS+8K_SUBMISSIONS,,3842,1,,1
850261,"Sorrento Therapeutics, Inc.  (SRNE)",2023-02-13,,1,2023-02-13,8K_FTS+8K_SUBMISSIONS,,2836,1,,1
1418100,Avaya Holdings Corp.,2023-02-14,,1,2023-02-14,8K_FTS+8K_SUBMISSIONS,,7372,1,,1
1884697,"Starry Group Holdings, Inc.",2023-02-21,,1,2023-02-21,8K_FTS+8K_SUBMISSIONS,,4813,1,,1
1652724,"Lucira Health, Inc.",2023-02-22,,1,2023-02-22,8K_FTS+8K_SUBMISSIONS,,2835,1,,1
1084577,CYREN Ltd.,2023-02-22,,1,2023-02-22,8K_FTS+8K_SUBMISSIONS,,7372,1,,1
1450416,LexaGene Holdings Inc.,2023-02-24,,1,2023-02-24,8K_FTS+8K_SUBMISSIONS,,3841,1,,1
1713832,HyreCar Inc.,2023-03-02,,1,2023-03-02,8K_FTS+8K_SUBMISSIONS,,7510,1,,1
1870997,Loyalty Ventures Inc.,2023-03-10,,1,2023-03-10,8K_FTS+8K_SUBMISSIONS,,7389,1,,1
719739,SVB FINANCIAL GROUP  (SIVBQ),2023-03-10,,2,2023-03-10;2024-08-23,8K_FTS+8K_SUBMISSIONS,,6022,1,,1
1659352,"Codiak BioSciences, Inc.",2023-03-27,,1,2023-03-27,8K_FTS+8K_SUBMISSIONS,,2836,1,,1
1828672,"Boxed, Inc.",2023-04-03,,1,2023-04-03,8K_FTS+8K_SUBMISSIONS,,5961,1,,1
1909152,Kalera Public Ltd Co  (KALRQ),2023-04-04,,1,2023-04-04,8K_FTS+8K_SUBMISSIONS,,0100,1,,1
1843388,"Virgin Orbit Holdings, Inc.",2023-04-04,,1,2023-04-04,8K_FTS+8K_SUBMISSIONS,,3812,1,,1
1835567,"Pear Therapeutics, Inc.",2023-04-07,,1,2023-04-07,8K_FTS+8K_SUBMISSIONS,,8000,1,,1
1377630,"National CineMedia, Inc.  (NCMI)",2023-04-12,,1,2023-04-12,8K_FTS+8K_SUBMISSIONS,,7310,1,,1
1497504,PLx Pharma Inc.,2023-04-13,,1,2023-04-13,8K_FTS+8K_SUBMISSIONS,,2834,1,,1
886158,BED BATH & BEYOND INC,2023-04-24,,1,2023-04-24,8K_FTS+8K_SUBMISSIONS,,5700,1,,1
57725,LANNETT CO INC,2023-05-03,,1,2023-05-03,8K_FTS+8K_SUBMISSIONS,,2834,1,,1
874710,ALLIED HEALTHCARE PRODUCTS INC,2023-05-12,,1,2023-05-12,8K_FTS+8K_SUBMISSIONS,,3842,1,,1
1300699,"Athenex, Inc.",2023-05-22,,1,2023-05-22,8K_FTS+8K_SUBMISSIONS,,2834,1,,1
1864448,Wejo Group Ltd,2023-05-30,,1,2023-05-30,8K_FTS+8K_SUBMISSIONS,,7374,1,,1
1839412,QualTek Services Inc.,2023-05-31,,1,2023-05-31,8K_FTS+8K_SUBMISSIONS,,1623,1,,1
28823,"DIEBOLD NIXDORF, Inc  (DBD)",2023-06-01,,1,2023-06-01,8K_FTS+8K_SUBMISSIONS,,3578,1,,1
100716,UNICO AMERICAN CORP  (UNAM),2023-06-02,,1,2023-06-02,8K_FTS+8K_SUBMISSIONS,,6331,1,,1
1169987,"HTG MOLECULAR DIAGNOSTICS, INC  (HTGMQ)",2023-06-05,,1,2023-06-05,8K_FTS+8K_SUBMISSIONS,,3826,1,,1
1794905,"Cyxtera Technologies, Inc.",2023-06-05,,1,2023-06-05,8K_FTS+8K_SUBMISSIONS,,7370,1,,1
1076682,"POLARITYTE, INC.  (RGTPQ)",2023-06-07,,1,2023-06-07,8K_FTS+8K_SUBMISSIONS,,2836,1,,1
1444307,ONCOSEC MEDICAL Inc  (ONCSQ),2023-06-14,,1,2023-06-14,8K_FTS+8K_SUBMISSIONS,,2834,1,,1
1760173,"SURGALIGN HOLDINGS, INC.",2023-06-20,,1,2023-06-20,8K_FTS+8K_SUBMISSIONS,,3842,1,,1
1759546,Lordstown Motors Corp.  (NRDE),2023-06-27,,1,2023-06-27,8K_FTS+8K_SUBMISSIONS,,3711,1,,1
870826,"iMedia Brands, Inc.",2023-06-29,,1,2023-06-29,8K_FTS+8K_SUBMISSIONS,,5961,1,,1
1350073,"Iconic Brands, Inc.  (ICNB)",2023-06-29,,1,2023-06-29,8K_FTS+8K_SUBMISSIONS,,2080,1,,1
1736865,"Golden Developing Solutions, Inc.  (DVLP)",2023-07-05,,1,2023-07-05,8K_FTS+8K_SUBMISSIONS,,5900,1,,1
1741231,"Tattooed Chef, Inc.  (TTCFQ)",2023-07-06,,1,2023-07-06,8K_FTS+8K_SUBMISSIONS,,2090,1,,1
866439,"DarkPulse, Inc.  (DPLS)",2023-07-10,,1,2023-07-10,8K_FTS+8K_SUBMISSIONS,,7372,1,,1
1882607,"ALPINE SUMMIT ENERGY PARTNERS, INC.",2023-07-11,,1,2023-07-11,8K_FTS+8K_SUBMISSIONS,,1311,1,,1
1467154,"Novan, Inc.",2023-07-17,,1,2023-07-17,8K_FTS+8K_SUBMISSIONS,,2834,1,,1
1597313,"ViewRay, Inc.  (VRAYQ)",2023-07-17,,1,2023-07-17,8K_FTS+8K_SUBMISSIONS,,3845,1,,1
1551986,"9 METERS BIOPHARMA, INC.  (NMTRQ)",2023-07-18,,1,2023-07-18,8K_FTS+8K_SUBMISSIONS,,2834,1,,1
1500123,Item 9 Labs Corp.  (INLB),2023-07-20,,1,2023-07-20,8K_FTS+8K_SUBMISSIONS,,3843,1,,1
1136294,Williams Industrial Services Group Inc.  (WLMSQ),2023-07-24,2006-09-28,2,2006-09-28;2023-07-24,8K_FTS+8K_SUBMISSIONS,,1600,1,,1
1807707,"AppHarvest, Inc.",2023-07-24,,1,2023-07-24,8K_FTS+8K_SUBMISSIONS,,0100,1,,1
896493,"Ault Alliance, Inc.  (AULT, AULT-PD)",2023-08-03,,1,2023-08-03,8K_FTS+8K_SUBMISSIONS,,3679,1,,1
716006,Yellow Corp  (YELLQ),2023-08-07,,1,2023-08-07,8K_FTS+8K_SUBMISSIONS,,4213,1,,1
1820630,Proterra Inc,2023-08-08,,1,2023-08-08,8K_FTS+8K_SUBMISSIONS,,3711,1,,1
1365916,"AMYRIS, INC.",2023-08-10,,1,2023-08-10,8K_FTS+8K_SUBMISSIONS,,2860,1,,1
1066719,"Taihe Group, Inc.  (TIHE)",2023-08-18,,1,2023-08-18,8K_FTS+8K_SUBMISSIONS,,8071,1,,1
1108967,"Orbital Infrastructure Group, Inc.",2023-08-24,,1,2023-08-24,8K_FTS+8K_SUBMISSIONS,,5065,1,,1
1770141,"UpHealth, Inc.  (UPHL)",2023-09-19,,1,2023-09-19,8K_FTS+8K_SUBMISSIONS,,8000,1,,1
1009759,Capstone Green Energy Corp,2023-09-28,,1,2023-09-28,8K_FTS+8K_SUBMISSIONS,,3510,1,,1
1113148,"INFINITY PHARMACEUTICALS, INC.  (INFIQ)",2023-09-29,,1,2023-09-29,8K_FTS+8K_SUBMISSIONS,,2834,1,,1
1775625,"SmileDirectClub, Inc.  (SDCCQ)",2023-10-02,,1,2023-10-02,8K_FTS+8K_SUBMISSIONS,,3843,1,,1
1872356,"Molekule Group, Inc.",2023-10-03,,1,2023-10-03,8K_FTS+8K_SUBMISSIONS,,3564,1,,1
1762322,"SHIFT TECHNOLOGIES, INC.  (SFTGQ)",2023-10-10,,1,2023-10-10,8K_FTS+8K_SUBMISSIONS,,5500,1,,1
1777946,"IronNet, Inc.",2023-10-12,,1,2023-10-12,8K_FTS+8K_SUBMISSIONS,,7372,1,,1
1739426,RVL Pharmaceuticals plc  (RVLPQ),2023-10-13,,1,2023-10-13,8K_FTS+8K_SUBMISSIONS,,2834,1,,1
84129,RITE AID CORP  (RADCQ),2023-10-16,,1,2023-10-16,8K_FTS+8K_SUBMISSIONS,,5912,1,,1
1044378,BIOCEPT INC  (BIOCQ),2023-10-16,,1,2023-10-16,8K_FTS+8K_SUBMISSIONS,,8071,1,,1
1776197,AKUMIN INC.,2023-10-23,,1,2023-10-23,8K_FTS+8K_SUBMISSIONS,,8071,1,,1
1805087,"GELESIS HOLDINGS, INC.  (GLSHQ)",2023-10-31,,1,2023-10-31,8K_FTS+8K_SUBMISSIONS,,2834,1,,1
1821850,Sunlight Financial Holdings Inc.,2023-10-31,,1,2023-10-31,8K_FTS+8K_SUBMISSIONS,,6199,1,,1
1813756,WeWork Inc.,2023-11-07,,1,2023-11-07,8K_FTS+8K_SUBMISSIONS,,6512,1,,1
1617669,"Unique Fabricating, Inc.  (UFABQ)",2023-11-08,,1,2023-11-08,8K_FTS+8K_SUBMISSIONS,,3714,1,,1
1504167,"Timber Pharmaceuticals, Inc.",2023-11-17,,1,2023-11-17,8K_FTS+8K_SUBMISSIONS,,2834,1,,1
1478069,CONTRAFECT Corp  (CFRXQ),2023-12-05,,1,2023-12-05,8K_FTS+8K_SUBMISSIONS,,2834,1,,1
1841800,"Nogin, Inc.",2023-12-11,,1,2023-12-11,8K_FTS+8K_SUBMISSIONS,,7389,1,,1
1826671,"Near Intelligence, Inc.",2023-12-11,,1,2023-12-11,8K_FTS+8K_SUBMISSIONS,,7374,1,,1
1640265,"GPB Holdings II, LP",2023-12-13,,1,2023-12-13,8K_FTS+8K_SUBMISSIONS,,8742,1,,1
1578742,"GPB Automotive Portfolio, LP",2023-12-13,,1,2023-12-13,8K_FTS+8K_SUBMISSIONS,,5500,1,,1
1802749,"Lightning eMotors, Inc.  (ZEVY)",2023-12-14,,1,2023-12-14,8K_FTS+8K_SUBMISSIONS,,3711,1,,1
1784567,"Harbor Custom Development, Inc.",2023-12-15,,1,2023-12-15,8K_FTS+8K_SUBMISSIONS,,1531,1,,1
814549,EBIX INC  (EBIXQ),2023-12-19,,1,2023-12-19,8K_FTS+8K_SUBMISSIONS,,7373,1,,1
1445499,IMPEL PHARMACEUTICALS INC,2023-12-20,,1,2023-12-20,8K_FTS+8K_SUBMISSIONS,,2834,1,,1
1698113,"PARTS iD, Inc.",2023-12-26,,1,2023-12-26,8K_FTS+8K_SUBMISSIONS,,7311,1,,1
1861449,"Bird Global, Inc.  (BRDSQ)",2023-12-26,,1,2023-12-26,8K_FTS+8K_SUBMISSIONS,,3751,1,,1
1855631,"AERWINS Technologies Inc.  (AWIN, AWINW)",2024-01-03,,1,2024-01-03,8K_FTS+8K_SUBMISSIONS,,3721,1,,1
1368148,"ATHERSYS, INC / NEW  (ATHXQ)",2024-01-08,,1,2024-01-08,8K_FTS+8K_SUBMISSIONS,,2834,1,,1
1067837,"AUDACY, INC.  (AUDAQ)",2024-01-08,,1,2024-01-08,8K_FTS+8K_SUBMISSIONS,,4832,1,,1
1622244,"One World Products, Inc.  (OWPC)",2024-01-19,,1,2024-01-19,8K_FTS+8K_SUBMISSIONS,,2834,1,,1
1292519,INVIVO THERAPEUTICS HOLDINGS CORP.,2024-02-01,,1,2024-02-01,8K_FTS+8K_SUBMISSIONS,,3841,1,,1
874292,ADDVANTAGE TECHNOLOGIES GROUP INC  (AEYGQ),2024-02-01,,1,2024-02-01,8K_FTS+8K_SUBMISSIONS,,5000,1,,1
1402479,"MedAvail Holdings, Inc.  (MDVLQ)",2024-02-02,,1,2024-02-02,8K_FTS+8K_SUBMISSIONS,,5912,1,,1
1401708,NanoString Technologies Inc,2024-02-05,,1,2024-02-05,8K_FTS+8K_SUBMISSIONS,,2836,1,,1
887247,DMK PHARMACEUTICALS Corp  (DMKPQ),2024-02-05,,1,2024-02-05,8K_FTS+8K_SUBMISSIONS,,2834,1,,1
1800682,"Cano Health, Inc.",2024-02-05,,1,2024-02-05,8K_FTS+8K_SUBMISSIONS,,8011,1,,1
1172631,"Sunworks, Inc.  (SUNWQ)",2024-02-06,,1,2024-02-06,8K_FTS+8K_SUBMISSIONS,,3690,1,,1
1870129,Rose Hill Acquisition Corp,2024-02-13,,1,2024-02-13,8K_FTS+8K_SUBMISSIONS,,6770,1,,1
1551693,"Sientra, Inc.",2024-02-13,,1,2024-02-13,8K_FTS+8K_SUBMISSIONS,,3842,1,,1
1501134,Invitae Corp,2024-02-14,,1,2024-02-14,8K_FTS+8K_SUBMISSIONS,,8071,1,,1
1347652,"CorEnergy Infrastructure Trust, Inc.",2024-02-26,,1,2024-02-26,8K_FTS+8K_SUBMISSIONS,,6798,1,,1
1780097,"Baudax Bio, Inc.  (BXRXQ)",2024-02-28,,1,2024-02-28,8K_FTS+8K_SUBMISSIONS,,2834,1,,1
1078207,BOWFLEX INC.  (BFXXQ),2024-03-05,,1,2024-03-05,8K_FTS+8K_SUBMISSIONS,,3949,1,,1
1277250,"Charge Enterprises, Inc.",2024-03-12,1988-03-28,2,1988-03-28;2024-03-12,8K_FTS+8K_SUBMISSIONS,,4822,1,,1
1592057,Enviva Inc.  (EVA),2024-03-13,,1,2024-03-13,8K_FTS+8K_SUBMISSIONS,,2400,1,,1
1834585,JOANN Inc.,2024-03-18,,1,2024-03-18,8K_FTS+8K_SUBMISSIONS,,5940,1,,1
1029744,SONIC FOUNDRY INC  (SOFO),2024-03-22,,1,2024-03-22,8K_FTS+8K_SUBMISSIONS,,3663,1,,1
1711291,CURO Group Holdings Corp.,2024-03-25,,1,2024-03-25,8K_FTS+8K_SUBMISSIONS,,6199,1,,1
1305253,"Eiger BioPharmaceuticals, Inc.  (EIGRQ)",2024-04-01,,1,2024-04-01,8K_FTS+8K_SUBMISSIONS,,2836,1,,1
1823882,Airspan Networks Holdings Inc.  (MIMOQ),2024-04-01,,1,2024-04-01,8K_FTS+8K_SUBMISSIONS,,3663,1,,1
1008848,"Acorda Therapeutics, Inc.",2024-04-02,,1,2024-04-02,8K_FTS+8K_SUBMISSIONS,,2836,1,,1
1653247,Waitr Holdings Inc.  (ASAPQ),2024-04-02,,1,2024-04-02,8K_FTS+8K_SUBMISSIONS,,7389,1,,1
1333835,Casa Systems Inc,2024-04-03,,1,2024-04-03,8K_FTS+8K_SUBMISSIONS,,3663,1,,1
1811856,"View, Inc.",2024-04-03,,1,2024-04-03,8K_FTS+8K_SUBMISSIONS,,3211,1,,1
895665,"Clearday, Inc.  (CLRD)",2024-04-05,,1,2024-04-05,8K_FTS+8K_SUBMISSIONS,,8050,1,,1
867028,"FOMO WORLDWIDE, INC.  (IGOT)",2024-04-15,,1,2024-04-15,8K_FTS+8K_SUBMISSIONS,,6799,1,,1
1600847,Gamida Cell Ltd.,2024-04-22,,1,2024-04-22,8K_FTS+8K_SUBMISSIONS,,2836,1,,1
1483510,"EXPRESS, INC.  (EXPRQ)",2024-04-22,,1,2024-04-22,8K_FTS+8K_SUBMISSIONS,,5600,1,,1
834285,"REPUBLIC FIRST BANCORP INC  (FRBK, FRBKQ)",2024-04-29,,1,2024-04-29,8K_FTS+8K_SUBMISSIONS,,6022,1,,1
1353538,"Appgate, Inc.",2024-05-06,,1,2024-05-06,8K_FTS+8K_SUBMISSIONS,,7372,1,,1
1934064,"ProSomnus, Inc.",2024-05-08,,1,2024-05-08,8K_FTS+8K_SUBMISSIONS,,3841,1,,1
1628945,Cue Health Inc.  (HLTHQ),2024-05-28,,1,2024-05-28,8K_FTS+8K_SUBMISSIONS,,3826,1,,1
1168081,Desert Hawk Gold Corp.,2024-05-28,,1,2024-05-28,8K_FTS+8K_SUBMISSIONS,,1040,1,,1
1811109,"Applied UV, Inc.  (AUVIQ)",2024-05-31,,1,2024-05-31,8K_FTS+8K_SUBMISSIONS,,3640,1,,1
730255,CalAmp Corp.,2024-06-03,,1,2024-06-03,8K_FTS+8K_SUBMISSIONS,,3663,1,,1
1634447,"ISUN, INC.  (ISUNQ)",2024-06-07,,1,2024-06-07,8K_FTS+8K_SUBMISSIONS,,3674,1,,1
1651944,"DermTech, Inc.  (DMTKQ)",2024-06-18,,1,2024-06-18,8K_FTS+8K_SUBMISSIONS,,8071,1,,1
1519401,Regional Management Corp.,2024-06-20,,1,2024-06-20,8K_SUBMISSIONS,,6141.0,1,,1
1790665,Greenrose Holding Co Inc.,2024-06-21,,1,2024-06-21,8K_FTS+8K_SUBMISSIONS,,5990,1,,1
1720990,Fisker Inc./DE  (FSRNQ),2024-06-24,,1,2024-06-24,8K_FTS+8K_SUBMISSIONS,,3711,1,,1
1101396,"DELTA APPAREL, INC  (DLAPQ)",2024-07-01,,1,2024-07-01,8K_FTS+8K_SUBMISSIONS,,5130,1,,1
1784851,"Shapeways Holdings, Inc.  (SHPWQ)",2024-07-03,,1,2024-07-03,8K_FTS+8K_SUBMISSIONS,,3990,1,,1
1834045,"Vintage Wine Estates, Inc.  (VWESQ, VWEWQ)",2024-07-24,,1,2024-07-24,8K_FTS+8K_SUBMISSIONS,,2080,1,,1
1223389,CONNS INC  (CONNQ),2024-07-25,,1,2024-07-25,8K_FTS+8K_SUBMISSIONS,,5731,1,,1
1459417,"2U, Inc.  (TWOUQ)",2024-07-25,,1,2024-07-25,8K_FTS+8K_SUBMISSIONS,,7372,1,,1
764195,VBI Vaccines Inc/BC  (VBIVQ),2024-07-30,,1,2024-07-30,8K_FTS+8K_SUBMISSIONS,,2834,1,,1
867773,SUNPOWER CORP  (SPWRQ),2024-08-06,,1,2024-08-06,8K_FTS+8K_SUBMISSIONS,,3674,1,,1
1431959,META MATERIALS INC.  (MMATQ),2024-08-09,,1,2024-08-09,8K_FTS+8K_SUBMISSIONS,,3674,1,,1
1396033,"LL Flooring Holdings, Inc.  (LLFLQ)",2024-08-12,,1,2024-08-12,8K_FTS+8K_SUBMISSIONS,,5211,1,,1
719274,"GRESHAM WORLDWIDE, INC.  (GIGA)",2024-08-16,,1,2024-08-16,8K_FTS+8K_SUBMISSIONS,,3825,1,,1
1391127,"Edgio, Inc.  (EGIO)",2024-09-09,,1,2024-09-09,8K_FTS+8K_SUBMISSIONS,,7389,1,,1
768835,BIG LOTS INC  (BIG),2024-09-10,,2,2024-09-10;2025-10-30,8K_FTS+8K_SUBMISSIONS,,5331,1,,1
1465470,NaturalShrimp Inc  (SHMP),2024-09-13,,1,2024-09-13,8K_FTS+8K_SUBMISSIONS,,0900,1,,1
1723580,"BurgerFi International, Inc.  (BFI, BFIIW)",2024-09-17,,1,2024-09-17,8K_FTS+8K_SUBMISSIONS,,5812,1,,1
1008654,TUPPERWARE BRANDS CORP  (TUP),2024-09-18,,1,2024-09-18,8K_FTS+8K_SUBMISSIONS,,3089,1,,1
890447,Vertex Energy Inc.  (VTNR),2024-09-26,,1,2024-09-26,8K_FTS+8K_SUBMISSIONS,,2911,1,,1
811240,"BIOLASE, INC  (BIOL)",2024-10-01,,1,2024-10-01,8K_FTS+8K_SUBMISSIONS,,3843,1,,1
1876945,"Gold Flora Corp.  (GRAM, GRAMW)",2024-10-07,,1,2024-10-07,8K_FTS+8K_SUBMISSIONS,,0100,1,,1
1656634,"Gritstone bio, Inc.  (GRTS)",2024-10-10,,1,2024-10-10,8K_FTS+8K_SUBMISSIONS,,2836,1,,1
1603207,"Notable Labs, Ltd.  (NTBL)",2024-10-15,,1,2024-10-15,8K_FTS+8K_SUBMISSIONS,,2834,1,,1
356590,"GLOBAL TECH INDUSTRIES GROUP, INC.  (GTII)",2024-10-28,,1,2024-10-28,8K_FTS+8K_SUBMISSIONS,,8741,1,,1
1675634,"ShiftPixy, Inc.  (PIXY)",2024-10-29,,1,2024-10-29,8K_FTS+8K_SUBMISSIONS,,7361,1,,1
1996210,"BLUM HOLDINGS, INC.  (BLMH)",2024-11-08,,1,2024-11-08,8K_FTS+8K_SUBMISSIONS,,5900,1,,1
1559998,"Gaucho Group Holdings, Inc.  (VINO)",2024-11-12,,1,2024-11-12,8K_FTS+8K_SUBMISSIONS,,6552,1,,1
1580864,"Vroom, Inc.  (VRM)",2024-11-13,,1,2024-11-13,8K_FTS+8K_SUBMISSIONS,,5500,1,,1
1813914,"CareMax, Inc.  (CMAX, CMAXW)",2024-11-18,,1,2024-11-18,8K_FTS+8K_SUBMISSIONS,,8050,1,,1
1498710,"Spirit Airlines, Inc.  (SAVE)",2024-11-18,,1,2024-11-18,8K_FTS+8K_SUBMISSIONS,,4512,1,,1
1017491,"SEELOS THERAPEUTICS, INC.  (SEEL)",2024-11-22,,1,2024-11-22,8K_FTS+8K_SUBMISSIONS,,2834,1,,1
1616318,Vista Outdoor Inc.,2024-11-27,,1,2024-11-27,8K_SUBMISSIONS,,3480.0,1,,1
1537028,"Independence Contract Drilling, Inc.  (ICDI)",2024-12-03,,1,2024-12-03,8K_FTS+8K_SUBMISSIONS,,1381,1,,1
1121702,"YIELD10 BIOSCIENCE, INC.  (YTEN)",2024-12-06,,1,2024-12-06,8K_FTS+8K_SUBMISSIONS,,0100,1,,1
837852,"IDEANOMICS, INC.  (IDEX)",2024-12-06,,1,2024-12-06,8K_FTS+8K_SUBMISSIONS,,3711,1,,1
1127993,"GALAXY NEXT GENERATION, INC.  (GAXYQ)",2024-12-12,,1,2024-12-12,8K_FTS+8K_SUBMISSIONS,,7830,1,,1
1584754,"Akoustis Technologies, Inc.  (AKTS)",2024-12-16,,1,2024-12-16,8K_FTS+8K_SUBMISSIONS,,3661,1,,1
1835972,"iLearningEngines, Inc.  (AILE, AILEW)",2024-12-23,,1,2024-12-23,8K_FTS+8K_SUBMISSIONS,,7372,1,,1
1411688,"Container Store Group, Inc.  (TCS, TCSG)",2024-12-23,,1,2024-12-23,8K_FTS+8K_SUBMISSIONS,,5700,1,,1
1580063,"BIORA THERAPEUTICS, INC.  (BIOR)",2024-12-30,,1,2024-12-30,8K_FTS+8K_SUBMISSIONS,,2834,1,,1
1828852,"Mondee Holdings, Inc.  (MOND)",2025-01-15,,1,2025-01-15,8K_FTS+8K_SUBMISSIONS,,4700,1,,0
1750153,"Canoo Inc.  (GOEV, GOEVW)",2025-01-21,,1,2025-01-21,8K_FTS+8K_SUBMISSIONS,,3714,1,,0
1886799,Bright Green Corp  (BGXX),2025-01-28,,1,2025-01-28,8K_FTS+8K_SUBMISSIONS,,2833,1,,0
1438901,"Auto Parts 4Less Group, Inc.",2025-02-05,,1,2025-02-05,8K_FTS+8K_SUBMISSIONS,,7389,1,,0
1506928,Avinger Inc  (AVGR),2025-02-10,,1,2025-02-10,8K_FTS+8K_SUBMISSIONS,,3841,1,,0
1850838,"Omega Therapeutics, Inc.  (OMGA)",2025-02-14,,1,2025-02-14,8K_FTS+8K_SUBMISSIONS,,2836,1,,0
1731289,Nikola Corp  (NKLA),2025-02-19,,1,2025-02-19,8K_FTS+8K_SUBMISSIONS,,3711,1,,0
1098880,IntelGenx Technologies Corp.,2025-02-28,,1,2025-02-28,8K_FTS+8K_SUBMISSIONS,,2834,1,,0
1162461,CUTERA INC  (CUTR),2025-03-05,,1,2025-03-05,8K_FTS+8K_SUBMISSIONS,,3845,1,,0
933738,ENGLOBAL CORP  (ENGC),2025-03-06,,1,2025-03-06,8K_FTS+8K_SUBMISSIONS,,8711,1,,0
1101680,DZS INC.  (DZSI),2025-03-14,,1,2025-03-14,8K_FTS+8K_SUBMISSIONS,,3661,1,,0
1779020,"Danimer Scientific, Inc.  (DNMR, DNMRW)",2025-03-18,,1,2025-03-18,8K_FTS+8K_SUBMISSIONS,,2821,1,,0
1792581,"Kiromic Biopharma, Inc.  (KRBP)",2025-03-21,,1,2025-03-21,8K_FTS+8K_SUBMISSIONS,,2836,1,,0
1804591,23andMe Holding Co.  (ME),2025-03-24,,1,2025-03-24,8K_FTS+8K_SUBMISSIONS,,2834,1,,0
1830210,"Benson Hill, Inc.  (BHIL, BHILW)",2025-03-25,,1,2025-03-25,8K_FTS+8K_SUBMISSIONS,,2000,1,,0
1099132,MANHATTAN SCIENTIFICS INC,2025-04-08,,1,2025-04-08,8K_FTS+8K_SUBMISSIONS,,3690,1,,0
748790,"Global Clean Energy Holdings, Inc.  (GCEH)",2025-04-18,,1,2025-04-18,8K_FTS+8K_SUBMISSIONS,,2860,1,,0
1183765,"Molecular Templates, Inc.",2025-04-24,,1,2025-04-24,8K_FTS+8K_SUBMISSIONS,,2834,1,,0
105319,"WW INTERNATIONAL, INC.  (WW)",2025-05-07,,1,2025-05-07,8K_FTS+8K_SUBMISSIONS,,7200,1,,0
727207,"Accelerate Diagnostics, Inc  (AXDX)",2025-05-08,,1,2025-05-08,8K_FTS+8K_SUBMISSIONS,,3826,1,,0
1828811,Li-Cycle Holdings Corp.  (LICYF),2025-05-19,,1,2025-05-19,8K_FTS+8K_SUBMISSIONS,,4955,1,,0
1537561,"Arch Therapeutics, Inc.",2025-05-23,,1,2025-05-23,8K_FTS+8K_SUBMISSIONS,,3841,1,,0
1906133,iCoreConnect Inc.  (ICCT),2025-06-03,,1,2025-06-03,8K_FTS+8K_SUBMISSIONS,,7372,1,,0
1772695,Sunnova Energy International Inc.  (NOVA),2025-06-09,,1,2025-06-09,8K_FTS+8K_SUBMISSIONS,,4931,1,,0
1783875,4Front Ventures Corp.  (FFNTF),2025-06-10,,1,2025-06-10,8K_FTS+8K_SUBMISSIONS,,2833,1,,0
895419,"WOLFSPEED, INC.  (WOLF)",2025-07-01,,1,2025-07-01,8K_FTS+8K_SUBMISSIONS,,3674,1,,0
1389002,MARIN SOFTWARE INC  (MRIN),2025-07-03,,1,2025-07-03,8K_FTS+8K_SUBMISSIONS,,7374,1,,0
1842356,"Wag! Group Co.  (PET, PETWW)",2025-07-21,,1,2025-07-21,8K_FTS+8K_SUBMISSIONS,,7200,1,,0
799698,LadRx Corp  (LADX),2025-07-31,,1,2025-07-31,8K_FTS+8K_SUBMISSIONS,,2836,1,,0
844887,DIAMONDHEAD CASINO CORP  (DHCC),2025-08-04,,1,2025-08-04,8K_FTS+8K_SUBMISSIONS,,7011,1,,0
1455684,"TPI COMPOSITES, INC  (TPIC)",2025-08-15,,1,2025-08-15,8K_FTS+8K_SUBMISSIONS,,3510,1,,0
1220754,ModivCare Inc  (MODV),2025-08-21,,1,2025-08-21,8K_FTS+8K_SUBMISSIONS,,4700,1,,0
1413909,DSG Global Inc.,2025-08-28,,1,2025-08-28,8K_SUBMISSIONS,,7373.0,1,,0
1805024,Amergent Hospitality Group Inc.,2025-09-12,,1,2025-09-12,8K_FTS+8K_SUBMISSIONS,,5810,1,,0
1210618,"SPI Energy Co., Ltd.  (SPIEF)",2025-09-17,,1,2025-09-17,8K_FTS+8K_SUBMISSIONS,,3674,1,,0
1893311,LUXURBAN HOTELS INC.,2025-09-18,,1,2025-09-18,8K_FTS+8K_SUBMISSIONS,,6500,1,,0
1643988,"Loop Media, Inc.  (LPTV)",2025-10-20,,1,2025-10-20,8K_FTS+8K_SUBMISSIONS,,7363,1,,0
1456772,"OFFICE PROPERTIES INCOME TRUST  (OPI, OPINL)",2025-10-31,,1,2025-10-31,8K_FTS+8K_SUBMISSIONS,,6500,1,,0
1761510,TILT Holdings Inc.  (TLLTF),2025-11-07,,1,2025-11-07,8K_FTS+8K_SUBMISSIONS,,2111,1,,0
1819395,"Sonder Holdings Inc.  (SOND, SONDW)",2025-11-14,,1,2025-11-14,8K_FTS+8K_SUBMISSIONS,,7000,1,,0
1539029,"Clearside Biomedical, Inc.  (CLSD)",2025-11-25,,1,2025-11-25,8K_FTS+8K_SUBMISSIONS,,2834,1,,0
1721741,"Lazydays Holdings, Inc.  (GORV)",2025-12-01,,1,2025-12-01,8K_FTS+8K_SUBMISSIONS,,5500,1,,0
1758057,"Luminar Technologies, Inc./DE  (LAZR)",2025-12-15,,1,2025-12-15,8K_FTS+8K_SUBMISSIONS,,3714,1,,0
1159167,IROBOT CORP  (IRBT),2025-12-15,,1,2025-12-15,8K_FTS+8K_SUBMISSIONS,,3630,1,,0
846475,ZYNEX INC  (ZYXI),2025-12-16,,1,2025-12-16,8K_FTS+8K_SUBMISSIONS,,3845,1,,0
720875,DYNATRONICS CORP,2026-01-12,,1,2026-01-12,8K_SUBMISSIONS,,3841.0,1,,0
2011954,Twin Hospitality Group Inc.,2026-01-27,,1,2026-01-27,8K_SUBMISSIONS,,5812.0,1,,0
1705012,"Fat Brands, Inc",2026-01-27,,1,2026-01-27,8K_SUBMISSIONS,,5812.0,1,,0
1532286,"Nine Energy Service, Inc.",2026-02-02,,1,2026-02-02,8K_SUBMISSIONS,,1389.0,1,,0
861459,GRANITE CONSTRUCTION INC,2026-02-18,,1,2026-02-18,8K_SUBMISSIONS,,1600.0,1,,0
1015155,CHARLES & COLVARD LTD,2026-03-04,,1,2026-03-04,8K_SUBMISSIONS,,3910.0,1,,0
1776738,Cannabist Co Holdings Inc.,2026-03-24,,1,2026-03-24,8K_SUBMISSIONS,,100.0,1,,0
1659323,Iterum Therapeutics plc,2026-03-27,,1,2026-03-27,8K_SUBMISSIONS,,2834.0,1,,0
1865494,"IO Biotech, Inc.",2026-03-31,,1,2026-03-31,8K_SUBMISSIONS,,2834.0,1,,0
1347242,LIPELLA PHARMACEUTICALS INC.,2026-03-31,,1,2026-03-31,8K_SUBMISSIONS,,2834.0,1,,0
1254699,"QVC Group, Inc.",2026-04-17,,1,2026-04-17,8K_SUBMISSIONS,,5961.0,1,,0
1355096,"Old QVC Group, Inc.",2026-04-17,,1,2026-04-17,8K_SUBMISSIONS,,5961.0,1,,0
1413754,"MARIZYME, INC.",2026-04-17,,1,2026-04-17,8K_SUBMISSIONS,,3841.0,1,,0
1817511,SOCIETY PASS INCORPORATED.,2026-05-14,,1,2026-05-14,8K_SUBMISSIONS,,7389.0,1,,0
1901799,Bitcoin Depot Inc.,2026-05-18,,1,2026-05-18,8K_SUBMISSIONS,,6199.0,1,,0
1519061,Trinseo PLC,2026-05-26,,1,2026-05-26,8K_SUBMISSIONS,,2821.0,1,,0
720154,"Inotiv, Inc.",2026-06-03,,1,2026-06-03,8K_SUBMISSIONS,,8731.0,1,,0
1808220,"GoHealth, Inc.",2026-06-08,,1,2026-06-08,8K_SUBMISSIONS,,6411.0,1,,0
827187,Sleep Number Corp,2026-06-12,,1,2026-06-12,8K_SUBMISSIONS,,2510.0,1,,0
1001233,"SANGAMO THERAPEUTICS, INC",2026-06-23,,1,2026-06-23,8K_SUBMISSIONS,,2836.0,1,,0
842722,"Fuse Science, Inc.",2026-07-17,,1,2026-07-17,8K_SUBMISSIONS,,4581.0,1,,0
1415404,EchoStar CORP,2026-08-03,,1,2026-08-03,8K_SUBMISSIONS,,4899.0,1,,0
1533758,Hughes Satellite Systems Corp,2026-08-03,,1,2026-08-03,8K_SUBMISSIONS,,4899.0,1,,0
1873722,Bubblr Inc.,2026-08-24,,1,2026-08-24,8K_SUBMISSIONS,,7370.0,1,,0
1720893,"BioXcel Therapeutics, Inc.",2026-08-28,,1,2026-08-28,8K_SUBMISSIONS,,2834.0,1,,0
