cik,name,ticker,sic,sic_desc,sic_source,exchanges,is_bankrupt,event_date,pilot_class,n_10k_win,n_10q_win,first_period,last_period,last_filing,has_companyfacts
1004980,PG&E Corp,PCG,4931.0,Electric & Other Services Combined,submissions,"NYSE,NYSE,NYSE,NYSE,NYSE,NYSE,NYSE,NYSE,NYSE,NYSE",1,2019-01-14,positive,18,45,1997-03-31,2026-06-30,2026-07-23,1
1005414,TOYS R US INC,,5945.0,"Retail-Hobby, Toy & Game Shops",submissions,,1,2017-09-19,positive,8,24,1996-05-04,2017-10-28,2017-12-19,1
1008654,TUPPERWARE BRANDS CORP,,3089.0,"Plastics Products, NEC",submissions,,1,2024-09-18,positive,15,42,1996-03-30,2023-09-30,2024-03-29,1
1008848,"Acorda Therapeutics, Inc.",,2836.0,"Biological Products, (No Diagnostic Substances)",submissions,,1,2024-04-02,positive,16,44,2005-12-31,2024-03-31,2024-05-14,1
1009672,CARBO CERAMICS INC,,3290.0,"Abrasive, Asbestos & Misc Nonmetallic Mineral Prods",submissions,,1,2020-03-30,positive,10,31,1996-03-31,2019-12-31,2020-05-15,1
1009759,"Capstone Energy Plus, Inc.",CEPL,3510.0,Engines & Turbines,submissions,Nasdaq,1,2023-09-28,positive,16,47,2000-06-30,2026-06-30,2026-08-12,1
1010086,SIGA TECHNOLOGIES INC,SIGA,2834.0,Pharmaceutical Preparations,submissions,Nasdaq,1,2014-09-18,positive,16,47,1997-09-30,2026-06-30,2026-08-06,1
1010286,FiberTower CORP,,4812.0,Radiotelephone Communications,submissions,,1,2012-07-17,positive,1,5,1996-09-30,2011-06-30,2011-08-08,1
1012477,AVADEL PHARMACEUTICALS PLC,,2834.0,Pharmaceutical Preparations,submissions,,1,2019-02-12,positive,13,28,2015-12-31,2025-09-30,2025-11-04,1
1013238,ARADIGM CORP,,3845.0,Electromedical & Electrotherapeutic Apparatus,submissions,,1,2019-02-19,positive,11,27,1996-06-30,2018-09-30,2018-11-15,1
1013606,ENDOLOGIX INC /DE/,,3841.0,Surgical & Medical Instruments & Apparatus,submissions,,1,2020-07-09,positive,11,33,1996-06-30,2020-06-30,2020-08-07,1
1013871,"NRG ENERGY, INC.",NRG,4911.0,Electric Services,submissions,NYSE,1,2017-06-14,positive,17,46,1998-03-31,2026-06-30,2026-08-04,1
1014052,"Digerati Technologies, Inc.",DTGI,7374.0,Services-Computer Processing & Data Preparation,submissions,OTC,1,2013-06-05,positive,18,48,1997-10-31,2024-04-30,2024-06-14,1
1014763,"Ainos, Inc.",AIMD,3577.0,"Computer Peripheral Equipment, NEC",submissions,"Nasdaq,Nasdaq",1,2013-11-01,positive,18,52,2008-03-31,2026-06-30,2026-08-03,1
1017491,"SEELOS THERAPEUTICS, INC.",,2834.0,Pharmaceutical Preparations,submissions,,1,2024-11-22,positive,16,46,2000-12-31,2024-06-30,2024-08-14,1
1018005,COLDWATER CREEK INC,,5621.0,Retail-Women's Clothing Stores,submissions,,1,2014-04-11,positive,4,12,1997-03-01,2013-11-02,2013-12-12,1
1020448,IMPERIAL PETROLEUM RECOVERY CORP,,3533.0,Oil & Gas Field Machinery & Equipment,submissions,,1,2013-04-05,positive,2,3,2010-10-31,2011-10-31,2012-12-05,1
1020475,"GRANDPARENTS.COM, INC.",,7374.0,Services-Computer Processing & Data Preparation,submissions,,1,2017-04-17,positive,7,24,2008-06-30,2016-09-30,2016-11-14,1
1021096,"Troika Media Group, Inc.",,4841.0,Cable & Other Pay Television Services,submissions,,1,2016-07-12,positive,16,33,2008-03-31,2023-09-30,2023-12-21,1
1022646,ULTRA PETROLEUM CORP,,1311.0,Crude Petroleum & Natural Gas,submissions,,1,2016-04-29,positive,14,32,2001-06-30,2020-06-30,2020-08-07,1
1023291,Energy Future Holdings Corp /TX/,,4911.0,Electric Services,submissions,,1,2014-04-29,positive,7,21,1997-09-30,2016-09-30,2016-11-01,1
1023362,POWERWAVE TECHNOLOGIES INC,,3663.0,Radio & Tv Broadcasting & Communications Equipment,submissions,,1,2013-01-28,positive,7,11,1997-03-30,2012-09-30,2013-01-17,1
1023734,"BPZ RESOURCES, INC.",,1311.0,Crude Petroleum & Natural Gas,submissions,,1,2015-03-09,positive,5,17,1997-09-30,2015-03-31,2015-05-11,1
1023994,OLENOX INDUSTRIES INC.,OLOX,5030.0,Wholesale-Lumber & Other Construction Materials,submissions,Nasdaq,1,2016-07-07,positive,19,46,1999-03-31,2026-06-30,2026-08-19,1
1024126,"PERNIX THERAPEUTICS HOLDINGS, INC.",,2834.0,Pharmaceutical Preparations,submissions,,1,2019-02-19,positive,9,28,1996-12-31,2018-09-30,2018-11-13,1
1024452,SMF Energy Liquidating Trust,,5172.0,Wholesale-Petroleum & Petroleum Products (No Bulk Stations),submissions,,1,2012-04-16,positive,3,6,1998-01-31,2011-12-31,2012-02-14,1
1029744,SONIC FOUNDRY INC,,3663.0,Radio & Tv Broadcasting & Communications Equipment,submissions,,1,2024-03-22,positive,19,41,1999-09-30,2023-09-30,2024-01-29,1
1030058,WORLDGATE COMMUNICATIONS INC,,4841.0,Cable & Other Pay Television Services,submissions,,1,2012-03-30,positive,1,7,1999-03-31,2011-09-30,2011-11-09,1
1030749,GULFMARK OFFSHORE INC,,3533.0,Oil & Gas Field Machinery & Equipment,submissions,,1,2017-05-17,positive,9,27,1997-06-30,2018-09-30,2018-11-13,1
1031296,FIRSTENERGY CORP,FE,4911.0,Electric Services,submissions,NYSE,1,2018-04-05,positive,17,45,1998-03-31,2026-06-30,2026-07-28,1
1036848,Mega Matrix Corp.,,7812.0,Services-Motion Picture & Video Tape Production,submissions,,1,2013-03-14,positive,16,54,1997-09-30,2024-06-30,2024-08-19,1
1037016,NII HOLDINGS INC,,4812.0,Radiotelephone Communications,submissions,,1,2014-09-15,positive,14,32,1997-06-30,2019-09-30,2019-11-05,1
1037131,PLAYERS NETWORK,,4841.0,Cable & Other Pay Television Services,submissions,,1,2020-06-22,positive,11,31,2008-03-31,2018-09-30,2019-02-01,1
1037676,"ARCH RESOURCES, INC.",,1221.0,Bituminous Coal & Lignite Surface Mining,submissions,,1,2016-01-11,positive,16,47,1997-06-30,2024-09-30,2024-11-05,1
1039184,TRAILER BRIDGE INC,,4400.0,Water Transportation,submissions,,1,2011-11-16,positive,1,7,1997-06-30,2011-09-30,2011-11-22,1
1040792,Helios & Matheson Analytics Inc.,,7380.0,Services-Miscellaneous Business Services,submissions,,1,2020-01-29,positive,9,28,1999-03-31,2018-09-30,2019-03-19,1
1042418,"Inhibitor Therapeutics, Inc.",INTI,2834.0,Pharmaceutical Preparations,submissions,OTC,1,2011-01-25,positive,15,45,1998-06-30,2026-06-30,2026-08-14,1
1043156,STAR BUFFET INC,,5812.0,Retail-Eating  Places,submissions,,1,2011-09-30,positive,9,30,1997-11-03,2019-11-04,2019-12-17,1
1044378,BIOCEPT INC,,8071.0,Services-Medical Laboratories,submissions,,1,2023-10-16,positive,12,31,2013-12-31,2023-06-30,2023-08-14,1
1045014,GAMETECH INTERNATIONAL INC,,7990.0,Services-Miscellaneous Amusement & Recreation,submissions,,1,2012-07-02,positive,3,7,1997-10-31,2012-01-29,2012-05-31,1
1045309,W R GRACE & CO,,2800.0,Chemicals & Allied Products,submissions,,1,2014-02-07,positive,12,35,1998-03-31,2021-06-30,2021-08-02,1
1045742,LIVE VENTURES Inc,LIVE,5900.0,Retail-Miscellaneous Retail,submissions,Nasdaq,1,2019-12-13,positive,19,53,2004-12-31,2026-06-30,2026-08-13,1
1046880,CENTRAL EUROPEAN DISTRIBUTION CORP,,5180.0,"Wholesale-Beer, Wine & Distilled Alcoholic Beverages",submissions,,1,2013-04-07,positive,5,13,1998-06-30,2013-03-31,2013-06-28,1
1047919,AMBIENT CORP /NY,,4813.0,Telephone Communications (No Radiotelephone),submissions,,1,2014-07-29,positive,5,14,2003-06-30,2014-03-31,2014-05-15,1
104897,"WSI INDUSTRIES, INC.",,3540.0,Metalworkg Machinery & Equipment,submissions,,1,2017-10-23,positive,8,27,1995-02-26,2018-05-27,2018-06-14,1
1051251,J CREW GROUP INC,,5600.0,Retail-Apparel & Accessory Stores,submissions,,1,2020-05-04,positive,10,29,1998-01-31,2019-11-02,2019-12-02,1
1055454,SCHOOL SPECIALTY INC,,5000.0,Wholesale-Durable Goods,submissions,,1,2013-01-28,positive,13,31,1998-04-25,2019-12-28,2020-05-19,1
105608,AG&E HOLDINGS INC.,,3663.0,Radio & Tv Broadcasting & Communications Equipment,submissions,,1,2018-10-18,positive,10,26,1995-03-31,2018-06-30,2018-08-14,1
1056087,MCCLATCHY CO,,2711.0,Newspapers: Publishing or  Publishing & Printing,submissions,,1,2020-02-13,positive,13,33,1997-12-31,2020-06-28,2020-09-30,1
1056386,Internap Corp,,7370.0,"Services-Computer Programming, Data Processing, Etc.",submissions,,1,2020-03-16,positive,10,30,1999-09-30,2019-12-31,2020-05-08,1
1056756,NBC ACQUISITION CORP,,5190.0,Wholesale-Miscellaneous Nondurable Goods,submissions,,1,2011-06-27,positive,2,7,1998-06-30,2011-12-31,2012-02-14,1
1058623,CUMULUS MEDIA INC,CMLS,4832.0,Radio Broadcasting Stations,submissions,OTC,1,2017-11-29,positive,17,45,1998-06-30,2026-06-30,2026-08-14,1
1058767,BIOMODA INC/NM,,8060.0,Services-Hospitals,submissions,,1,2013-11-25,positive,2,9,2008-03-31,2012-09-30,2012-11-19,1
1060990,QUICKSILVER RESOURCES INC,,1311.0,Crude Petroleum & Natural Gas,submissions,,1,2015-03-17,positive,8,19,1998-12-31,2015-09-30,2016-03-14,1
1062613,FAIRPOINT COMMUNICATIONS INC,,4813.0,Telephone Communications (No Radiotelephone),submissions,,1,2011-01-14,positive,7,24,1998-09-30,2017-03-31,2017-05-04,1
106455,WESTMORELAND COAL Co,,1221.0,Bituminous Coal & Lignite Surface Mining,submissions,,1,2018-10-09,positive,9,27,1993-12-31,2018-09-30,2018-11-01,1
1064728,PEABODY ENERGY CORP,BTU,1221.0,Bituminous Coal & Lignite Surface Mining,submissions,NYSE,1,2016-04-13,positive,18,47,1998-09-30,2026-06-30,2026-08-06,1
1065059,CENTRUS ENERGY CORP,LEU,1400.0,Mining & Quarrying of  Nonmetallic Minerals (No Fuels),submissions,NYSE,1,2014-03-05,positive,17,47,1998-06-30,2026-06-30,2026-08-06,1
1066134,CORINTHIAN COLLEGES INC,,8200.0,Services-Educational Services,submissions,,1,2015-05-04,positive,4,13,1998-12-31,2014-03-31,2014-05-12,1
1066719,"Taihe Group, Inc.",,8071.0,Services-Medical Laboratories,submissions,,1,2023-08-18,positive,3,4,2021-12-31,2023-03-31,2023-05-30,1
1067837,"AUDACY, INC.",,4832.0,Radio Broadcasting Stations,submissions,,1,2024-01-08,positive,15,45,1998-12-31,2024-06-30,2024-08-09,1
1068084,PRIVATE MEDIA GROUP INC,,2721.0,Periodicals: Publishing or  Publishing & Printing,submissions,,1,2011-08-26,positive,3,12,2001-09-30,2013-06-30,2013-08-09,1
1068874,SECURE POINT TECHNOLOGIES INC,,3829.0,"Measuring & Controlling Devices, NEC",submissions,,1,2016-10-11,positive,14,26,1999-03-31,2017-03-31,2017-05-30,1
1069353,CONEXANT SYSTEMS INC,,3674.0,Semiconductors & Related Devices,submissions,,1,2013-02-28,positive,3,11,1999-01-01,2012-06-29,2012-09-12,1
1071411,"Fusion Connect, Inc.",,7372.0,Services-Prepackaged Software,submissions,,1,2019-06-03,positive,16,29,2004-12-31,2018-09-30,2018-11-13,1
1073429,"U.S. CONCRETE, INC.",,3272.0,"Concrete Products, Except Block & Brick",submissions,,1,2010-04-29,positive,12,36,1999-06-30,2021-06-30,2021-08-05,1
1076682,"POLARITYTE, INC.",,2836.0,"Biological Products, (No Diagnostic Substances)",submissions,,1,2023-06-07,positive,17,41,2001-12-31,2023-03-31,2023-05-12,1
1076700,"PIKSEL, INC.",,8900.0,"Services-Services, NEC",submissions,,1,2013-04-25,positive,5,10,2004-06-30,2012-06-30,2012-09-10,1
1078207,BOWFLEX INC.,,3949.0,"Sporting & Athletic Goods, NEC",submissions,,1,2024-03-05,positive,14,44,1999-03-31,2024-03-31,2024-08-06,1
1080029,"Dougherty's Pharmacy, Inc.",,5912.0,Retail-Drug Stores and Proprietary Stores,submissions,,1,2019-08-30,positive,2,7,1999-12-31,2019-03-31,2019-05-23,1
1081074,"Armada Oil, Inc.",,1311.0,Crude Petroleum & Natural Gas,submissions,,1,2015-08-31,positive,5,16,2001-12-31,2015-03-31,2015-05-15,1
1084384,PARETEUM Corp,,7373.0,Services-Computer Integrated Systems Design,submissions,,1,2022-05-19,positive,21,40,2007-12-31,2021-03-31,2021-08-27,1
1084577,CYREN Ltd.,,7372.0,Services-Prepackaged Software,submissions,,1,2023-02-22,positive,4,12,2018-12-31,2022-09-30,2022-11-14,1
1085254,"HII Technologies, Inc.",,1382.0,Oil & Gas Field Exploration Services,submissions,,1,2015-09-21,positive,5,11,2008-03-31,2015-03-31,2015-05-20,1
1086303,"Hongchang International Co., Ltd",HCIL,3845.0,Electromedical & Electrotherapeutic Apparatus,submissions,OTC,1,2016-03-07,positive,17,45,1999-09-30,2025-12-31,2026-02-13,1
1086411,JOHN D. OIL & GAS CO,,1381.0,Drilling Oil & Gas Wells,submissions,,1,2011-11-28,positive,2,6,2008-03-31,2011-12-31,2012-06-14,1
1088162,MAD CATZ INTERACTIVE INC,,3944.0,"Games, Toys & Children's Vehicles (No Dolls & Bicycles)",submissions,,1,2017-03-31,positive,10,22,2005-03-31,2016-12-31,2017-02-02,1
1088787,"CD INTERNATIONAL ENTERPRISES, INC.",,8742.0,Services-Management Consulting Services,submissions,,1,2017-12-12,positive,8,24,2007-12-31,2017-03-31,2017-05-16,1
1091596,"Nuo Therapeutics, Inc.",AURX,3841.0,Surgical & Medical Instruments & Apparatus,submissions,OTC,1,2016-02-01,positive,16,44,2006-03-31,2026-06-30,2026-08-14,1
1091862,LANXESS Solutions US Inc.,,2820.0,"Plastic Material, Synth Resin/Rubber, Cellulos (No Glass)",submissions,,1,2010-11-04,positive,9,22,1999-09-30,2016-12-31,2017-04-05,1
1092839,DUNE ENERGY INC,,1389.0,"Oil & Gas Field Services, NEC",submissions,,1,2015-03-12,positive,4,15,2007-03-31,2014-09-30,2014-11-14,1
1093207,CROSSROADS SYSTEMS INC,,3577.0,"Computer Peripheral Equipment, NEC",submissions,,1,2017-08-14,positive,6,19,2000-01-31,2017-04-30,2017-05-25,1
1095996,WILLIAM LYON HOMES,,1531.0,Operative Builders,submissions,,1,2011-12-19,positive,8,29,1999-09-30,2019-09-30,2019-11-08,1
1096132,"PETRONE WORLDWIDE, INC.",,8742.0,Services-Management Consulting Services,submissions,,1,2018-07-31,positive,3,10,2000-03-30,2017-09-30,2017-12-11,1
1096339,SARATOGA RESOURCES INC /TX,,1382.0,Oil & Gas Field Exploration Services,submissions,,1,2015-06-19,positive,8,19,2008-03-31,2021-12-31,2022-04-15,1
1096481,ANGIOTECH PHARMACEUTICALS INC,,3841.0,Surgical & Medical Instruments & Apparatus,submissions,,1,2011-02-01,positive,3,12,2008-03-31,2012-12-31,2013-03-28,1
1096791,Oilsands Quest Inc,,1090.0,Miscellaneous Metal Ores,submissions,,1,2011-12-05,positive,5,9,2007-07-31,2012-01-31,2012-03-08,1
1100202,LENCO MOBILE INC.,,7310.0,Services-Advertising,submissions,,1,2014-09-11,positive,4,21,2002-04-30,2014-09-30,2015-03-05,1
1100592,"ASSURED PHARMACY, INC.",,5912.0,Retail-Drug Stores and Proprietary Stores,submissions,,1,2015-03-09,positive,4,10,2008-03-31,2014-09-30,2015-05-19,1
1101396,"DELTA APPAREL, INC",,5130.0,"Wholesale-Apparel, Piece Goods & Notions",submissions,,1,2024-07-01,positive,14,44,2000-07-01,2024-03-30,2024-05-09,1
1103345,BEACON POWER CORP,,4911.0,Electric Services,submissions,,1,2011-10-31,positive,2,7,2000-12-31,2011-09-30,2011-11-14,1
1104358,BROADVIEW NETWORKS HOLDINGS INC,,4813.0,Telephone Communications (No Radiotelephone),submissions,,1,2012-08-22,positive,6,22,2007-09-30,2017-03-31,2017-05-09,1
1105055,"DYNEGY HOLDINGS, LLC",,4911.0,Electric Services,submissions,,1,2011-11-07,positive,2,8,2000-03-31,2012-06-30,2012-09-18,1
1105533,ARGOS THERAPEUTICS INC,,2834.0,Pharmaceutical Preparations,submissions,,1,2018-12-03,positive,6,15,2013-12-31,2018-09-30,2018-11-19,1
1107332,DENDREON CORP,,2834.0,Pharmaceutical Preparations,submissions,,1,2014-11-10,positive,4,15,2000-06-30,2014-09-30,2014-11-10,1
1108730,PUBLIC MEDIA WORKS INC,,7812.0,Services-Motion Picture & Video Tape Production,submissions,,1,2011-09-26,positive,3,10,2008-08-31,2012-11-30,2013-01-22,1
1108967,"Orbital Infrastructure Group, Inc.",,5065.0,"Wholesale-Electronic Parts & Equipment, NEC",submissions,,1,2023-08-24,positive,18,42,2008-03-31,2023-03-31,2023-05-15,1
1109153,"TRISTAR WELLNESS SOLUTIONS, INC.",,9995.0,Non-Operating Establishments,submissions,,1,2016-01-15,positive,5,18,2008-03-31,2015-09-30,2015-11-16,1
1109189,"BASIC ENERGY SERVICES, INC.",,1389.0,"Oil & Gas Field Services, NEC",submissions,,1,2016-10-25,positive,13,35,2005-12-31,2021-03-31,2021-05-17,1
1109196,"MABVAX THERAPEUTICS HOLDINGS, INC.",,2834.0,Pharmaceutical Preparations,submissions,,1,2019-03-25,positive,12,31,2000-09-30,2018-09-30,2019-04-24,1
1111335,VISTEON CORP,VC,3714.0,Motor Vehicle Parts & Accessories,submissions,Nasdaq,1,2010-09-07,positive,18,46,2000-06-30,2026-06-30,2026-07-23,1
1112412,ENDEAVOUR INTERNATIONAL CORP,,1311.0,Crude Petroleum & Natural Gas,submissions,,1,2014-10-10,positive,6,19,2003-06-30,2015-06-30,2015-08-07,1
1113148,"INFINITY PHARMACEUTICALS, INC.",,2834.0,Pharmaceutical Preparations,submissions,,1,2023-09-29,positive,13,44,2000-06-30,2023-06-30,2023-08-10,1
1114605,AMERICAN SCIENTIFIC RESOURCES INC,,3841.0,Surgical & Medical Instruments & Apparatus,submissions,,1,2012-03-19,positive,1,6,2010-12-31,2011-09-30,2011-11-29,1
1116112,US FUEL CORP,,2911.0,Petroleum Refining,submissions,,1,2014-12-30,positive,5,4,2007-03-31,2014-06-30,2014-08-14,1
1116521,AVAYA INC,,3661.0,Telephone & Telegraph Apparatus,submissions,,1,2017-01-19,positive,6,20,2000-12-31,2016-06-30,2016-08-12,1
1120830,"China Natural Gas, Inc.",,4923.0,Natural Gas Transmisison & Distribution,submissions,,1,2013-02-08,positive,6,24,2007-12-31,2013-09-30,2013-11-14,1
1121702,"YIELD10 BIOSCIENCE, INC.",,100.0,Agricultural Production-Crops,submissions,,1,2024-12-06,positive,14,46,2006-09-30,2024-06-30,2024-08-14,1
1121745,ATLAS AMERICA PUBLIC #9 LTD.,,1382.0,Oil & Gas Field Exploration Services,submissions,,1,2016-07-28,positive,10,25,2008-03-31,2018-03-31,2018-05-15,1
1123647,ATP OIL & GAS CORP,,1311.0,Crude Petroleum & Natural Gas,submissions,,1,2012-08-17,positive,3,8,2001-03-31,2012-03-31,2012-05-10,1
1124024,FAR EAST ENERGY CORP,,1311.0,Crude Petroleum & Natural Gas,submissions,,1,2015-11-10,positive,9,15,2002-06-30,2014-09-30,2014-11-06,1
1124608,RESPONSE GENETICS INC,,2835.0,In Vitro & In Vivo Diagnostic Substances,submissions,,1,2015-08-11,positive,8,16,2008-03-31,2015-03-31,2015-05-15,1
1126294,"GenOn Energy, Inc.",,4911.0,Electric Services,submissions,,1,2017-06-14,positive,8,26,2001-03-31,2018-06-30,2018-08-07,1
1127342,GMX RESOURCES INC,,1311.0,Crude Petroleum & Natural Gas,submissions,,1,2013-04-01,positive,4,9,2002-03-31,2012-09-30,2012-11-09,1
1127993,"GALAXY NEXT GENERATION, INC.",,7830.0,Services-Motion Picture Theaters,submissions,,1,2024-12-12,positive,18,49,2008-06-30,2023-03-31,2023-05-24,1
1129048,"WeedHire International, Inc.",,7389.0,"Services-Business Services, NEC",submissions,,1,2016-04-08,positive,4,14,2011-09-30,2015-03-31,2015-05-15,1
1131227,HORNBECK OFFSHORE SERVICES INC /LA,,4400.0,Water Transportation,submissions,,1,2020-05-19,positive,10,31,2001-09-30,2020-03-31,2020-07-29,1
1132143,LEGEND INTERNATIONAL HOLDINGS INC,,1040.0,Gold and Silver Ores,submissions,,1,2016-05-09,positive,5,16,2007-12-31,2014-06-30,2014-08-28,1
1134016,MIDWEST GENERATION LLC,,4991.0,Cogeneration Services & Small Power Producers,submissions,,1,2012-12-21,positive,6,13,2001-03-31,2014-03-31,2014-05-06,1
1135361,Illinois Power Generating Co,,4911.0,Electric Services,submissions,,1,2016-12-09,positive,6,21,2001-03-31,2016-09-30,2016-11-10,1
1135906,"EPIRUS Biopharmaceuticals, Inc.",,2834.0,Pharmaceutical Preparations,submissions,,1,2016-07-25,positive,8,19,2005-12-31,2016-03-31,2016-05-10,1
1136294,"NOS4-1, Inc.",,1600.0,Heavy Construction Other Than Bldg Const - Contractors,submissions,,1,2023-07-24,positive,14,35,2001-06-30,2023-06-30,2023-08-16,1
1137204,"EPM Live, Inc.",,3669.0,"Communications Equipment, NEC",submissions,,1,2015-01-22,positive,8,16,2008-02-29,2014-08-31,2014-10-15,1
1137239,AMERICAS ENERGY Co - AECO,,1000.0,Metal Mining,submissions,,1,2011-12-13,positive,2,5,2008-03-31,2011-09-30,2011-11-15,1
1140310,"EnSync, Inc.",,4911.0,Electric Services,submissions,,1,2019-03-12,positive,10,26,2008-09-30,2018-09-30,2018-11-13,1
1140414,"Legend Oil & Gas, Ltd.",,1381.0,Drilling Oil & Gas Wells,submissions,,1,2014-09-25,positive,8,23,2008-03-31,2016-12-31,2017-03-31,1
1140761,GENON AMERICAS GENERATION LLC,,4911.0,Electric Services,submissions,,1,2017-06-14,positive,8,25,2001-06-30,2018-03-31,2018-05-15,1
1144834,"CIL&D, LLC",,4953.0,Refuse Systems,submissions,,1,2011-10-31,positive,4,11,2001-12-31,2013-03-31,2013-05-14,1
1157516,ATLAS AMERICA PUBLIC #10 LTD.,,1381.0,Drilling Oil & Gas Wells,submissions,,1,2016-07-28,positive,8,20,2008-03-31,2016-06-30,2016-08-15,1
1157817,"SITO MOBILE, LTD.",,7389.0,"Services-Business Services, NEC",submissions,,1,2020-10-15,positive,14,32,2008-09-30,2019-09-30,2020-02-11,1
1159154,REPUBLIC AIRWAYS HOLDINGS INC,,4512.0,"Air Transportation, Scheduled",submissions,,1,2016-02-25,positive,11,23,2004-06-30,2016-09-30,2016-10-20,1
1163332,VERTICAL HEALTH SOLUTIONS INC,,5047.0,"Wholesale-Medical, Dental & Hospital Equipment & Supplies",submissions,,1,2014-03-17,positive,5,17,2008-03-31,2013-09-30,2013-11-25,1
1166126,"Old COPPER Company, Inc.",,5311.0,Retail-Department Stores,submissions,,1,2014-01-28,positive,12,34,2002-01-26,2020-10-31,2020-12-10,1
1166291,PINNACLE AIRLINES CORP,,4512.0,"Air Transportation, Scheduled",submissions,,1,2012-04-01,positive,2,9,2003-12-31,2011-12-31,2012-05-31,1
1166365,PAPERWEIGHT DEVELOPMENT CORP,,2670.0,Converted Paper & Paperboard Prods (No Contaners/Boxes),submissions,,1,2017-10-01,positive,11,26,2002-06-30,2017-07-02,2017-08-16,1
1166380,"QUANTUM FUEL SYSTEMS TECHNOLOGIES WORLDWIDE, INC.",,3714.0,Motor Vehicle Parts & Accessories,submissions,,1,2016-03-23,positive,9,19,2002-04-30,2015-09-30,2015-11-16,1
1167178,"B456 SYSTEMS, INC.",,3690.0,"Miscellaneous Electrical Machinery, Equipment & Supplies",submissions,,1,2012-10-16,positive,3,9,2009-09-30,2012-09-30,2013-06-28,1
1168081,Desert Hawk Gold Corp.,,1040.0,Gold and Silver Ores,submissions,,1,2024-05-28,positive,15,43,2010-12-31,2023-12-31,2024-04-01,1
1168213,"ARO Liquidation, Inc.",,5600.0,Retail-Apparel & Accessory Stores,submissions,,1,2016-05-04,positive,7,21,2002-05-04,2016-07-30,2016-10-21,1
1169055,Noble Finance Co,,1381.0,Drilling Oil & Gas Wells,submissions,,1,2020-07-31,positive,16,39,2001-12-31,2022-12-31,2023-03-09,1
1169245,PhaseBio Pharmaceuticals Inc,,2834.0,Pharmaceutical Preparations,submissions,,1,2022-10-24,positive,4,12,2018-09-30,2022-06-30,2022-08-12,1
1169987,"HTG MOLECULAR DIAGNOSTICS, INC",,3826.0,Laboratory Analytical Instruments,submissions,,1,2023-06-05,positive,8,25,2015-03-31,2023-03-31,2023-05-11,1
1171012,Uni-Pixel,,3679.0,"Electronic Components, NEC",submissions,,1,2017-08-25,positive,8,24,2008-03-31,2017-06-30,2017-08-10,1
1171014,COSI INC,,5812.0,Retail-Eating  Places,submissions,,1,2016-09-28,positive,8,21,2002-12-30,2016-06-27,2016-08-11,1
1171032,BAKERS FOOTWEAR GROUP INC,,5661.0,Retail-Shoe Stores,submissions,,1,2012-10-03,positive,3,7,2004-01-03,2012-04-28,2012-06-12,1
1171079,CIRCUS & ELDORADO JOINT VENTURE,,7011.0,Hotels & Motels,submissions,,1,2012-05-17,positive,1,6,2002-03-31,2011-09-30,2011-11-14,1
1172631,"Sunworks, Inc.",,3690.0,"Miscellaneous Electrical Machinery, Equipment & Supplies",submissions,,1,2024-02-06,positive,15,44,2008-03-31,2023-09-30,2023-11-13,1
1173313,"ABVC BIOPHARMA, INC.",ABVC,2834.0,Pharmaceutical Preparations,submissions,"Nasdaq,OTC",1,2013-04-03,positive,30,61,2008-12-31,2026-06-30,2026-08-12,1
1173738,CDEX INC,,3829.0,"Measuring & Controlling Devices, NEC",submissions,,1,2012-02-10,positive,7,17,2009-01-31,2015-04-30,2015-06-15,1
1175028,ATLAS AMERICA PUBLIC #11-2002 LTD.,,1311.0,Crude Petroleum & Natural Gas,submissions,,1,2016-07-28,positive,8,20,2008-03-31,2016-06-30,2016-08-15,1
1175108,ROTECH HEALTHCARE INC,,8082.0,Services-Home Health Care Services,submissions,,1,2013-04-08,positive,2,9,2002-12-31,2012-09-30,2012-11-15,1
1176325,Skinny Nutritional Corp.,,5141.0,"Wholesale-Groceries, General Line",submissions,,1,2013-05-08,positive,2,10,2007-12-31,2012-06-30,2012-08-31,1
1178104,Dex Liquidating Co.,,3841.0,Surgical & Medical Instruments & Apparatus,submissions,,1,2017-12-15,positive,12,23,2005-12-31,2017-09-30,2017-11-09,1
1178336,Hoku Corp,,3690.0,"Miscellaneous Electrical Machinery, Equipment & Supplies",submissions,,1,2013-07-02,positive,5,7,2005-06-30,2011-12-31,2012-03-05,1
1203957,BIONOVO INC,,2834.0,Pharmaceutical Preparations,submissions,,1,2012-11-01,positive,2,8,2007-12-31,2012-03-31,2012-05-15,1
1205181,"Grapefruit USA, Inc",,3844.0,X-Ray Apparatus & Tubes & Related Irradiation Apparatus,submissions,,1,2012-09-20,positive,18,54,2008-03-31,2022-09-30,2022-11-18,1
1208261,IMMUNE PHARMACEUTICALS INC,,2834.0,Pharmaceutical Preparations,submissions,,1,2019-03-08,positive,12,27,2005-09-30,2018-09-30,2018-11-14,1
1211351,"RTW Retailwinds, Inc.",,5621.0,Retail-Women's Clothing Stores,submissions,,1,2020-07-13,positive,11,30,2004-10-30,2020-02-01,2020-06-09,1
1211805,"My Size, Inc.",MYSZ,7372.0,Services-Prepackaged Software,submissions,Nasdaq,1,2010-07-13,positive,14,38,2008-03-31,2026-06-30,2026-08-13,1
1223389,CONNS INC,,5731.0,"Retail-Radio, Tv & Consumer Electronics Stores",submissions,,1,2024-07-25,positive,16,47,2003-10-31,2024-01-31,2024-04-18,1
1230355,"BAXANO SURGICAL, INC.",,3841.0,Surgical & Medical Instruments & Apparatus,submissions,,1,2014-11-14,positive,5,14,2007-09-30,2014-06-30,2014-08-14,1
1238289,ATLAS AMERICA PUBLIC #12-2003 Limited Partnership,,1311.0,Crude Petroleum & Natural Gas,submissions,,1,2016-07-28,positive,8,21,2008-03-31,2016-06-30,2016-08-15,1
1239819,LUNA INNOVATIONS INC,,8731.0,Services-Commercial Physical & Biological Research,submissions,,1,2020-12-03,positive,14,44,2006-06-30,2023-09-30,2023-11-14,1
1255474,Whiting Holdings LLC,,1311.0,Crude Petroleum & Natural Gas,submissions,,1,2020-04-01,positive,15,37,2003-12-31,2022-03-31,2022-05-04,1
1259550,LOCAL Corp,,7389.0,"Services-Business Services, NEC",submissions,,1,2015-06-24,positive,6,18,2006-03-31,2015-03-31,2015-05-15,1
1262751,GRYPHON GOLD CORP,,1040.0,Gold and Silver Ores,submissions,,1,2013-08-01,positive,4,11,2008-06-30,2012-12-31,2013-02-14,1
1265107,MONITRONICS INTERNATIONAL INC,,7380.0,Services-Miscellaneous Business Services,submissions,,1,2019-06-30,positive,11,26,2004-09-30,2020-12-31,2021-03-19,1
1265572,KONA GRILL INC,,5812.0,Retail-Eating  Places,submissions,,1,2019-05-01,positive,9,28,2005-09-30,2018-12-31,2019-04-16,1
1268984,REDDY ICE HOLDINGS INC,,2090.0,Miscellaneous Food Preparations & Kindred Products,submissions,,1,2012-04-12,positive,3,7,2003-12-31,2012-03-31,2012-05-14,1
1274032,"Simply, Inc.",,5065.0,"Wholesale-Electronic Parts & Equipment, NEC",submissions,,1,2022-06-16,positive,13,36,2004-06-30,2022-01-29,2022-04-22,1
1274563,HELICOS BIOSCIENCES CORP,,2834.0,Pharmaceutical Preparations,submissions,,1,2012-11-15,positive,3,9,2007-06-30,2012-06-30,2012-08-14,1
1275229,"General Moly, Inc",,1000.0,Metal Mining,submissions,,1,2020-11-20,positive,12,32,2008-03-31,2020-06-30,2020-08-19,1
1275712,"GSE Holding, Inc.",,3081.0,Unsupported Plastics Film & Sheet,submissions,,1,2014-05-05,positive,4,7,2011-12-31,2014-03-31,2014-05-15,1
1276477,MORRIS PUBLISHING GROUP LLC,,2711.0,Newspapers: Publishing or  Publishing & Printing,submissions,,1,2010-01-20,positive,4,8,2004-03-31,2012-03-31,2012-05-14,1
1277250,"Charge Enterprises, Inc.",,4822.0,Telegraph & Other Message Communications,submissions,,1,2024-03-12,positive,2,6,2021-12-31,2023-09-30,2023-11-08,1
1281774,TOWN SPORTS INTERNATIONAL HOLDINGS INC,,7997.0,Services-Membership Sports & Recreation Clubs,submissions,,1,2020-09-14,positive,11,31,2004-06-30,2020-03-31,2020-09-04,1
1281922,Triangle Petroleum Corp,,1311.0,Crude Petroleum & Natural Gas,submissions,,1,2016-06-29,positive,10,23,2007-04-30,2016-10-31,2016-12-07,1
1282266,"WINDSTREAM HOLDINGS, INC.",,4813.0,Telephone Communications (No Radiotelephone),submissions,,1,2019-02-25,positive,11,32,2004-12-31,2020-06-30,2020-07-30,1
1282607,COLONY RESORTS LVH ACQUISITIONS LLC,,7011.0,Hotels & Motels,submissions,,1,2012-01-12,positive,1,6,2004-03-31,2011-06-30,2011-09-08,1
1282613,AMERICAN EAGLE ENERGY Corp,,1000.0,Metal Mining,submissions,,1,2015-05-12,positive,8,21,2008-06-30,2015-09-30,2015-11-12,1
1282648,BATTALION OIL CORP,BATL,1311.0,Crude Petroleum & Natural Gas,submissions,NYSE,1,2016-07-27,positive,19,45,2006-06-30,2026-06-30,2026-08-12,1
1283810,ATLAS AMERICA SERIES 25-2004 (A) L.P.,,1311.0,Crude Petroleum & Natural Gas,submissions,,1,2016-07-28,positive,8,20,2008-03-31,2016-06-30,2016-08-15,1
1283843,"Emerald Oil, Inc.",,1311.0,Crude Petroleum & Natural Gas,submissions,,1,2016-03-22,positive,7,20,2004-07-04,2015-09-30,2015-11-06,1
1287151,XERIUM TECHNOLOGIES INC,,2221.0,"Broadwoven Fabric Mills, Man Made Fiber & Silk",submissions,,1,2010-03-30,positive,12,26,2005-03-31,2018-06-30,2018-07-26,1
1287900,"T-REX OIL, INC.",,1311.0,Crude Petroleum & Natural Gas,submissions,,1,2012-06-28,positive,12,29,2006-03-31,2017-06-30,2019-12-04,1
1288359,OTELCO INC.,,4813.0,Telephone Communications (No Radiotelephone),submissions,,1,2013-03-25,positive,13,33,2004-12-31,2020-12-31,2021-03-16,1
1289480,"Real Mex Restaurants, Inc.",,5810.0,Retail-Eating & Drinking Places,submissions,,1,2011-10-04,positive,1,6,2004-09-26,2011-06-26,2011-09-09,1
1292519,INVIVO THERAPEUTICS HOLDINGS CORP.,,3841.0,Surgical & Medical Instruments & Apparatus,submissions,,1,2024-02-01,positive,20,44,2008-06-30,2023-09-30,2023-11-08,1
1293310,"HUMANIGEN, INC",,2834.0,Pharmaceutical Preparations,submissions,,1,2015-12-30,positive,13,35,2012-06-30,2023-03-31,2023-05-15,1
1294208,ATLAS AMERICA SERIES 25-2004 (B) L.P.,,1311.0,Crude Petroleum & Natural Gas,submissions,,1,2016-07-28,positive,8,20,2008-03-31,2016-06-30,2016-08-15,1
1294250,"Rand Logistics, Inc.",,4400.0,Water Transportation,submissions,,1,2018-01-30,positive,11,26,2008-03-31,2017-12-31,2018-02-15,1
1294476,Atlas America Public #14-2004 L.P.,,1311.0,Crude Petroleum & Natural Gas,submissions,,1,2016-07-28,positive,8,21,2008-03-31,2016-06-30,2016-08-15,1
1296391,TENGION INC,,2836.0,"Biological Products, (No Diagnostic Substances)",submissions,,1,2014-12-29,positive,7,21,2010-03-31,2014-09-30,2014-11-14,1
1297720,James River Coal CO,,1221.0,Bituminous Coal & Lignite Surface Mining,submissions,,1,2014-04-07,positive,3,12,2004-09-30,2013-09-30,2013-11-07,1
1300699,"Athenex, Inc.",,2834.0,Pharmaceutical Preparations,submissions,,1,2023-05-22,positive,7,17,2017-06-30,2022-12-31,2023-04-28,1
1301063,"Alpha Natural Resources, Inc.",,1221.0,Bituminous Coal & Lignite Surface Mining,submissions,,1,2015-08-03,positive,7,19,2004-12-31,2015-06-30,2015-08-03,1
1301206,"ECOTALITY, INC.",,3621.0,Motors & Generators,submissions,,1,2013-09-17,positive,3,10,2008-03-31,2013-03-31,2013-05-15,1
1301501,"Achaogen, Inc.",,2834.0,Pharmaceutical Preparations,submissions,,1,2019-04-15,positive,6,15,2014-03-31,2018-12-31,2019-04-01,1
1301712,ICPW LIQUIDATION Corp,,5090.0,Wholesale-Misc Durable Goods,submissions,,1,2017-09-11,positive,9,22,2008-03-31,2017-03-31,2017-05-15,1
1303849,"Avantair, Inc",,4522.0,"Air Transportation, Nonscheduled",submissions,,1,2013-07-30,positive,4,10,2007-03-31,2013-03-31,2013-06-13,1
1305253,"Eiger BioPharmaceuticals, Inc.",,2836.0,"Biological Products, (No Diagnostic Substances)",submissions,,1,2024-04-01,positive,12,30,2013-12-31,2023-12-31,2024-04-29,1
1310067,SEARS HOLDINGS CORP,,5311.0,Retail-Department Stores,submissions,,1,2018-10-15,positive,9,28,2001-04-30,2018-11-03,2018-12-13,1
1310094,ACCENTIA BIOPHARMACEUTICALS INC,,2834.0,Pharmaceutical Preparations,submissions,,1,2010-11-02,positive,3,9,2005-09-30,2012-12-31,2013-02-14,1
1310527,TELIX QSAM INC.,,2842.0,"Specialty Cleaning, Polishing and Sanitation Preparations",submissions,,1,2010-05-26,positive,13,33,2008-03-31,2023-12-31,2024-03-20,1
1311230,"TerraVia Holdings, Inc.",,2860.0,Industrial Organic Chemicals,submissions,,1,2017-08-02,positive,7,19,2011-06-30,2017-03-31,2017-05-05,1
1311486,Global Geophysical Services Inc,,1382.0,Oil & Gas Field Exploration Services,submissions,,1,2014-03-25,positive,4,16,2010-03-31,2014-09-30,2014-11-26,1
1313024,"Venoco, Inc.",,1311.0,Crude Petroleum & Natural Gas,submissions,,1,2016-03-18,positive,11,18,2005-03-31,2015-12-31,2016-06-06,1
1315255,"GTT Communications, Inc.",,4813.0,Telephone Communications (No Radiotelephone),submissions,,1,2021-10-31,positive,12,31,2005-03-31,2020-03-31,2020-05-08,1
1319009,Midway Gold Corp,,1040.0,Gold and Silver Ores,submissions,,1,2015-06-22,positive,5,16,2007-12-31,2015-03-31,2015-05-11,1
1322439,Eagle Bulk Shipping Inc.,,4412.0,Deep Sea Foreign Transportation of  Freight,submissions,,1,2014-08-06,positive,22,43,2005-06-30,2023-12-31,2024-03-04,1
1322705,Spansion Inc.,,3674.0,Semiconductors & Related Devices,submissions,,1,2010-04-22,positive,7,19,2005-12-25,2014-12-28,2015-02-11,1
13239,HEXION INC.,,2821.0,"Plastic Materials, Synth Resins & Nonvulcan Elastomers",submissions,,1,2019-04-01,positive,12,36,1993-12-31,2021-09-30,2021-11-12,1
1324189,Orchids Paper Products CO /DE,,2621.0,Paper Mills,submissions,,1,2019-04-01,positive,10,27,2005-06-30,2018-12-31,2019-04-05,1
1324759,HONG YUAN HOLDING GROUP,HGYN,2821.0,"Plastic Materials, Synth Resins & Nonvulcan Elastomers",submissions,OTC,1,2014-02-12,positive,8,25,2008-03-31,2026-03-31,2026-06-22,1
1326089,Sundance Energy Inc.,,1311.0,Crude Petroleum & Natural Gas,submissions,,1,2021-03-09,positive,2,3,2019-12-31,2020-12-31,2021-03-31,1
1326160,Duke Energy CORP,DUK,4931.0,Electric & Other Services Combined,submissions,"NYSE,NYSE,NYSE,NYSE,OTC",1,2011-07-07,positive,17,46,2006-03-31,2026-06-30,2026-08-04,1
1326200,GENCO SHIPPING & TRADING LTD,GNK,4412.0,Deep Sea Foreign Transportation of  Freight,submissions,NYSE,1,2014-04-21,positive,18,45,2005-06-30,2026-06-30,2026-08-05,1
1326428,"Pressburg, LLC",,1311.0,Crude Petroleum & Natural Gas,submissions,,1,2016-05-11,positive,14,33,2005-12-31,2019-09-30,2019-11-06,1
1328910,TRONOX INC,,2810.0,Industrial Inorganic Chemicals,submissions,,1,2010-11-23,positive,0,1,2005-12-31,2012-03-31,2012-05-25,1
1329069,NewPage CORP,,2621.0,Paper Mills,submissions,,1,2011-09-07,positive,1,5,2005-06-30,2011-06-30,2011-08-15,1
1330849,"HERCULES OFFSHORE, INC.",,1381.0,Drilling Oil & Gas Wells,submissions,,1,2015-08-13,positive,9,19,2005-09-30,2016-03-31,2016-05-05,1
1331427,"AgFeed Industries, Inc.",,200.0,Agricultural Prod-Livestock & Animal Specialties,submissions,,1,2013-07-15,positive,1,6,2007-12-31,2011-06-30,2011-08-26,1
1332412,"VALLEY FORGE COMPOSITE TECHNOLOGIES, INC.",,3812.0,"Search, Detection, Navigation, Guidance, Aeronautical Sys",submissions,,1,2013-10-15,positive,4,13,2007-06-30,2012-09-30,2012-11-27,1
1333835,Casa Systems Inc,,3663.0,Radio & Tv Broadcasting & Communications Equipment,submissions,,1,2024-04-03,positive,6,18,2017-12-31,2023-09-30,2023-11-08,1
1334978,"Clear Channel Outdoor Holdings, Inc.",CCO,7310.0,Services-Advertising,submissions,NYSE,1,2018-03-15,positive,17,46,2005-12-31,2026-06-30,2026-08-05,1
1335103,"Protea Biosciences Group, Inc.",,2834.0,Pharmaceutical Preparations,submissions,,1,2017-12-05,positive,7,24,2008-03-31,2017-06-30,2017-08-18,1
1335190,MAGNUM HUNTER RESOURCES CORP,,1311.0,Crude Petroleum & Natural Gas,submissions,,1,2015-12-15,positive,14,23,2007-12-31,2015-12-31,2016-05-06,1
1335236,Atlas America Public #15-2005 (A) L.P.,,1311.0,Crude Petroleum & Natural Gas,submissions,,1,2016-07-28,positive,8,20,2008-03-31,2016-06-30,2016-08-15,1
1336339,Atlas America Public #14-2005 (A) L.P.,,1311.0,Crude Petroleum & Natural Gas,submissions,,1,2016-07-28,positive,8,20,2008-03-31,2016-06-30,2016-08-15,1
1337885,"dELiAs, Inc.",,5961.0,Retail-Catalog & Mail-Order Houses,submissions,,1,2014-12-10,positive,6,15,2005-10-31,2014-08-02,2014-09-16,1
1338095,"NephroGenex, Inc.",,2834.0,Pharmaceutical Preparations,submissions,,1,2016-05-02,positive,3,6,2013-12-31,2015-12-31,2016-03-29,1
1341293,Neogenix Oncology Inc,,2835.0,In Vitro & In Vivo Diagnostic Substances,submissions,,1,2012-07-26,positive,2,5,2010-06-30,2011-12-31,2012-07-12,1
1341843,"POLYMEDIX, INC",,2834.0,Pharmaceutical Preparations,submissions,,1,2013-04-01,positive,2,9,2007-12-31,2012-09-30,2012-11-09,1
1342514,Atlas America Series 26-2005 L.P.,,1311.0,Crude Petroleum & Natural Gas,submissions,,1,2016-07-28,positive,8,20,2008-03-31,2016-06-30,2016-08-15,1
1342643,"WORTHINGTON ENERGY, INC.",,1311.0,Crude Petroleum & Natural Gas,submissions,,1,2018-03-19,positive,5,19,2008-03-31,2014-09-30,2015-03-05,1
1343719,Energy XXI Ltd,,1382.0,Oil & Gas Field Exploration Services,submissions,,1,2016-04-14,positive,10,21,2006-12-31,2016-09-30,2016-11-14,1
1346526,"ESP Resources, Inc.",,2800.0,Chemicals & Allied Products,submissions,,1,2016-04-14,positive,8,25,2008-08-31,2022-03-31,2022-05-23,1
1346980,"Chaparral Energy, Inc.",,1311.0,Crude Petroleum & Natural Gas,submissions,,1,2016-05-09,positive,14,32,2006-06-30,2020-06-30,2020-08-17,1
1347613,SYNERGY PHARMACEUTICALS LLC,,2834.0,Pharmaceutical Preparations,submissions,,1,2018-12-13,positive,8,28,2008-03-31,2018-09-30,2018-11-09,1
1349436,SANDRIDGE ENERGY INC,SD,1311.0,Crude Petroleum & Natural Gas,submissions,NYSE,1,2016-05-16,positive,23,48,2007-09-30,2026-06-30,2026-08-06,1
1349976,American Standard Energy Corp.,,1381.0,Drilling Oil & Gas Wells,submissions,,1,2015-09-17,positive,5,13,2008-06-30,2012-12-31,2014-03-06,1
1350073,"Iconic Brands, Inc.",,2080.0,Beverages,submissions,,1,2023-06-29,positive,11,31,2008-02-29,2023-03-31,2023-06-29,1
1353538,"Appgate, Inc.",,7372.0,Services-Prepackaged Software,submissions,,1,2024-05-06,positive,15,43,2008-06-30,2023-09-30,2023-11-14,1
1355128,ZCO LIQUIDATING Corp,,3572.0,Computer Storage Devices,submissions,,1,2013-12-06,positive,5,14,2009-11-30,2013-08-31,2013-10-15,1
1357361,Atlas America Public #15-2006 (B) L.P.,,1311.0,Crude Petroleum & Natural Gas,submissions,,1,2016-07-28,positive,8,20,2008-03-31,2016-06-30,2016-08-15,1
1357371,Breitburn Energy Partners LP,,1311.0,Crude Petroleum & Natural Gas,submissions,,1,2016-05-15,positive,9,25,2006-09-30,2017-09-30,2017-11-13,1
1358057,"LifeCare Holdings, Inc.",,8050.0,Services-Nursing & Personal Care Facilities,submissions,,1,2012-12-11,positive,2,9,2006-03-31,2012-09-30,2012-11-14,1
1358651,Neiman Marcus Group LTD LLC,,5311.0,Retail-Department Stores,submissions,,1,2020-05-07,positive,10,29,2006-04-29,2019-04-27,2019-06-11,1
1360214,"HARROW, INC.",HROW,2834.0,Pharmaceutical Preparations,submissions,Nasdaq,1,2011-06-27,positive,16,45,2008-03-31,2026-06-30,2026-08-10,1
1361937,Harvest Oil & Gas Corp.,,1311.0,Crude Petroleum & Natural Gas,submissions,,1,2018-04-02,positive,10,31,2006-09-30,2019-12-31,2020-04-14,1
1364099,"Innophos Holdings, Inc.",,5160.0,Wholesale-Chemicals & Allied Products,submissions,,1,2010-06-17,positive,10,30,2006-09-30,2019-09-30,2019-11-06,1
1364100,"Cal Dive International, Inc.",,1389.0,"Oil & Gas Field Services, NEC",submissions,,1,2015-03-03,positive,4,15,2006-12-31,2014-09-30,2014-11-07,1
1365916,"AMYRIS, INC.",,2860.0,Industrial Organic Chemicals,submissions,,1,2023-08-10,positive,18,38,2010-09-30,2023-03-31,2023-05-10,1
1367311,"DAKOTA PLAINS HOLDINGS, INC.",,5171.0,Wholesale-Petroleum Bulk Stations & Terminals,submissions,,1,2016-12-22,positive,9,22,2008-09-30,2016-09-30,2016-11-07,1
1367396,SUPERMEDIA INC.,,7310.0,Services-Advertising,submissions,,1,2013-03-18,positive,3,10,2006-12-31,2013-03-31,2013-04-26,1
1368148,"ATHERSYS, INC / NEW",,2834.0,Pharmaceutical Preparations,submissions,,1,2024-01-08,positive,13,42,2007-06-30,2023-09-30,2023-11-16,1
1368900,"GateHouse Media, Inc.",,2711.0,Newspapers: Publishing or  Publishing & Printing,submissions,,1,2013-09-27,positive,3,13,2006-09-30,2013-09-29,2013-11-15,1
1374985,Atlas Resources Public #16-2007 (A) L.P.,,1311.0,Crude Petroleum & Natural Gas,submissions,,1,2016-07-28,positive,8,22,2008-03-31,2016-06-30,2016-08-15,1
1375424,ONCURE HOLDINGS INC,,8011.0,Services-Offices & Clinics of  Doctors of  Medicine,submissions,,1,2013-06-14,positive,2,5,2010-12-31,2012-06-30,2012-08-10,1
1375618,"Amazing Energy Oil & Gas, Co.",,1311.0,Crude Petroleum & Natural Gas,submissions,,1,2020-04-09,positive,13,40,2008-03-31,2020-01-31,2020-03-25,1
1376610,Hycroft Mining Corp,,1040.0,Gold and Silver Ores,submissions,,1,2015-03-10,positive,8,19,2006-12-31,2015-06-30,2015-08-07,1
1376812,Patriot Coal CORP,,1220.0,Silver Ores,submissions,,1,2012-07-09,positive,6,13,2007-09-30,2013-09-30,2013-11-08,1
1376912,Rockies Region 2006 Limited Partnership,,1311.0,Crude Petroleum & Natural Gas,submissions,,1,2018-11-05,positive,8,27,2007-09-30,2018-09-30,2018-11-14,1
1377053,AtheroNova Inc.,,2834.0,Pharmaceutical Preparations,submissions,,1,2015-03-03,positive,5,19,2008-03-31,2014-09-30,2014-11-19,1
1377149,CareView Communications Inc,CRVW,3663.0,Radio & Tv Broadcasting & Communications Equipment,submissions,OTC,1,2012-01-06,positive,20,45,2010-09-30,2026-06-30,2026-08-12,1
1377630,"National CineMedia, Inc.",NCMI,7310.0,Services-Advertising,submissions,Nasdaq,1,2023-04-12,positive,17,46,2006-12-28,2026-07-02,2026-08-11,1
1377720,CYBERDEFENDER CORP,,7372.0,Services-Prepackaged Software,submissions,,1,2012-02-27,positive,1,8,2007-12-31,2011-09-30,2011-11-14,1
1379246,BODY CENTRAL CORP,,5600.0,Retail-Apparel & Accessory Stores,submissions,,1,2015-01-09,positive,4,13,2010-10-02,2014-09-27,2014-11-06,1
1379763,Atlas America Series 27-2006 L.P.,,1311.0,Crude Petroleum & Natural Gas,submissions,,1,2016-07-28,positive,8,20,2008-03-31,2016-06-30,2016-08-15,1
1379785,"Barings BDC, Inc.",BBDC,,,,NYSE,1,2022-03-03,positive,15,45,2006-12-31,2026-06-30,2026-08-05,1
1379895,DYNEGY INC.,,4911.0,Electric Services,submissions,,1,2011-11-08,positive,11,24,2007-03-31,2017-12-31,2018-04-27,1
1382231,Fortem Resources Inc.,,1381.0,Drilling Oil & Gas Wells,submissions,,1,2021-10-18,positive,13,37,2008-02-29,2020-05-31,2020-07-21,1
1382805,"Game Trading Technologies, Inc.",,5734.0,Retail-Computer & Computer Software Stores,submissions,,1,2012-02-02,positive,1,11,2008-03-31,2011-09-30,2011-11-21,1
1382911,"Orexigen Therapeutics, Inc.",,2834.0,Pharmaceutical Preparations,submissions,,1,2018-03-12,positive,10,26,2007-03-31,2017-09-30,2017-11-14,1
1383154,"COPsync, Inc.",,3576.0,Computer Communications Equipment,submissions,,1,2017-10-04,positive,9,21,2008-06-30,2016-09-30,2016-11-14,1
1383875,"LRI HOLDINGS, INC.",,5812.0,Retail-Eating  Places,submissions,,1,2016-08-08,positive,5,13,2011-07-31,2015-10-28,2015-12-14,1
1383960,"UNIVERSITY GENERAL HEALTH SYSTEM, INC.",,8060.0,Services-Hospitals,submissions,,1,2015-03-05,positive,4,17,2008-04-30,2013-12-31,2014-07-03,1
1384072,"Grizzly Energy, LLC",,1311.0,Crude Petroleum & Natural Gas,submissions,,1,2017-02-01,positive,13,29,2007-09-30,2019-06-30,2019-08-19,1
1385228,"DNIB UNWIND, INC.",,2834.0,Pharmaceutical Preparations,submissions,,1,2016-05-02,positive,3,9,2013-09-30,2016-06-30,2016-08-15,1
1385544,Horsehead Holding Corp,,3330.0,Primary Smelting & Refining of  Nonferrous Metals,submissions,,1,2016-02-02,positive,6,20,2007-06-30,2016-06-30,2016-09-29,1
1386026,"ZENERGY BRANDS, INC.",,7372.0,Services-Prepackaged Software,submissions,,1,2019-11-04,positive,2,6,2017-06-30,2019-03-31,2019-05-20,1
1387156,AIRXPANDERS INC,,3842.0,"Orthopedic, Prosthetic & Surgical Appliances & Supplies",submissions,,1,2019-07-25,positive,3,6,2017-06-30,2019-03-31,2019-05-15,1
1389115,Innolog Holdings Corp.,,7373.0,Services-Computer Integrated Systems Design,submissions,,1,2013-09-05,positive,3,10,2008-03-31,2013-03-31,2013-05-20,1
1391127,"Edgio, Inc.",,7389.0,"Services-Business Services, NEC",submissions,,1,2024-09-09,positive,16,44,2007-06-30,2023-09-30,2023-11-16,1
1392477,XTREME GREEN ELECTRIC VEHICLES INC.,,3711.0,Motor Vehicles & Passenger Car Bodies,submissions,,1,2013-08-28,positive,5,21,2007-12-31,2015-09-30,2015-11-23,1
1392902,"Endurance Exploration Group, Inc.",,1000.0,Metal Mining,submissions,,1,2013-01-22,positive,21,36,2008-01-31,2018-09-30,2018-11-14,1
1393066,Resolute Forest Products Inc.,,2621.0,Paper Mills,submissions,,1,2010-11-30,positive,13,39,2007-09-30,2022-09-30,2022-11-03,1
1393631,Xhibit Corp.,,7310.0,Services-Advertising,submissions,,1,2015-01-23,positive,4,17,2008-03-31,2014-09-28,2014-11-17,1
1394872,Ambient Water Corp,,3585.0,Air-Cond & Warm Air Heatg Equip & Comm & Indl Refrig Equip,submissions,,1,2018-02-20,positive,7,27,2008-03-31,2017-09-30,2017-11-14,1
1394954,GT Advanced Technologies Inc.,,3674.0,Semiconductors & Related Devices,submissions,,1,2014-10-06,positive,5,15,2008-06-28,2014-06-28,2014-08-07,1
1396033,"LL Flooring Holdings, Inc.",,5211.0,Retail-Lumber & Other Building Materials Dealers,submissions,,1,2024-08-12,positive,15,43,2007-12-31,2024-03-31,2024-05-08,1
1396279,"hhgregg, Inc.",,5731.0,"Retail-Radio, Tv & Consumer Electronics Stores",submissions,,1,2017-03-06,positive,7,21,2007-06-30,2016-12-31,2017-01-26,1
1396426,HAWKER BEECHCRAFT ACQUISITION CO LLC,,3720.0,Aircraft & Parts,submissions,,1,2012-05-03,positive,3,6,2007-12-31,2011-12-31,2012-04-13,1
1396838,Dolan Co.,,7389.0,"Services-Business Services, NEC",submissions,,1,2014-03-23,positive,3,12,2007-06-30,2013-09-30,2013-11-12,1
1397516,REX ENERGY CORP,,1311.0,Crude Petroleum & Natural Gas,submissions,,1,2018-05-18,positive,8,28,2007-06-30,2018-06-30,2018-08-08,1
1397867,Global Aviation Holdings Inc.,,4522.0,"Air Transportation, Nonscheduled",submissions,,1,2012-02-05,positive,1,5,2010-09-30,2011-09-30,2011-11-14,1
1398702,"Electronic Cigarettes International Group, Ltd.",,2111.0,Cigarettes,submissions,,1,2017-03-16,positive,12,29,2008-03-31,2016-09-30,2016-11-16,1
1399541,Atlas Resources Public #17-2008 (B) L.P.,,1311.0,Crude Petroleum & Natural Gas,submissions,,1,2016-07-28,positive,9,22,2008-03-31,2016-06-30,2016-08-15,1
1399542,Atlas Resources Public #17-2007 (A) L.P.,,1311.0,Crude Petroleum & Natural Gas,submissions,,1,2016-07-28,positive,9,21,2008-03-31,2016-06-30,2016-08-15,1
1399935,FHC Holdings Corp,,5600.0,Retail-Apparel & Accessory Stores,submissions,,1,2020-12-04,positive,10,28,2011-07-30,2020-08-01,2020-09-15,1
1400000,"ABAKAN, INC",,3470.0,"Coating, Engraving & Allied Services",submissions,,1,2015-09-25,positive,10,21,2008-05-31,2015-05-31,2015-09-17,1
1400891,"iHeartMedia, Inc.",IHRT,4832.0,Radio Broadcasting Stations,submissions,"Nasdaq,OTC,OTC",1,2018-03-14,positive,17,47,2008-06-30,2026-06-30,2026-08-10,1
1401708,"NS Wind Down Co., Inc.",,2836.0,"Biological Products, (No Diagnostic Substances)",submissions,,1,2024-02-05,positive,10,32,2013-06-30,2023-09-30,2023-11-06,1
1402281,Erin Energy Corp.,,1381.0,Drilling Oil & Gas Wells,submissions,,1,2018-04-26,positive,11,25,2007-12-31,2017-12-31,2018-04-30,1
1402479,"MedAvail Holdings, Inc.",,5912.0,Retail-Drug Stores and Proprietary Stores,submissions,,1,2024-02-02,positive,13,43,2008-06-30,2023-06-30,2023-08-14,1
1403085,"JRjr33, Inc.",,5960.0,Retail-Nonstore Retailers,submissions,,1,2018-07-06,positive,11,31,2008-06-30,2016-12-31,2017-10-18,1
1403433,"America Greener Technologies, Inc.",,1700.0,Construction - Special Trade Contractors,submissions,,1,2017-04-24,positive,6,21,2008-06-30,2016-03-31,2016-05-23,1
1403802,"SPINDLE, INC.",,7389.0,"Services-Business Services, NEC",submissions,,1,2019-03-29,positive,14,33,2008-06-30,2018-09-30,2018-11-19,1
1403853,"Nuverra Environmental Solutions, Inc.",,1389.0,"Oil & Gas Field Services, NEC",submissions,,1,2017-05-01,positive,17,38,2007-12-31,2021-09-30,2021-11-15,1
1404079,Samson Oil & Gas LTD,,1381.0,Drilling Oil & Gas Wells,submissions,,1,2021-02-02,positive,12,28,2011-06-30,2020-03-31,2020-05-20,1
1405041,Momentive Performance Materials Inc.,,2860.0,Industrial Organic Chemicals,submissions,,1,2014-04-13,positive,12,30,2007-12-31,2018-12-31,2019-03-27,1
1405073,Approach Resources Inc,,1311.0,Crude Petroleum & Natural Gas,submissions,,1,2019-11-18,positive,10,30,2007-09-30,2019-09-30,2019-11-18,1
1405424,VISION INDUSTRIES CORP,,3537.0,"Industrial Trucks, Tractors, Trailors & Stackers",submissions,,1,2014-09-25,positive,7,23,2008-06-30,2014-06-30,2014-08-14,1
1406574,"SINOHUB, INC.",,5065.0,"Wholesale-Electronic Parts & Equipment, NEC",submissions,,1,2011-01-03,positive,7,12,2008-03-31,2012-03-31,2012-05-15,1
1407190,Violin Memory Inc,,3572.0,Computer Storage Devices,submissions,,1,2016-12-19,positive,4,12,2013-10-31,2016-07-31,2016-09-14,1
1407703,FirstEnergy Solutions Corp.,,4911.0,Electric Services,submissions,,1,2018-03-31,positive,8,24,2007-09-30,2017-12-31,2018-02-20,1
1407805,ROCKIES REGION 2007 LP,,1311.0,Crude Petroleum & Natural Gas,submissions,,1,2018-11-05,positive,8,27,2008-06-30,2018-09-30,2018-11-14,1
1409916,Nobilis Health Corp.,,8062.0,"Services-General Medical & Surgical Hospitals, NEC",submissions,,1,2019-09-27,positive,6,14,2014-12-31,2018-08-03,2018-08-03,1
1410056,"GreenHunter Resources, Inc.",,2860.0,Industrial Organic Chemicals,submissions,,1,2016-03-04,positive,8,18,2007-12-31,2015-09-30,2015-11-16,1
1410711,"Armco Metals Holdings, Inc.",,5050.0,Wholesale-Metals & Minerals (No Petroleum),submissions,,1,2016-07-12,positive,7,19,2008-03-31,2015-09-30,2015-11-16,1
1411688,"Container Store Group, Inc.",,5700.0,"Retail-Home Furniture, Furnishings & Equipment Stores",submissions,,1,2024-12-23,positive,12,36,2013-11-30,2024-09-28,2024-10-30,1
1412347,"Westmoreland Resource Partners, LP",,1221.0,Bituminous Coal & Lignite Surface Mining,submissions,,1,2018-10-09,positive,10,31,2010-06-30,2018-12-31,2019-03-18,1
1415684,MusclePharm Corp,,2834.0,Pharmaceutical Preparations,submissions,,1,2023-01-09,positive,20,51,2008-08-31,2022-03-31,2022-05-16,1
1416712,"IRON MINING GROUP, INC.",,8742.0,Services-Management Consulting Services,submissions,,1,2011-08-30,positive,2,8,2008-03-31,2011-06-30,2011-10-31,1
1418100,Avaya Holdings Corp.,,7372.0,Services-Prepackaged Software,submissions,,1,2023-02-14,positive,7,16,2017-12-31,2022-12-31,2023-09-08,1
1418115,"Healthcare Solutions Management Group, Inc.",,8011.0,Services-Offices & Clinics of  Doctors of  Medicine,submissions,,1,2016-05-16,positive,12,29,2008-06-30,2021-09-30,2022-06-03,1
1418862,Kior Inc,,2860.0,Industrial Organic Chemicals,submissions,,1,2014-11-10,positive,5,11,2011-06-30,2014-06-30,2014-08-11,1
1419428,Vantage Drilling CO,,1381.0,Drilling Oil & Gas Wells,submissions,,1,2015-12-03,positive,9,19,2008-06-30,2015-09-30,2015-11-09,1
14195,BRIGGS & STRATTON CORP,,3510.0,Engines & Turbines,submissions,,1,2020-07-20,positive,11,31,1993-12-26,2020-03-29,2020-05-08,1
1419852,MATTRESS FIRM HOLDING CORP.,,5712.0,Retail-Furniture Stores,submissions,,1,2018-10-05,positive,6,16,2011-11-01,2016-08-02,2016-09-12,1
1421182,Billerud Americas Corp,,2621.0,Paper Mills,submissions,,1,2016-01-26,positive,17,37,2008-06-30,2021-12-31,2022-02-28,1
1421601,"WESTMOUNTAIN GOLD, INC.",,1040.0,Gold and Silver Ores,submissions,,1,2017-03-07,positive,8,23,2008-06-30,2016-07-31,2017-02-15,1
1422105,Noranda Aluminum Holding CORP,,3334.0,Primary Production of  Aluminum,submissions,,1,2016-02-08,positive,7,19,2008-03-31,2015-12-31,2016-04-29,1
1422109,"Blue Earth, Inc.",,4991.0,Cogeneration Services & Small Power Producers,submissions,,1,2016-03-24,positive,20,24,2008-03-31,2015-09-30,2016-02-10,1
1423107,"BOLDFACE GROUP, INC.",,5912.0,Retail-Drug Stores and Proprietary Stores,submissions,,1,2014-09-08,positive,6,18,2008-03-31,2014-03-31,2014-06-20,1
1424328,MULTIMEDIA PLATFORMS INC.,,7372.0,Services-Prepackaged Software,submissions,,1,2016-10-05,positive,11,26,2008-03-31,2016-06-30,2016-08-22,1
1429386,"PHASERX, INC.",,2834.0,Pharmaceutical Preparations,submissions,,1,2017-12-13,positive,1,5,2016-06-30,2017-09-30,2017-11-09,1
1429896,"ACTIVECARE, INC.",,3669.0,"Communications Equipment, NEC",submissions,,1,2018-07-17,positive,10,27,2008-12-31,2017-06-30,2018-01-31,1
1431372,Gastar Exploration Inc.,,1311.0,Crude Petroleum & Natural Gas,submissions,,1,2018-10-31,positive,9,23,2011-06-30,2018-09-30,2018-11-14,1
1431888,"AVT, Inc.",,3580.0,Refrigeration & Service Industry Machinery,submissions,,1,2015-05-04,positive,6,15,2008-06-30,2013-12-31,2014-11-28,1
1431959,META MATERIALS INC.,,3674.0,Semiconductors & Related Devices,submissions,,1,2024-08-09,positive,21,51,2008-06-30,2024-03-31,2024-05-13,1
1432985,Atlas Resources Public #18-2009 (B) L.P.,,1311.0,Crude Petroleum & Natural Gas,submissions,,1,2016-07-28,positive,9,25,2009-06-30,2017-09-30,2017-11-20,1
1432987,Atlas Resources Public #18-2008 (A) L.P.,,1311.0,Crude Petroleum & Natural Gas,submissions,,1,2016-07-28,positive,8,20,2008-12-31,2016-06-30,2016-08-16,1
1433833,Atlas Resources Public #18-2009 (C) L.P.,,1311.0,Crude Petroleum & Natural Gas,submissions,,1,2016-07-28,positive,9,25,2009-09-30,2017-09-30,2017-11-20,1
1434589,T3M INC.,,3711.0,Motor Vehicles & Passenger Car Bodies,submissions,,1,2017-05-19,positive,3,13,2008-06-30,2013-09-30,2013-11-19,1
1434842,Forbes Energy Services Ltd.,,1389.0,"Oil & Gas Field Services, NEC",submissions,,1,2017-01-22,positive,13,33,2008-06-30,2020-03-31,2020-06-29,1
1434893,CURAXIS PHARMACEUTICAL Corp,,2834.0,Pharmaceutical Preparations,submissions,,1,2012-07-30,positive,2,7,2008-06-30,2012-03-31,2012-05-14,1
1435181,Pharmagreen Biotech Inc.,,4581.0,"Airports, Flying Fields & Airport Terminal Services",submissions,OTC,1,2020-08-12,positive,5,15,2008-07-31,2023-06-30,2023-08-14,1
1436161,United Cannabis Corp,,2834.0,Pharmaceutical Preparations,submissions,,1,2020-04-24,positive,9,30,2012-03-31,2019-09-30,2019-11-14,1
1436164,"Oryon Technologies, Inc.",,3640.0,Electric Lighting & Wiring Equipment,submissions,,1,2014-05-08,positive,7,20,2008-07-31,2014-09-30,2014-12-09,1
1437106,"Ascent Capital Group, Inc.",,7380.0,Services-Miscellaneous Business Services,submissions,,1,2019-07-01,positive,11,29,2008-09-30,2019-06-30,2019-08-07,1
1437557,"LILIS ENERGY, INC.",,1311.0,Crude Petroleum & Natural Gas,submissions,,1,2020-06-29,positive,15,38,2008-07-31,2020-09-30,2020-11-06,1
1439133,"Windstream Technologies, Inc.",,3612.0,"Power, Distribution & Specialty Transformers",submissions,,1,2013-08-16,positive,5,12,2012-06-30,2015-09-30,2015-11-16,1
1441567,MModal Inc.,,7374.0,Services-Computer Processing & Data Preparation,submissions,,1,2014-03-20,positive,3,6,2010-12-31,2012-06-30,2012-08-17,1
1441849,CLOUD PEAK ENERGY INC.,,1221.0,Bituminous Coal & Lignite Surface Mining,submissions,,1,2019-05-10,positive,9,30,2009-12-31,2019-09-30,2019-10-18,1
1443799,Euronav MI II Inc.,,4412.0,Deep Sea Foreign Transportation of  Freight,submissions,,1,2011-11-17,positive,8,17,2008-12-31,2018-03-31,2018-05-09,1
1443818,"Freedom Environmental Services, Inc.",,4955.0,Hazardous Waste Management,submissions,,1,2012-09-28,positive,3,8,2008-09-30,2012-09-12,2012-09-13,1
1444307,ONCOSEC MEDICAL Inc,,2834.0,Pharmaceutical Preparations,submissions,,1,2023-06-14,positive,17,41,2008-10-31,2023-01-31,2023-03-14,1
1444310,"AMBICOM HOLDINGS, INC",,3829.0,"Measuring & Controlling Devices, NEC",submissions,,1,2017-05-05,positive,7,27,2008-09-30,2016-01-31,2016-04-04,1
1445049,Energy Future Competitive Holdings Co LLC,,4911.0,Electric Services,submissions,,1,2015-12-11,positive,7,20,2008-12-31,2016-06-30,2016-08-02,1
1445146,Energy Future Intermediate Holding CO LLC,,4911.0,Electric Services,submissions,,1,2015-12-11,positive,7,20,2009-12-31,2016-06-30,2016-08-02,1
1445499,IPI Legacy Liquidation Co,,2834.0,Pharmaceutical Preparations,submissions,,1,2023-12-20,positive,3,9,2021-03-31,2023-09-30,2023-11-14,1
1448064,"RoomStore, Inc.",,5712.0,Retail-Furniture Stores,submissions,,1,2011-12-16,positive,2,7,2009-11-30,2011-11-30,2012-05-25,1
1450390,BAKKEN RESOURCES INC,,1311.0,Crude Petroleum & Natural Gas,submissions,,1,2018-12-10,positive,11,27,2009-03-31,2017-09-30,2017-11-15,1
1450416,LexaGene Holdings Inc.,,3841.0,Surgical & Medical Instruments & Apparatus,submissions,,1,2023-02-24,positive,0,2,2022-08-31,2022-11-30,2023-01-17,1
1451951,FriendFinder Networks Inc.,,7370.0,"Services-Computer Programming, Data Processing, Etc.",submissions,,1,2013-09-17,positive,4,11,2011-03-31,2013-06-30,2013-08-14,1
1452476,"Sebring Software, Inc.",,8011.0,Services-Offices & Clinics of  Doctors of  Medicine,submissions,,1,2015-08-27,positive,6,19,2009-02-28,2015-03-31,2015-05-14,1
1455926,IRONCLAD ENCRYPTION Corp,,7372.0,Services-Prepackaged Software,submissions,,1,2020-09-01,positive,11,31,2009-06-30,2019-12-31,2020-02-19,1
1456212,"BlackRidge Technology International, Inc.",,7372.0,Services-Prepackaged Software,submissions,,1,2020-03-18,positive,10,31,2010-06-30,2019-09-30,2019-11-14,1
1456455,"PFO Global, Inc.",,3669.0,"Communications Equipment, NEC",submissions,,1,2017-02-06,positive,6,20,2010-09-30,2016-09-30,2016-11-14,1
1457737,"iHeartMedia Capital I, LLC",,4813.0,Telephone Communications (No Radiotelephone),submissions,,1,2018-03-15,positive,6,15,2012-12-31,2017-12-31,2018-05-03,1
1458891,Noble Corp,,1381.0,Drilling Oil & Gas Wells,submissions,,1,2020-07-31,positive,16,38,2009-03-31,2022-06-30,2022-08-09,1
1459417,"2U, LLC",,7372.0,Services-Prepackaged Software,submissions,,1,2024-07-25,positive,11,36,2014-03-31,2024-06-30,2024-08-09,1
1459482,"Chineseinvestors.com, Inc.",,8200.0,Services-Educational Services,submissions,,1,2020-06-19,positive,18,43,2010-11-30,2020-02-29,2020-04-14,1
1461993,"MELINTA THERAPEUTICS, INC. /NEW/",,2834.0,Pharmaceutical Preparations,submissions,,1,2019-12-27,positive,11,25,2011-12-31,2019-09-30,2019-11-12,1
1464865,"Accredited Solutions, Inc.",ASII,2080.0,Beverages,submissions,,1,2018-02-08,positive,22,55,2009-12-31,2024-09-30,2024-12-05,1
1465470,NaturalShrimp Inc,SHMP,900.0,"Fishing, Hunting and Trapping",submissions,OTC,1,2024-09-13,positive,18,47,2009-09-30,2026-03-31,2026-07-22,1
1465872,VANTAGE DRILLING INTERNATIONAL,,1381.0,Drilling Oil & Gas Wells,submissions,,1,2016-02-17,positive,16,23,2015-12-31,2023-06-30,2023-08-10,1
1466301,"Clovis Oncology, Inc.",,2834.0,Pharmaceutical Preparations,submissions,,1,2022-12-11,positive,11,33,2011-12-31,2022-09-30,2022-11-09,1
1467154,"NVN Liquidation, Inc.",,2834.0,Pharmaceutical Preparations,submissions,,1,2023-07-17,positive,9,20,2016-09-30,2023-03-31,2023-05-15,1
1467761,"FiEE, Inc.",FIEE,3661.0,Telephone & Telegraph Apparatus,submissions,Nasdaq,1,2021-03-15,positive,23,54,2009-09-30,2026-06-30,2026-08-14,1
1471261,"Cobalt International Energy, Inc.",,1311.0,Crude Petroleum & Natural Gas,submissions,,1,2017-12-14,positive,8,24,2009-12-31,2017-12-31,2018-03-02,1
1473061,PostRock Energy Corp,,1311.0,Crude Petroleum & Natural Gas,submissions,,1,2016-04-01,positive,5,20,2009-12-31,2015-09-30,2015-11-12,1
1475273,"SOUPMAN, INC.",,5960.0,Retail-Nonstore Retailers,submissions,,1,2017-06-16,positive,9,24,2009-11-30,2017-02-28,2017-05-04,1
1475899,Sable Natural Resources Corp,,1311.0,Crude Petroleum & Natural Gas,submissions,,1,2015-09-03,positive,5,17,2010-06-30,2015-09-30,2015-11-12,1
1476170,Unilife Corp,,3841.0,Surgical & Medical Instruments & Apparatus,submissions,,1,2017-04-12,positive,8,25,2009-12-31,2016-12-31,2017-02-09,1
1476719,"Crumbs Bake Shop, Inc.",,5400.0,Retail-Food Stores,submissions,,1,2014-07-16,positive,6,18,2010-06-30,2014-03-31,2014-05-15,1
1477472,"Active Health Foods, Inc.",,2060.0,Sugar & Confectionery Products,submissions,,1,2015-12-14,positive,7,17,2009-12-31,2014-09-30,2014-11-19,1
1477961,"Latitude Solutions, Inc.",,3669.0,"Communications Equipment, NEC",submissions,,1,2012-11-13,positive,3,6,2010-12-31,2012-03-31,2012-05-15,1
1478069,CONTRAFECT Corp,,2834.0,Pharmaceutical Preparations,submissions,,1,2023-12-05,positive,9,30,2014-06-30,2023-09-30,2023-11-14,1
1479920,TBS International plc,,4412.0,Deep Sea Foreign Transportation of  Freight,submissions,,1,2012-02-06,positive,1,6,2009-12-31,2011-09-30,2011-11-09,1
1483510,"EXP OldCo Winddown, Inc.",,5600.0,Retail-Apparel & Accessory Stores,submissions,,1,2024-04-22,positive,15,42,2010-05-01,2024-02-03,2024-12-31,1
1486159,Chord Energy Corp,CHRD,1311.0,Crude Petroleum & Natural Gas,submissions,Nasdaq,1,2020-09-30,positive,15,45,2010-06-30,2026-06-30,2026-08-06,1
1487561,Atlas Resources Series 28-2010 L.P.,,1311.0,Crude Petroleum & Natural Gas,submissions,,1,2016-07-28,positive,8,22,2011-03-31,2017-09-30,2017-11-20,1
1487920,USA Synthetic Fuel Corp,,4924.0,Natural Gas Distribution,submissions,,1,2015-03-23,positive,5,19,2010-09-30,2014-06-30,2014-08-19,1
1489137,"Molycorp, Inc.",,1000.0,Metal Mining,submissions,,1,2015-06-25,positive,9,17,2010-06-30,2015-06-30,2015-08-17,1
1490165,ERICKSON INC.,,3720.0,Aircraft & Parts,submissions,,1,2016-11-08,positive,4,15,2012-03-31,2016-06-30,2016-08-15,1
1490636,"G-Estate Liquidation Stores, Inc.",,5600.0,Retail-Apparel & Accessory Stores,submissions,,1,2017-03-13,positive,6,20,2010-07-31,2016-10-29,2016-12-08,1
1490930,"Digital Domain Media Group, Inc.",,7812.0,Services-Motion Picture & Video Tape Production,submissions,,1,2012-09-12,positive,1,3,2011-09-30,2012-06-30,2012-08-14,1
1493587,"Luxeyard, Inc.",,7389.0,"Services-Business Services, NEC",submissions,,1,2013-01-09,positive,2,7,2010-12-31,2012-09-30,2012-11-19,1
1494214,"InterCore, Inc.",,7389.0,"Services-Business Services, NEC",submissions,,1,2015-05-13,positive,8,19,2010-06-30,2014-09-30,2015-01-21,1
1496268,"REVA Medical, Inc.",,3842.0,"Orthopedic, Prosthetic & Surgical Appliances & Supplies",submissions,,1,2020-01-15,positive,11,25,2010-12-31,2018-09-30,2018-11-06,1
1496818,"STEALTH TECHNOLOGIES, INC.",,7389.0,"Services-Business Services, NEC",submissions,,1,2020-01-30,positive,19,38,2011-03-31,2019-09-30,2019-11-27,1
1497504,PLx Pharma Winddown Corp.,,2834.0,Pharmaceutical Preparations,submissions,,1,2023-04-13,positive,13,27,2014-03-31,2022-09-30,2022-11-10,1
1498301,"Mahwah Bergen Retail Group, Inc.",,5600.0,Retail-Apparel & Accessory Stores,submissions,,1,2020-07-23,positive,11,30,2011-01-29,2020-10-31,2021-03-03,1
1498710,"Spirit Aviation Holdings, Inc.",,4512.0,"Air Transportation, Scheduled",submissions,OTC,1,2024-11-18,positive,16,44,2011-06-30,2025-12-31,2026-04-30,1
1500123,Item 9 Labs Corp.,,3843.0,Dental Equipment & Supplies,submissions,,1,2023-07-20,positive,10,33,2011-09-30,2023-06-30,2023-08-21,1
1501134,Invitae Corp,,8071.0,Services-Medical Laboratories,submissions,,1,2024-02-14,positive,12,27,2014-12-31,2023-09-30,2023-11-08,1
1502034,"GNC HOLDINGS, INC.",,5400.0,Retail-Food Stores,submissions,,1,2020-06-23,positive,12,29,2011-03-31,2020-06-30,2020-08-10,1
1503518,"21st Century Oncology Holdings, Inc.",,8011.0,Services-Offices & Clinics of  Doctors of  Medicine,submissions,,1,2017-05-25,positive,7,18,2010-12-31,2016-09-30,2016-11-14,1
1503813,RDA Holding Co.,,2721.0,Periodicals: Publishing or  Publishing & Printing,submissions,,1,2013-02-17,positive,1,7,2011-03-31,2012-09-30,2012-11-19,1
1504167,"TREX WIND-DOWN, INC.",,2834.0,Pharmaceutical Preparations,submissions,,1,2023-11-17,positive,15,39,2010-12-31,2023-06-30,2023-08-21,1
1505497,"BioRestorative Therapies, Inc.",BRTX,8090.0,"Services-Misc Health & Allied Services, NEC",submissions,Nasdaq,1,2020-03-20,positive,16,44,2011-06-30,2026-03-31,2026-05-14,1
1505966,SquareTwo Financial Corp,,7320.0,"Services-Consumer Credit Reporting, Collection Agencies",submissions,,1,2017-03-19,positive,5,15,2011-03-31,2015-12-31,2016-04-26,1
1506374,"ARABELLA EXPLORATION, INC.",,1311.0,Crude Petroleum & Natural Gas,submissions,,1,2016-06-22,positive,2,5,2014-12-31,2016-03-31,2016-05-20,1
1506545,"Aspect Software Parent, Inc.",,3576.0,Computer Communications Equipment,submissions,,1,2016-03-09,positive,1,5,2014-06-30,2015-09-30,2015-11-17,1
1506932,Lone Pine Resources Inc.,,1311.0,Crude Petroleum & Natural Gas,submissions,,1,2013-09-25,positive,2,8,2011-06-30,2013-09-30,2013-11-08,1
1508677,Colt Defense LLC,,3480.0,"Ordnance & Accessories, (No Vehicles/Guided Missiles)",submissions,,1,2015-06-15,positive,5,15,2011-04-03,2014-09-28,2015-05-29,1
1509589,"CIVITAS RESOURCES, INC.",,1311.0,Crude Petroleum & Natural Gas,submissions,,1,2017-01-04,positive,15,39,2011-12-31,2025-09-30,2025-11-06,1
1511139,RAAM Global Energy Co,,1311.0,Crude Petroleum & Natural Gas,submissions,,1,2015-10-26,positive,5,15,2011-03-31,2014-12-31,2015-03-31,1
1512077,Global Eagle Entertainment Inc.,,4899.0,"Communications Services, NEC",submissions,,1,2020-07-22,positive,11,33,2011-03-31,2020-06-30,2020-08-14,1
1514242,OLD PSG WIND-DOWN LTD.,,3949.0,"Sporting & Athletic Goods, NEC",submissions,,1,2016-10-31,positive,1,3,2015-05-31,2016-02-29,2016-04-14,1
1514443,"AMERIGUARD SECURITY SERVICES, INC.",AGSS,7381.0,"Services-Detective, Guard & Armored Car Services",submissions,OTC,1,2014-08-12,positive,12,27,2011-05-31,2026-03-31,2026-07-01,1
1514732,"SAExploration Holdings, Inc.",,1382.0,Oil & Gas Field Exploration Services,submissions,,1,2020-08-28,positive,17,33,2011-03-31,2020-09-30,2020-11-16,1
1516332,"Blue Water Global Group, Inc.",,5812.0,Retail-Eating  Places,submissions,,1,2020-11-04,positive,4,12,2011-09-30,2015-06-30,2015-08-14,1
1516479,"Insys Therapeutics, Inc.",,2834.0,Pharmaceutical Preparations,submissions,,1,2019-06-10,positive,7,22,2013-03-31,2019-03-31,2019-05-13,1
1517342,PACIFIC DRILLING S.A.,,1381.0,Drilling Oil & Gas Wells,submissions,,1,2020-10-30,positive,1,3,2019-12-31,2020-09-30,2020-11-06,1
1518403,"Alta Mesa Holdings, LP",,1311.0,Crude Petroleum & Natural Gas,submissions,,1,2019-09-12,positive,8,25,2011-06-30,2019-06-30,2019-08-28,1
1518909,"Black Elk Energy Offshore Operations, LLC",,1311.0,Crude Petroleum & Natural Gas,submissions,,1,2014-09-19,positive,3,11,2011-06-30,2014-09-30,2014-11-19,1
1521847,Amplify Energy Holdings LLC,,1311.0,Crude Petroleum & Natural Gas,submissions,,1,2017-01-16,positive,9,23,2011-12-31,2019-06-30,2019-08-05,1
1525773,Intelsat S.A.,,4899.0,"Communications Services, NEC",submissions,,1,2020-05-13,positive,2,6,2019-12-31,2021-09-30,2021-11-05,1
1526689,"Generation NEXT Franchise Brands, Inc.",,3580.0,Refrigeration & Service Industry Machinery,submissions,,1,2019-12-18,positive,8,25,2011-11-30,2019-06-30,2019-10-16,1
1526796,"Ignite Restaurant Group, Inc.",,5812.0,Retail-Eating  Places,submissions,,1,2017-06-08,positive,5,15,2012-06-18,2017-04-03,2017-05-16,1
1527844,"Globe Photos, Inc.",,5990.0,"Retail-Retail Stores, NEC",submissions,,1,2020-03-25,positive,5,17,2015-03-31,2019-09-30,2019-11-14,1
1528837,Sanchez Energy Corp,,1311.0,Crude Petroleum & Natural Gas,submissions,,1,2019-08-11,positive,9,25,2011-12-31,2019-09-30,2019-11-08,1
1529463,"FTS International, Inc.",,1389.0,"Oil & Gas Field Services, NEC",submissions,,1,2020-09-22,positive,5,12,2017-12-31,2021-09-30,2021-11-05,1
1530796,"MILAGRO OIL & GAS, INC.",,1311.0,Crude Petroleum & Natural Gas,submissions,,1,2015-07-15,positive,3,7,2011-09-30,2013-06-30,2013-08-13,1
1532288,"Armstrong Energy, Inc.",,1221.0,Bituminous Coal & Lignite Surface Mining,submissions,,1,2017-11-01,positive,4,12,2013-09-30,2017-06-30,2017-08-11,1
1532543,"EveryWare Global, Inc.",,5020.0,Wholesale-Furniture & Home Furnishings,submissions,,1,2015-04-08,positive,4,15,2012-03-31,2014-12-31,2015-04-14,1
1532750,"Titan Energy, LLC",,1381.0,Drilling Oil & Gas Wells,submissions,,1,2016-07-27,positive,6,19,2011-12-31,2017-09-30,2017-11-28,1
1532930,Seventy Seven Energy Inc.,,1389.0,"Oil & Gas Field Services, NEC",submissions,,1,2016-06-07,positive,6,11,2013-06-30,2016-12-31,2017-02-13,1
1533924,Amplify Energy Corp.,AMPY,1311.0,Crude Petroleum & Natural Gas,submissions,NYSE,1,2016-04-30,positive,14,39,2012-03-31,2026-06-30,2026-08-10,1
1534287,BioAmber Inc.,,2860.0,Industrial Organic Chemicals,submissions,,1,2018-05-08,positive,7,16,2013-03-31,2017-12-31,2018-04-30,1
1537028,"Independence Contract Drilling, Inc.",,1381.0,Drilling Oil & Gas Wells,submissions,,1,2024-12-03,positive,11,32,2014-06-30,2024-09-30,2024-11-19,1
1538495,"Earth Science Tech, Inc.",ETST,2834.0,Pharmaceutical Preparations,submissions,OTC,1,2019-01-16,positive,17,44,2012-06-30,2026-06-30,2026-08-07,1
1540729,Foresight Energy LP,,1220.0,Silver Ores,submissions,,1,2019-11-04,positive,6,18,2014-06-30,2020-03-31,2020-05-15,1
1547638,Southcross Energy Partners LLC,,4922.0,Natural Gas Transmission,submissions,,1,2019-04-01,positive,8,25,2012-09-30,2019-06-30,2019-08-23,1
1548691,Samson Resources Corp,,1311.0,Crude Petroleum & Natural Gas,submissions,,1,2015-09-16,positive,1,3,2014-06-30,2015-03-31,2015-05-15,1
1549145,"BLUE BIOFUELS, INC.",BIOF,2860.0,Industrial Organic Chemicals,submissions,OTC,1,2018-10-23,positive,15,41,2012-09-30,2026-06-30,2026-08-10,1
1549756,"LinnCo, LLC",,1311.0,Crude Petroleum & Natural Gas,submissions,,1,2016-05-11,positive,6,15,2012-09-30,2016-09-30,2016-11-07,1
1549848,Hi-Crush Inc.,,1400.0,Mining & Quarrying of  Nonmetallic Minerals (No Fuels),submissions,,1,2020-07-12,positive,9,25,2012-09-30,2020-06-30,2020-08-06,1
1551510,"Revel AC, Inc.",,7011.0,Hotels & Motels,submissions,,1,2013-03-25,positive,1,1,2012-09-30,2012-12-31,2013-05-07,1
1551693,"PROJECT SAGE OLDCO, INC.",,3842.0,"Orthopedic, Prosthetic & Surgical Appliances & Supplies",submissions,,1,2024-02-13,positive,10,28,2014-09-30,2023-09-30,2023-11-13,1
1551986,"9 METERS BIOPHARMA, INC.",,2834.0,Pharmaceutical Preparations,submissions,,1,2023-07-18,positive,9,21,2016-06-30,2023-03-31,2023-05-15,1
1552845,Natur International Corp.,,8082.0,Services-Home Health Care Services,submissions,,1,2019-05-28,positive,9,28,2012-09-30,2019-09-30,2019-11-15,1
1553588,"SFX Entertainment, INC",,7900.0,Services-Amusement & Recreation Services,submissions,,1,2016-02-01,positive,3,8,2013-09-30,2015-09-30,2015-11-09,1
1554594,A.C. Simmonds & Sons,,5140.0,Wholesale-Groceries & Related Products,submissions,,1,2014-09-09,positive,2,7,2013-03-31,2014-09-30,2014-11-19,1
1554875,"Tintri, Inc.",,7374.0,Services-Computer Processing & Data Preparation,submissions,,1,2018-07-10,positive,2,2,2017-07-31,2018-01-31,2018-05-31,1
1555082,EP Energy LLC,,1311.0,Crude Petroleum & Natural Gas,submissions,,1,2019-10-04,positive,8,22,2012-09-30,2019-12-31,2020-03-25,1
1555177,Emerge Energy Services LP,,1400.0,Mining & Quarrying of  Nonmetallic Minerals (No Fuels),submissions,,1,2019-07-17,positive,7,19,2013-03-31,2018-12-31,2019-10-18,1
1555492,Fairway Group Holdings Corp,,5411.0,Retail-Grocery Stores,submissions,,1,2016-05-02,positive,3,9,2013-03-31,2015-12-27,2016-02-05,1
1556739,"Thryv Holdings, Inc.",THRY,7310.0,Services-Advertising,submissions,Nasdaq,1,2013-05-03,positive,8,24,2013-03-31,2026-06-30,2026-08-04,1
1560443,New Source Energy Partners L.P.,,1311.0,Crude Petroleum & Natural Gas,submissions,,1,2016-03-15,positive,4,10,2012-12-31,2015-09-30,2015-11-09,1
1561551,"Enumeral Biomedical Holdings, Inc.",,2834.0,Pharmaceutical Preparations,submissions,,1,2018-01-29,positive,6,15,2013-04-30,2017-09-30,2017-11-14,1
1561880,"Legacy Education Alliance, Inc.",,8200.0,Services-Educational Services,submissions,,1,2019-11-21,positive,15,40,2013-03-31,2024-03-31,2024-07-17,1
1562594,"Liquid Holdings Group, Inc.",,7372.0,Services-Prepackaged Software,submissions,,1,2016-02-02,positive,1,5,2013-06-30,2014-09-30,2014-11-14,1
1563298,Energy & Water Development Corp,,3585.0,Air-Cond & Warm Air Heatg Equip & Comm & Indl Refrig Equip,submissions,,1,2020-05-15,positive,6,20,2018-12-31,2024-09-30,2024-11-19,1
1567892,Keenova Therapeutics plc,,2834.0,Pharmaceutical Preparations,submissions,,1,2020-10-12,positive,13,35,2013-06-28,2026-06-30,2026-08-11,1
1568079,PetroShare Corp.,,1311.0,Crude Petroleum & Natural Gas,submissions,,1,2019-09-04,positive,6,14,2014-12-31,2019-06-30,2019-08-14,1
1571759,"iNeedMD Holdings, Inc.",,3841.0,Surgical & Medical Instruments & Apparatus,submissions,,1,2018-11-26,positive,5,8,2013-08-31,2016-03-31,2017-02-08,1
1573166,"Jones Energy, Inc.",,1311.0,Crude Petroleum & Natural Gas,submissions,,1,2019-04-14,positive,8,18,2013-06-30,2018-12-31,2019-04-29,1
1574300,"MobilityPay Holdings, Inc.",,7372.0,Services-Prepackaged Software,submissions,,1,2017-05-26,positive,2,9,2013-12-31,2015-12-31,2016-02-22,1
1575360,"GUE Liquidation Companies, Inc.",,5960.0,Retail-Nonstore Retailers,submissions,,1,2019-06-03,positive,7,17,2013-09-30,2018-12-31,2019-04-30,1
1575599,"AZURE MIDSTREAM PARTNERS, LP",,4922.0,Natural Gas Transmission,submissions,,1,2017-01-30,positive,5,11,2013-06-30,2016-09-30,2016-11-02,1
1576778,Yinghong Guangda Technology Ltd,,7389.0,"Services-Business Services, NEC",submissions,,1,2018-01-26,positive,4,11,2013-06-30,2018-06-30,2018-08-15,1
1577095,"ClubCorp Holdings, Inc.",,7997.0,Services-Membership Sports & Recreation Clubs,submissions,,1,2017-09-18,positive,7,12,2013-09-03,2017-06-13,2017-07-19,1
1578742,"GPB Automotive Portfolio, LP",,5500.0,Retail-Auto Dealers & Gasoline Stations,submissions,,1,2023-12-13,positive,4,11,2021-06-30,2025-03-31,2025-05-20,1
1579010,"Life On Earth, Inc.",,2080.0,Beverages,submissions,,1,2019-11-05,positive,9,31,2014-02-28,2022-02-28,2022-04-19,1
1579252,"Jason Industries, Inc.",,3990.0,Miscellaneous Manufacturing Industries,submissions,,1,2020-06-24,positive,10,21,2013-06-30,2020-03-27,2020-06-10,1
1579823,"NewAge, Inc.",,2082.0,Malt Beverages,submissions,,1,2022-08-30,positive,9,28,2014-03-31,2021-09-30,2021-11-09,1
1580063,"BIORA THERAPEUTICS, INC.",,2834.0,Pharmaceutical Preparations,submissions,,1,2024-12-30,positive,4,14,2020-06-30,2024-09-30,2024-11-14,1
1580864,"Vroom, Inc.",VRM,5500.0,Retail-Auto Dealers & Gasoline Stations,submissions,"Nasdaq,OTC",1,2024-11-13,positive,5,14,2020-06-30,2026-06-30,2026-08-04,1
1581312,"Core Resource Management, Inc.",,1382.0,Oil & Gas Field Exploration Services,submissions,,1,2016-07-07,positive,3,6,2013-09-30,2014-12-31,2016-01-06,1
1581545,"GL Brands, Inc.",,2833.0,Medicinal Chemicals & Botanical Products,submissions,,1,2020-12-21,positive,8,22,2013-03-31,2019-09-30,2020-09-11,1
1582054,MILLENNIUM HEALTHCARE INC.,,5047.0,"Wholesale-Medical, Dental & Hospital Equipment & Supplies",submissions,,1,2016-03-01,positive,5,14,2013-06-30,2015-12-31,2016-12-05,1
1582919,Flitways Technology Inc.,,7389.0,"Services-Business Services, NEC",submissions,,1,2018-10-15,positive,7,16,2014-09-30,2019-03-31,2019-05-02,1
1584701,TOPS HOLDING II CORP,,5411.0,Retail-Grocery Stores,submissions,,1,2018-02-21,positive,3,10,2014-04-19,2017-04-22,2017-06-06,1
1584754,ATECH (PARENT) RESOLUTION CORP.,,3661.0,Telephone & Telegraph Apparatus,submissions,,1,2024-12-16,positive,13,32,2014-04-30,2024-09-30,2024-11-14,1
1584952,EP Energy Corp,,1311.0,Crude Petroleum & Natural Gas,submissions,,1,2019-10-03,positive,8,18,2013-12-31,2019-12-31,2020-03-25,1
1585644,"WINDSTREAM SERVICES, LLC",,4813.0,Telephone Communications (No Radiotelephone),submissions,,1,2019-02-28,positive,8,21,2013-09-30,2020-06-30,2020-07-30,1
1586105,Zyla Life Sciences,,2834.0,Pharmaceutical Preparations,submissions,,1,2018-10-31,positive,9,21,2013-12-31,2020-03-31,2020-05-14,1
1586300,CHC Group Ltd.,,4522.0,"Air Transportation, Nonscheduled",submissions,,1,2016-05-05,positive,4,9,2014-01-31,2016-10-31,2016-12-14,1
1586988,CSA HOLDINGS INC.,,3730.0,Ship & Boat Building & Repairing,submissions,,1,2018-04-30,positive,5,6,2014-04-30,2017-09-30,2017-12-01,1
1587221,Zosano Pharma Corp,,2834.0,Pharmaceutical Preparations,submissions,,1,2022-06-02,positive,10,22,2014-12-31,2022-03-31,2022-05-13,1
1587246,"Cypress Environmental Partners, L.P.",,7389.0,"Services-Business Services, NEC",submissions,,1,2022-05-11,positive,9,26,2013-12-31,2021-12-31,2022-04-15,1
1588242,DENVER PARENT Corp,,1311.0,Crude Petroleum & Natural Gas,submissions,,1,2016-03-24,positive,6,7,2013-09-30,2015-12-31,2016-06-06,1
1592057,"Enviva, LLC",,2400.0,Lumber & Wood Products (No Furniture),submissions,,1,2024-03-13,positive,9,27,2015-03-31,2023-12-31,2024-10-03,1
1592058,Party City Holdco Inc.,,5900.0,Retail-Miscellaneous Retail,submissions,,1,2023-01-18,positive,10,28,2015-03-31,2023-09-30,2024-09-26,1
1593034,Endo International plc,,2834.0,Pharmaceutical Preparations,submissions,,1,2022-08-16,positive,11,31,2014-03-31,2023-12-31,2024-03-06,1
1593470,"Tiger Reef, Inc.",,4991.0,Cogeneration Services & Small Power Producers,submissions,,1,2020-11-04,positive,3,10,2014-06-30,2017-06-30,2017-08-23,1
1594590,PARAGON OFFSHORE PLC,,1381.0,Drilling Oil & Gas Wells,submissions,,1,2016-02-14,positive,4,9,2014-06-30,2017-03-31,2017-05-10,1
1595585,"Tricida, Inc.",,2834.0,Pharmaceutical Preparations,submissions,,1,2023-01-12,positive,5,14,2018-06-30,2022-09-30,2022-11-14,1
1596946,Quotient Ltd,,2835.0,In Vitro & In Vivo Diagnostic Substances,submissions,,1,2023-01-10,positive,11,28,2014-03-31,2022-12-31,2023-02-09,1
1597313,"ViewRay, Inc.",,3845.0,Electromedical & Electrotherapeutic Apparatus,submissions,,1,2023-07-17,positive,10,27,2014-05-31,2023-03-31,2023-05-11,1
1600847,Gamida Cell Ltd.,,2836.0,"Biological Products, (No Diagnostic Substances)",submissions,,1,2024-04-22,positive,3,7,2021-12-31,2024-03-31,2024-05-23,1
1602367,Adeptus Health Inc.,,8060.0,Services-Hospitals,submissions,,1,2017-04-19,positive,4,10,2014-06-30,2016-09-30,2016-11-09,1
1602381,MOMENTOUS ENTERTAINMENT GROUP INC,,7819.0,Services-Allied To Motion Picture Production,submissions,,1,2017-10-06,positive,3,15,2014-09-30,2017-09-30,2017-12-04,1
1603207,"Notable Labs, Ltd.",,2834.0,Pharmaceutical Preparations,submissions,,1,2024-10-15,positive,2,5,2022-12-31,2024-06-30,2024-08-14,1
1603923,Weatherford International plc,WFRD,3533.0,Oil & Gas Field Machinery & Equipment,submissions,Nasdaq,1,2019-07-01,positive,12,32,2014-06-30,2026-06-30,2026-07-22,1
1606180,"AAC Holdings, Inc.",,8093.0,"Services-Specialty Outpatient Facilities, NEC",submissions,,1,2020-06-20,positive,6,17,2014-09-30,2019-09-30,2019-11-13,1
1609253,California Resources Corp,CRC,1311.0,Crude Petroleum & Natural Gas,submissions,NYSE,1,2020-07-15,positive,11,31,2014-09-30,2026-06-30,2026-08-10,1
16104,CAGLES INC,,2015.0,Poultry Slaughtering and Processing,submissions,,1,2011-10-20,positive,2,5,1994-07-02,2011-07-02,2011-08-16,1
1613011,Code Rebel Corp,,7372.0,Services-Prepackaged Software,submissions,,1,2016-05-19,positive,1,3,2015-03-31,2015-12-31,2016-04-14,1
1615817,King Merger Sub II LLC,,1389.0,"Oil & Gas Field Services, NEC",submissions,,1,2016-07-20,positive,6,14,2014-12-31,2019-06-30,2019-08-07,1
1616318,Vista Outdoor Inc.,,3480.0,"Ordnance & Accessories, (No Vehicles/Guided Missiles)",submissions,,1,2024-11-27,positive,10,30,2014-12-28,2024-09-30,2024-11-07,1
1617669,"Unique Fabricating, Inc.",,3714.0,Motor Vehicle Parts & Accessories,submissions,,1,2023-11-08,positive,14,28,2015-06-28,2022-09-30,2022-11-08,1
1619250,Valeritas Holdings Inc.,,3841.0,Surgical & Medical Instruments & Apparatus,submissions,,1,2020-02-10,positive,7,17,2014-12-31,2019-09-30,2019-11-12,1
1622244,"One World Products, Inc.",OWPC,2834.0,Pharmaceutical Preparations,submissions,OTC,1,2024-01-19,positive,11,28,2015-06-30,2025-09-30,2026-01-02,1
1623595,"Atlas Energy Group, LLC",,1311.0,Crude Petroleum & Natural Gas,submissions,,1,2016-07-28,positive,4,12,2014-12-31,2018-09-30,2018-11-19,1
1624658,"Allena Pharmaceuticals, Inc.",,2836.0,"Biological Products, (No Diagnostic Substances)",submissions,,1,2022-09-02,positive,8,17,2017-09-30,2022-06-30,2022-08-15,1
1627606,DAVIDsTEA Inc.,,5400.0,Retail-Food Stores,submissions,,1,2020-07-09,positive,8,26,2015-05-02,2022-10-29,2022-12-13,1
1628945,Cue Health Inc.,,3826.0,Laboratory Analytical Instruments,submissions,Nasdaq,1,2024-05-28,positive,4,7,2021-09-30,2023-12-31,2024-03-13,1
1634447,"ISUN, INC.",,3674.0,Semiconductors & Related Devices,submissions,,1,2024-06-07,positive,12,24,2016-03-31,2023-12-31,2024-04-29,1
1640265,"GPB Holdings II, LP",,8742.0,Services-Management Consulting Services,submissions,,1,2023-12-13,positive,3,8,2022-06-30,2025-03-31,2025-05-20,1
1648428,"Sequential Brands Group, Inc.",,2300.0,Apparel & Other Finishd Prods of  Fabrics & Similar Matl,submissions,,1,2021-08-31,positive,7,16,2015-12-31,2020-12-31,2021-08-10,1
1648893,Nuvectra Corp,,3841.0,Surgical & Medical Instruments & Apparatus,submissions,,1,2019-11-13,positive,3,12,2016-04-01,2019-06-30,2019-07-31,1
1650445,Quorum Health Corp,,8062.0,"Services-General Medical & Surgical Hospitals, NEC",submissions,,1,2020-04-07,positive,4,14,2016-03-31,2020-03-31,2020-05-15,1
1651944,"DermTech, Inc.",,8071.0,Services-Medical Laboratories,submissions,,1,2024-06-18,positive,8,21,2017-06-30,2024-03-31,2024-05-15,1
1652724,"Lucira Health, Inc.",,2835.0,In Vitro & In Vivo Diagnostic Substances,submissions,,1,2023-02-22,positive,2,6,2020-12-31,2022-09-30,2022-11-14,1
1653247,Waitr Holdings Inc.,,7389.0,"Services-Business Services, NEC",submissions,,1,2024-04-02,positive,8,23,2016-06-30,2023-09-30,2023-11-13,1
1655020,"Extraction Oil & Gas, Inc.",,1311.0,Crude Petroleum & Natural Gas,submissions,,1,2020-06-14,positive,7,17,2016-09-30,2021-06-30,2021-08-09,1
1655075,"Armstrong Flooring, Inc.",,3089.0,"Plastics Products, NEC",submissions,,1,2022-05-08,positive,7,19,2016-03-31,2021-12-31,2022-05-02,1
1656328,"Sienna Biopharmaceuticals, Inc.",,2834.0,Pharmaceutical Preparations,submissions,,1,2019-09-17,positive,2,8,2017-06-30,2019-09-30,2019-11-12,1
1656634,"Gritstone bio, Inc.",,2836.0,"Biological Products, (No Diagnostic Substances)",submissions,,1,2024-10-10,positive,8,18,2018-09-30,2024-06-30,2024-08-13,1
1657853,"HERTZ GLOBAL HOLDINGS, INC",HTZ,7510.0,Services-Auto Rental & Leasing (No Drivers),submissions,"Nasdaq,Nasdaq",1,2020-05-22,positive,9,27,2016-06-30,2026-06-30,2026-08-06,1
1659122,Rosehill Resources Inc.,,1311.0,Crude Petroleum & Natural Gas,submissions,,1,2020-07-26,positive,5,15,2016-03-31,2020-03-31,2020-07-02,1
1659183,nDivision Inc.,,7374.0,Services-Computer Processing & Data Preparation,submissions,,1,2022-06-17,positive,7,17,2016-09-30,2022-03-31,2022-05-16,1
1659352,"Codiak BioSciences, Inc.",,2836.0,"Biological Products, (No Diagnostic Substances)",submissions,,1,2023-03-27,positive,2,7,2020-09-30,2022-09-30,2022-11-03,1
1660719,Old API Wind-down Ltd.,,2834.0,Pharmaceutical Preparations,submissions,,1,2018-08-14,positive,5,7,2015-12-31,2018-03-31,2018-05-08,1
1661920,Lonestar Resources US Inc.,,1311.0,Crude Petroleum & Natural Gas,submissions,,1,2020-09-30,positive,8,19,2016-06-30,2021-06-30,2021-08-10,1
1669812,"LSC Communications, Inc.",,2750.0,Commercial Printing,submissions,,1,2020-04-13,positive,6,13,2016-09-30,2020-09-30,2020-10-29,1
1672326,"Yuma Energy, Inc.",,1311.0,Crude Petroleum & Natural Gas,submissions,,1,2020-04-16,positive,3,9,2016-12-31,2019-09-30,2019-11-14,1
1675634,"ShiftPixy, Inc.",,7361.0,Services-Employment Agencies,submissions,,1,2024-10-29,positive,14,26,2017-05-31,2024-05-31,2024-07-02,1
1679826,Ping Identity Holding Corp.,,7372.0,Services-Prepackaged Software,submissions,,1,2022-07-19,positive,3,9,2019-09-30,2022-06-30,2022-08-04,1
1681941,iFresh Inc,,5411.0,Retail-Grocery Stores,submissions,,1,2022-09-06,positive,5,13,2016-12-31,2020-12-31,2021-02-22,1
1690769,"Alta Mesa Resources, Inc. /DE",,1311.0,Crude Petroleum & Natural Gas,submissions,,1,2019-09-11,positive,4,9,2017-03-31,2020-03-04,2020-04-15,1
1698113,"ID Auto, Inc.",,7311.0,Services-Advertising Agencies,submissions,,1,2023-12-26,positive,8,19,2017-12-31,2023-09-30,2023-12-08,1
1699683,Longfin Corp,,7374.0,Services-Computer Processing & Data Preparation,submissions,,1,2018-11-21,positive,2,3,2017-09-30,2018-06-30,2018-08-13,1
1704760,"American Virtual Cloud Technologies, Inc.",,7373.0,Services-Computer Integrated Systems Design,submissions,,1,2023-01-11,positive,8,18,2017-06-30,2023-03-31,2023-05-12,1
1713832,"HC LIQUIDATING, INC.",,7510.0,Services-Auto Rental & Leasing (No Drivers),submissions,,1,2023-03-02,positive,6,14,2018-06-30,2022-09-30,2022-12-19,1
1717556,"Vinco Ventures, Inc.",,3944.0,"Games, Toys & Children's Vehicles (No Dolls & Bicycles)",submissions,,1,2021-04-21,positive,6,16,2017-12-31,2022-09-30,2023-04-10,1
1720201,iPic Entertainment Inc.,,5810.0,Retail-Eating & Drinking Places,submissions,,1,2019-08-05,positive,2,5,2017-09-30,2019-03-31,2019-05-20,1
1720990,Fisker Inc./DE,,3711.0,Motor Vehicles & Passenger Car Bodies,submissions,,1,2024-06-24,positive,7,16,2018-09-30,2023-12-31,2024-04-23,1
1722287,Covia Holdings Corp,,1400.0,Mining & Quarrying of  Nonmetallic Minerals (No Fuels),submissions,,1,2020-06-29,positive,2,10,2018-03-31,2020-09-30,2020-11-09,1
1723580,"BurgerFi International, Inc.",,5812.0,Retail-Eating  Places,submissions,,1,2024-09-17,positive,7,19,2018-03-31,2024-04-01,2024-05-16,1
1725526,HighPoint Resources Corp,,1311.0,Crude Petroleum & Natural Gas,submissions,,1,2021-03-14,positive,4,9,2018-03-31,2020-12-31,2021-03-31,1
1735707,Garrett Motion Inc.,GTX,3714.0,Motor Vehicle Parts & Accessories,submissions,Nasdaq,1,2020-09-20,positive,7,19,2018-09-30,2026-06-30,2026-07-29,1
1735828,Legacy Reserves Inc.,,1311.0,Crude Petroleum & Natural Gas,submissions,,1,2019-06-18,positive,3,4,2018-09-30,2019-12-31,2020-04-30,1
1736865,"Golden Developing Solutions, Inc.",,5900.0,Retail-Miscellaneous Retail,submissions,,1,2023-07-05,positive,5,14,2019-06-30,2023-06-30,2023-10-17,1
1739426,RVL Pharmaceuticals plc,,2834.0,Pharmaceutical Preparations,submissions,,1,2023-10-13,positive,6,15,2018-09-30,2023-06-30,2023-08-14,1
1741231,"Tattooed Chef, Inc.",,2090.0,Miscellaneous Food Preparations & Kindred Products,submissions,,1,2023-07-06,positive,6,20,2018-06-30,2023-03-31,2023-05-15,1
1759546,Stark Novus Financial Inc.,NRDE,3711.0,Motor Vehicles & Passenger Car Bodies,submissions,OTC,1,2023-06-27,positive,8,18,2019-03-31,2026-06-30,2026-08-14,1
1760173,"SURGALIGN HOLDINGS, INC.",,3842.0,"Orthopedic, Prosthetic & Surgical Appliances & Supplies",submissions,,1,2023-06-20,positive,6,14,2018-12-31,2023-03-31,2023-05-11,1
1762322,"SHIFT TECHNOLOGIES, INC.",,5500.0,Retail-Auto Dealers & Gasoline Stations,submissions,,1,2023-10-10,positive,6,16,2019-03-31,2023-06-30,2023-08-11,1
1770141,"UpHealth, Inc.",,8000.0,Services-Health Services,submissions,,1,2023-09-19,positive,8,15,2019-06-30,2024-03-31,2024-06-06,1
1775625,"SmileDirectClub, Inc.",,3843.0,Dental Equipment & Supplies,submissions,,1,2023-10-02,positive,4,12,2019-09-30,2023-06-30,2023-08-08,1
1776197,AKUMIN INC.,,8071.0,Services-Medical Laboratories,submissions,,1,2023-10-23,positive,3,6,2021-12-31,2023-09-30,2023-12-12,1
1777946,"IronNet, Inc.",,7372.0,Services-Prepackaged Software,submissions,,1,2023-10-12,positive,6,14,2019-09-30,2023-10-31,2024-01-31,1
1780097,"Baudax Bio, Inc.",,2834.0,Pharmaceutical Preparations,submissions,,1,2024-02-28,positive,4,13,2019-09-30,2023-09-30,2023-11-20,1
1782627,"Winc, Inc.",,5900.0,Retail-Miscellaneous Retail,submissions,,1,2022-12-01,positive,1,4,2021-09-30,2022-09-30,2022-11-14,1
1784168,"Electric Last Mile Solutions, Inc.",,3711.0,Motor Vehicles & Passenger Car Bodies,submissions,,1,2022-06-14,positive,2,4,2020-09-30,2021-09-30,2021-11-12,1
1784567,"Harbor Custom Development, Inc.",,1531.0,Operative Builders,submissions,,1,2023-12-15,positive,6,11,2020-09-30,2023-12-31,2024-03-29,1
1784851,"Shapeways Holdings, Inc.",,3990.0,Miscellaneous Manufacturing Industries,submissions,,1,2024-07-03,positive,9,12,2019-12-31,2023-12-31,2024-04-16,1
1790665,Greenrose Holding Co Inc.,,5990.0,"Retail-Retail Stores, NEC",submissions,,1,2024-06-21,positive,6,9,2019-12-31,2022-09-30,2022-11-15,1
1794621,"Quanergy Systems, Inc.",,3714.0,Motor Vehicle Parts & Accessories,submissions,,1,2022-12-13,positive,7,10,2020-03-31,2022-09-30,2022-11-14,1
1794905,"Cyxtera Technologies, Inc.",,7370.0,"Services-Computer Programming, Data Processing, Etc.",submissions,,1,2023-06-05,positive,5,8,2020-09-30,2023-03-31,2023-05-05,1
1800682,"Cano Health, Inc.",,8011.0,Services-Offices & Clinics of  Doctors of  Medicine,submissions,,1,2024-02-05,positive,6,12,2020-06-30,2024-03-31,2024-05-10,1
1802749,"Lightning eMotors, Inc.",,3711.0,Motor Vehicles & Passenger Car Bodies,submissions,,1,2023-12-14,positive,3,11,2020-06-30,2023-09-30,2023-11-20,1
1805087,"GELESIS HOLDINGS, INC.",,2834.0,Pharmaceutical Preparations,submissions,,1,2023-10-31,positive,7,11,2020-06-30,2023-06-30,2023-08-14,1
1807707,"AppHarvest, Inc.",,100.0,Agricultural Production-Crops,submissions,,1,2023-07-24,positive,4,10,2020-03-31,2023-03-31,2023-05-10,1
1811109,"Applied UV, Inc.",,3640.0,Electric Lighting & Wiring Equipment,submissions,,1,2024-05-31,positive,6,12,2020-09-30,2023-12-31,2024-04-16,1
1811856,"View, Inc.",,3211.0,Flat Glass,submissions,,1,2024-04-03,positive,3,14,2020-09-30,2023-09-30,2023-11-14,1
1813914,"CareMax, Inc.",,8050.0,Services-Nursing & Personal Care Facilities,submissions,,1,2024-11-18,positive,8,21,2020-06-30,2024-06-30,2024-08-09,1
1814974,"BBX Capital, Inc.",BBXIB,5400.0,Retail-Food Stores,submissions,,1,2020-09-24,positive,6,13,2020-09-30,2024-12-31,2025-03-25,1
18172,A. M. Castle & Co.,,5051.0,Wholesale-Metals Service Centers & of fices,submissions,,1,2013-07-30,positive,14,34,1993-12-31,2020-12-31,2021-03-04,1
1817944,"Clarus Therapeutics Holdings, Inc.",,2836.0,"Biological Products, (No Diagnostic Substances)",submissions,,1,2022-09-06,positive,4,5,2020-12-31,2022-06-30,2022-08-19,1
1820630,Proterra Inc,,3711.0,Motor Vehicles & Passenger Car Bodies,submissions,,1,2023-08-08,positive,5,10,2020-09-30,2023-09-30,2023-11-06,1
1823882,Airspan Networks Holdings Inc.,,3663.0,Radio & Tv Broadcasting & Communications Equipment,submissions,,1,2024-04-01,positive,5,10,2020-09-30,2023-12-31,2024-10-04,1
1826671,"Near Intelligence, Inc.",,7374.0,Services-Computer Processing & Data Preparation,submissions,,1,2023-12-11,positive,3,9,2020-12-31,2023-06-30,2023-08-14,1
1828672,"Boxed, Inc.",,5961.0,Retail-Catalog & Mail-Order Houses,submissions,,1,2023-04-03,positive,4,7,2020-12-31,2022-09-30,2022-11-09,1
1830180,"Legacy EJY, Inc.",,7389.0,"Services-Business Services, NEC",submissions,,1,2022-06-30,positive,4,7,2020-12-31,2022-06-30,2022-10-14,1
1832351,"Fast Radius, Inc.",,3440.0,Fabricated Structural Metal Products,submissions,,1,2022-11-08,positive,1,6,2021-03-31,2022-09-30,2022-11-14,1
1833908,"Alfi, Inc.",,7370.0,"Services-Computer Programming, Data Processing, Etc.",submissions,,1,2022-10-14,positive,1,7,2021-03-31,2022-06-30,2022-08-15,1
1834045,"Vintage Wine Estates, Inc.",,2080.0,Beverages,submissions,,1,2024-07-24,positive,4,14,2021-06-30,2024-03-31,2024-05-15,1
1834585,JOANN Inc.,,5940.0,Retail-Miscellaneous Shopping Goods Stores,submissions,,1,2024-03-18,positive,3,9,2021-01-30,2023-10-28,2023-12-05,1
1835567,"Pear Therapeutics, Inc.",,8000.0,Services-Health Services,submissions,,1,2023-04-07,positive,2,6,2021-03-31,2022-12-31,2023-03-31,1
1835972,"iLearningEngines, Inc.",,7372.0,Services-Prepackaged Software,submissions,,1,2024-12-23,positive,3,12,2021-03-31,2024-06-30,2024-08-13,1
1839412,QualTek Services Inc.,,1623.0,"Water, Sewer, Pipeline, Comm & Power Line Construction",submissions,,1,2023-05-31,positive,3,7,2021-03-31,2023-04-01,2023-07-13,1
1841800,"Nogin, Inc.",,7389.0,"Services-Business Services, NEC",submissions,,1,2023-12-11,positive,3,9,2021-06-30,2023-09-30,2023-11-22,1
1843388,"Virgin Orbit Holdings, Inc.",,3812.0,"Search, Detection, Navigation, Guidance, Aeronautical Sys",submissions,,1,2023-04-04,positive,3,8,2021-03-31,2022-12-31,2023-04-17,1
1852117,Rockley Photonics Holdings Ltd,,3674.0,Semiconductors & Related Devices,submissions,,1,2023-01-24,positive,2,6,2021-06-30,2022-12-31,2023-05-15,1
1855631,AERWINS Technologies Inc.,,3721.0,Aircraft,submissions,,1,2024-01-03,positive,3,9,2021-06-30,2024-03-31,2024-05-28,1
1861449,"Bird Global, Inc.",,3751.0,"Motorcycles, Bicycles & Parts",submissions,,1,2023-12-26,positive,4,9,2021-09-30,2023-09-30,2023-11-14,1
1864448,Wejo Group Ltd,,7374.0,Services-Computer Processing & Data Preparation,submissions,,1,2023-05-30,positive,3,7,2021-09-30,2023-03-31,2023-05-22,1
1870997,Loyalty Ventures Inc.,,7389.0,"Services-Business Services, NEC",submissions,,1,2023-03-10,positive,1,4,2021-09-30,2022-09-30,2022-11-08,1
1872356,"Molekule Group, Inc.",,3564.0,Industrial & Commercial Fans & Blowers & Air Purifing Equip,submissions,,1,2023-10-03,positive,4,7,2021-09-30,2023-06-30,2023-08-14,1
1876945,Gold Flora Corp.,,100.0,Agricultural Production-Crops,submissions,,1,2024-10-07,positive,3,10,2021-09-30,2024-09-30,2024-11-14,1
1882607,"ALPINE SUMMIT ENERGY PARTNERS, INC.",,1311.0,Crude Petroleum & Natural Gas,submissions,,1,2023-07-11,positive,1,1,2022-12-31,2023-03-31,2023-05-15,1
1884697,"Starry Group Holdings, Inc.",,4813.0,Telephone Communications (No Radiotelephone),submissions,,1,2023-02-21,positive,1,3,2021-12-31,2022-09-30,2022-11-09,1
1909152,Kalera Public Ltd Co,,100.0,Agricultural Production-Crops,submissions,,1,2023-04-04,positive,0,2,2022-06-30,2022-09-30,2022-11-14,1
1934064,"ProSomnus, Inc.",,3841.0,Surgical & Medical Instruments & Apparatus,submissions,,1,2024-05-08,positive,3,5,2022-12-31,2024-06-30,2024-07-31,1
1996210,"BLUM HOLDINGS, INC.",BLMH,5900.0,Retail-Miscellaneous Retail,submissions,,1,2024-11-08,positive,2,3,2023-12-31,2025-09-30,2025-11-14,1
2034,ACETO CORP,,5122.0,"Wholesale-Drugs, Proprietaries & Druggists' Sundries",submissions,,1,2019-02-19,positive,11,28,1994-12-31,2018-12-31,2019-02-20,1
20520,"Frontier Communications Parent, Inc.",,4813.0,Telephone Communications (No Radiotelephone),submissions,,1,2020-04-14,positive,17,46,1992-12-31,2025-09-30,2025-10-28,1
2178,"ADAMS RESOURCES & ENERGY, INC.",,5172.0,Wholesale-Petroleum & Petroleum Products (No Bulk Stations),submissions,,1,2017-04-24,positive,14,45,1995-03-31,2024-09-30,2024-11-12,1
22551,TRI VALLEY CORP,,1311.0,Crude Petroleum & Natural Gas,submissions,,1,2012-08-09,positive,4,11,1995-07-31,2012-03-31,2012-05-17,1
22872,"Advanzeon Solutions, Inc.",,8000.0,Services-Health Services,submissions,,1,2020-09-11,positive,9,23,1994-02-28,2020-09-30,2021-10-08,1
25354,CPI CORP,,7200.0,Services-Personal Services,submissions,,1,2013-04-16,positive,8,9,1994-02-05,2012-11-10,2012-12-31,1
276750,AMBER RESOURCES CO OF COLORADO,,1311.0,Crude Petroleum & Natural Gas,submissions,,1,2011-12-22,positive,2,8,2001-09-30,2012-06-30,2012-08-14,1
278041,INTERNATIONAL SHIPHOLDING CORP,,4412.0,Deep Sea Foreign Transportation of  Freight,submissions,,1,2016-08-01,positive,10,21,1993-12-31,2016-03-31,2016-05-06,1
278130,PIER 1 IMPORTS INC/DE,,5700.0,"Retail-Home Furniture, Furnishings & Equipment Stores",submissions,,1,2020-02-17,positive,10,32,1992-11-28,2019-11-30,2020-01-06,1
28823,"DIEBOLD NIXDORF, Inc",DBD,3578.0,Calculating & Accounting Machines (No Electronic Computers),submissions,NYSE,1,2023-06-01,positive,15,45,1994-12-31,2026-06-30,2026-07-29,1
29834,Escalera Resources Co.,,1311.0,Crude Petroleum & Natural Gas,submissions,,1,2015-11-09,positive,7,18,1996-02-29,2015-09-30,2015-11-23,1
30302,ALCO STORES INC,,5331.0,Retail-Variety Stores,submissions,,1,2014-10-14,positive,6,17,1996-04-28,2014-08-03,2014-09-22,1
30419,DEX ONE Corp,,7310.0,Services-Advertising,submissions,,1,2013-03-18,positive,3,10,1993-12-31,2013-03-31,2013-04-26,1
3116,AKORN INC,,2834.0,Pharmaceutical Preparations,submissions,,1,2020-05-20,positive,13,36,1995-09-30,2020-06-30,2020-08-07,1
312065,FLORIDA GAMING CORP,,7990.0,Services-Miscellaneous Amusement & Recreation,submissions,,1,2012-11-08,positive,4,13,1995-06-30,2013-09-30,2013-11-19,1
31235,EASTMAN KODAK CO,KODK,3861.0,Photographic Equipment & Supplies,submissions,NYSE,1,2012-01-19,positive,20,49,1993-12-31,2026-06-30,2026-08-04,1
314606,GEOKINETICS INC,,1311.0,Crude Petroleum & Natural Gas,submissions,,1,2013-03-10,positive,4,10,1996-09-30,2012-12-31,2013-03-28,1
314808,Valaris Ltd,VAL,1381.0,Drilling Oil & Gas Wells,submissions,"NYSE,NYSE",1,2020-08-19,positive,15,45,1994-03-31,2026-06-30,2026-08-06,1
316300,EXCO RESOURCES INC,,1311.0,Crude Petroleum & Natural Gas,submissions,,1,2018-01-15,positive,14,27,1995-09-30,2018-12-31,2019-04-30,1
318996,KEY ENERGY SERVICES INC,,1389.0,"Oil & Gas Field Services, NEC",submissions,,1,2016-10-24,positive,11,33,1995-03-31,2020-09-30,2020-11-16,1
319156,"HILLTOP ENERGY, LLC.",,1381.0,Drilling Oil & Gas Wells,submissions,,1,2015-12-14,positive,11,23,2008-06-30,2015-03-31,2015-05-15,1
320174,BSD Medical Corp,,3845.0,Electromedical & Electrotherapeutic Apparatus,submissions,,1,2016-05-23,positive,7,18,2006-11-30,2015-09-30,2015-10-27,1
320575,PIONEER ENERGY SERVICES LLC,,1381.0,Drilling Oil & Gas Wells,submissions,,1,2020-03-01,positive,13,35,1995-06-30,2021-06-30,2021-08-06,1
32621,EMERSON RADIO CORP,MSN,3651.0,Household Audio & Video Equipment,submissions,NYSE,1,2011-06-01,positive,29,46,1994-12-31,2026-06-30,2026-08-14,1
32878,ENERGY CONVERSION DEVICES INC,,3674.0,Semiconductors & Related Devices,submissions,,1,2012-02-14,positive,3,5,1996-03-31,2011-09-30,2011-11-14,1
34115,CLAIRES STORES INC,,5600.0,Retail-Apparel & Accessory Stores,submissions,,1,2018-03-19,positive,18,26,1994-10-29,2018-08-04,2018-09-14,1
350403,"PHI Group, Inc./DE",,4522.0,"Air Transportation, Nonscheduled",submissions,,1,2019-03-14,positive,9,29,1994-01-31,2019-06-30,2019-08-09,1
351817,"SILVERBOW RESOURCES, INC.",,1311.0,Crude Petroleum & Natural Gas,submissions,,1,2015-12-31,positive,15,46,1995-03-31,2024-03-31,2024-05-02,1
352747,UNIGENE LABORATORIES INC,,2833.0,Medicinal Chemicals & Botanical Products,submissions,,1,2013-07-02,positive,7,12,1995-03-31,2013-03-31,2013-05-14,1
352998,"Teligent, Inc.",,2834.0,Pharmaceutical Preparations,submissions,,1,2021-10-15,positive,13,39,1995-03-31,2021-06-30,2021-08-16,1
355356,IMPERIAL PETROLEUM INC,,2860.0,Industrial Organic Chemicals,submissions,,1,2012-04-10,positive,2,10,1995-10-31,2012-04-30,2012-06-14,1
356590,"GLOBAL TECH INDUSTRIES GROUP, INC.",,8741.0,Services-Management Services,submissions,,1,2024-10-28,positive,17,48,1996-08-31,2023-12-31,2024-04-16,1
356591,NEUROLOGIX INC/DE,,2834.0,Pharmaceutical Preparations,submissions,,1,2012-03-21,positive,1,5,1999-03-31,2011-06-30,2011-08-11,1
356870,"ZONZIA MEDIA, INC.",,1311.0,Crude Petroleum & Natural Gas,submissions,,1,2013-04-08,positive,6,12,1997-06-30,2016-03-31,2016-05-23,1
357108,ISC8 INC. /DE,,7373.0,Services-Computer Integrated Systems Design,submissions,,1,2014-09-24,positive,5,15,1995-10-01,2014-03-31,2014-06-06,1
38079,SABINE OIL & GAS CORP,,1311.0,Crude Petroleum & Natural Gas,submissions,,1,2015-07-15,positive,7,22,1993-12-31,2016-03-31,2016-05-16,1
38984,"Elah Holdings, Inc.",,5063.0,"Wholesale-Electrical Apparatus & Equipment, Wiring Supplies ",submissions,,1,2010-06-01,positive,9,24,1994-12-31,2017-12-31,2018-04-05,1
40730,Motors Liquidation Co,,3711.0,Motor Vehicles & Passenger Car Bodies,submissions,,1,2011-04-04,positive,8,28,1993-12-31,2020-12-31,2021-02-12,1
43300,GREAT ATLANTIC & PACIFIC TEA CO INC,,5411.0,Retail-Grocery Stores,submissions,,1,2010-12-12,positive,3,8,1993-12-04,2011-12-06,2012-01-17,1
4515,"AMERICAN AIRLINES, INC.",,4512.0,"Air Transportation, Scheduled",submissions,,1,2011-11-29,positive,16,49,1993-12-23,2026-06-30,2026-07-23,1
47129,HERTZ CORP,,7510.0,Services-Auto Rental & Leasing (No Drivers),submissions,,1,2020-05-26,positive,16,46,1993-09-30,2026-06-30,2026-08-06,1
50957,"FBI WIND DOWN, INC.",,2510.0,Household Furniture,submissions,,1,2013-09-09,positive,3,11,1993-12-31,2013-06-29,2013-08-08,1
54681,KII Liquidating Inc.,,3559.0,"Special Industry Machinery, NEC",submissions,,1,2017-05-18,positive,7,22,1993-03-31,2016-09-30,2016-11-21,1
57055,K-V Pharmaceutical Co,,2834.0,Pharmaceutical Preparations,submissions,,1,2012-08-08,positive,4,8,1994-12-31,2012-03-31,2012-06-14,1
57725,LANNETT CO INC,,2834.0,Pharmaceutical Preparations,submissions,,1,2023-05-03,positive,13,40,1998-09-30,2023-03-31,2023-05-15,1
58361,"LEE ENTERPRISES, Inc",LEE,2711.0,Newspapers: Publishing or  Publishing & Printing,submissions,Nasdaq,1,2011-12-12,positive,17,45,1993-12-31,2026-06-28,2026-08-07,1
6201,American Airlines Group Inc.,AAL,4512.0,"Air Transportation, Scheduled",submissions,Nasdaq,1,2011-11-29,positive,16,49,1993-12-31,2026-06-30,2026-07-23,1
6885,STAGE STORES INC,,5651.0,Retail-Family Clothing Stores,submissions,,1,2020-05-10,positive,11,34,1995-07-29,2019-11-02,2019-12-12,1
704384,BIOVEST INTERNATIONAL INC,,2834.0,Pharmaceutical Preparations,submissions,,1,2010-11-02,positive,4,12,2001-12-31,2013-12-31,2014-02-14,1
708819,MCDERMOTT INTERNATIONAL INC,,3443.0,Fabricated Plate Work (Boiler Shops),submissions,,1,2020-01-21,positive,14,31,1993-12-31,2020-03-31,2020-05-08,1
716006,Yellow Corp,,4213.0,Trucking (No Local),submissions,,1,2023-08-07,positive,15,41,1993-12-31,2023-06-30,2023-08-14,1
719274,"GRESHAM WORLDWIDE, INC.",,3825.0,Instruments For Meas & Testing of  Electricity & Elec Signals,submissions,,1,2024-08-16,positive,20,46,1995-06-24,2024-03-31,2024-05-17,1
722104,SAVIENT PHARMACEUTICALS INC,,2833.0,Medicinal Chemicals & Botanical Products,submissions,,1,2013-10-15,positive,3,14,1995-03-31,2013-09-30,2013-11-14,1
72316,NORD RESOURCES CORP,,1400.0,Mining & Quarrying of  Nonmetallic Minerals (No Fuels),submissions,,1,2014-11-24,positive,3,13,1994-03-31,2013-09-30,2013-11-14,1
724571,FREDS INC,,5331.0,Retail-Variety Stores,submissions,,1,2019-09-09,positive,11,29,1995-04-29,2019-05-04,2019-06-18,1
728249,INTERPHASE CORP,,3576.0,Computer Communications Equipment,submissions,,1,2015-10-01,positive,5,17,1995-04-30,2015-06-30,2015-08-06,1
730255,CalAmp Corp.,,3663.0,Radio & Tv Broadcasting & Communications Equipment,submissions,,1,2024-06-03,positive,14,42,1995-06-03,2023-11-30,2024-01-09,1
732717,AT&T INC.,T,4813.0,Telephone Communications (No Radiotelephone),submissions,"NYSE,NYSE,NYSE,NYSE",1,2012-01-13,positive,16,48,1993-12-31,2026-06-30,2026-07-22,1
73605,OAKRIDGE HOLDINGS INC,,3728.0,"Aircraft Parts & Auxiliary Equipment, NEC",submissions,,1,2017-05-23,positive,7,22,2008-06-30,2016-09-30,2017-05-05,1
73887,Bristow Group Inc,,4522.0,"Air Transportation, Nonscheduled",submissions,,1,2019-05-11,positive,12,32,1994-12-31,2019-09-30,2019-12-27,1
739708,"iHeartCommunications, Inc.",,4832.0,Radio Broadcasting Stations,submissions,,1,2018-03-15,positive,11,24,1994-12-31,2017-12-31,2018-05-03,1
739878,"KID BRANDS, INC",,3990.0,Miscellaneous Manufacturing Industries,submissions,,1,2014-06-19,positive,8,16,1993-12-31,2014-03-31,2014-05-22,1
741815,HOOPER HOLMES INC,,8090.0,"Services-Misc Health & Allied Services, NEC",submissions,,1,2018-08-28,positive,13,29,1995-03-31,2018-06-30,2018-08-14,1
742112,INVACARE HOLDINGS Corp,,3842.0,"Orthopedic, Prosthetic & Surgical Appliances & Supplies",submissions,,1,2023-02-01,positive,14,40,1995-03-31,2023-03-31,2023-05-15,1
745543,"PETRO USA, INC.",,2834.0,Pharmaceutical Preparations,submissions,,1,2016-01-04,positive,25,52,1996-03-31,2023-12-31,2024-02-27,1
75208,OVERSEAS SHIPHOLDING GROUP INC,,4412.0,Deep Sea Foreign Transportation of  Freight,submissions,,1,2012-11-14,positive,19,43,1993-12-31,2024-03-31,2024-05-10,1
753048,"AXION INTERNATIONAL HOLDINGS, INC.",,3086.0,Plastics Foam Products,submissions,,1,2015-12-08,positive,8,22,1996-12-31,2015-09-30,2015-11-24,1
753772,MEDIZONE INTERNATIONAL INC,,5122.0,"Wholesale-Drugs, Proprietaries & Druggists' Sundries",submissions,,1,2018-05-11,positive,8,24,1996-03-31,2017-12-31,2018-03-20,1
75439,"Medite Cancer Diagnostics, Inc.",,3841.0,Surgical & Medical Instruments & Apparatus,submissions,,1,2019-01-03,positive,13,32,1995-06-30,2018-09-30,2018-11-14,1
75488,PACIFIC GAS & ELECTRIC Co,,4931.0,Electric & Other Services Combined,submissions,,1,2019-01-14,positive,18,45,1993-12-31,2026-06-30,2026-07-23,1
758743,VIDEO DISPLAY CORP,,3670.0,Electronic Components & Accessories,submissions,,1,2017-02-16,positive,15,44,1995-05-31,2024-08-31,2024-10-15,1
76321,PARKER DRILLING CO /DE/,,1381.0,Drilling Oil & Gas Wells,submissions,,1,2018-12-12,positive,11,32,1993-08-31,2019-12-31,2020-03-04,1
764195,VBI Vaccines Inc/BC,,2834.0,Pharmaceutical Preparations,submissions,,1,2024-07-30,positive,9,22,2016-12-31,2024-03-31,2024-05-15,1
768835,FORMER BL STORES INC,,5331.0,Retail-Variety Stores,submissions,,1,2024-09-10,positive,15,44,1994-01-29,2024-08-03,2024-09-12,1
77159,"BAYTEX ENERGY USA, INC.",,1311.0,Crude Petroleum & Natural Gas,submissions,,1,2016-05-12,positive,16,41,1994-03-31,2023-03-31,2023-05-09,1
776008,"ROCK CREEK PHARMACEUTICALS, INC.",,2833.0,Medicinal Chemicals & Botanical Products,submissions,,1,2016-09-28,positive,9,21,1999-12-31,2016-06-30,2016-08-10,1
778164,"Alto Ingredients, Inc.",ALTO,2860.0,Industrial Organic Chemicals,submissions,Nasdaq,1,2010-06-11,positive,21,45,2000-06-30,2026-06-30,2026-08-07,1
778438,"Berry Petroleum Company, LLC",,1311.0,Crude Petroleum & Natural Gas,submissions,,1,2016-05-11,positive,7,23,1994-12-31,2016-09-30,2016-11-10,1
785968,"MILLER ENERGY RESOURCES, INC.",,1311.0,Crude Petroleum & Natural Gas,submissions,,1,2015-08-06,positive,11,17,1995-06-30,2015-01-31,2015-03-12,1
786110,GYMBOREE CORP,,2300.0,Apparel & Other Finishd Prods of  Fabrics & Similar Matl,submissions,,1,2017-06-11,positive,7,20,1996-05-05,2017-01-28,2017-03-14,1
796764,"PREMIER EXHIBITIONS, INC.",,7900.0,Services-Amusement & Recreation Services,submissions,,1,2016-06-14,positive,9,18,1996-02-29,2015-08-31,2015-10-15,1
798949,UNIT CORP,,1311.0,Crude Petroleum & Natural Gas,submissions,"OTC,OTC",1,2020-05-22,positive,17,41,1994-12-31,2023-03-31,2023-05-11,1
804154,LITHIUM TECHNOLOGY CORP,,3690.0,"Miscellaneous Electrical Machinery, Equipment & Supplies",submissions,,1,2014-12-11,positive,2,6,2008-03-31,2011-09-30,2011-12-29,1
805305,QUIKSILVER INC,,2320.0,"Men's & Boys' Furnishgs, Work Clothg, & Allied Garments",submissions,,1,2015-09-09,positive,7,21,1995-01-31,2015-10-31,2016-01-27,1
810208,"AuraSound, Inc.",,3651.0,Household Audio & Video Equipment,submissions,,1,2013-01-31,positive,3,15,2008-06-30,2011-12-31,2012-02-14,1
810332,REPUBLIC AIRWAYS HOLDINGS INC.,RJET,4512.0,"Air Transportation, Scheduled",submissions,Nasdaq,1,2010-01-05,positive,10,20,1994-12-31,2026-06-30,2026-07-31,1
811240,"BIOLASE, INC",,3843.0,Dental Equipment & Supplies,submissions,,1,2024-10-01,positive,17,46,1997-03-31,2024-09-30,2024-11-07,1
812906,HANCOCK FABRICS INC,,5940.0,Retail-Miscellaneous Shopping Goods Stores,submissions,,1,2016-02-02,positive,7,18,1994-01-30,2015-10-31,2015-12-21,1
813781,EXIDE TECHNOLOGIES,,3690.0,"Miscellaneous Electrical Machinery, Equipment & Supplies",submissions,,1,2013-06-10,positive,7,15,1995-01-01,2014-12-31,2015-02-06,1
813920,CEC ENTERTAINMENT INC,,5812.0,Retail-Eating  Places,submissions,,1,2020-06-24,positive,16,28,1994-12-30,2019-12-29,2020-04-27,1
814549,EBIX INC,,7373.0,Services-Computer Integrated Systems Design,submissions,,1,2023-12-19,positive,22,50,1993-03-31,2023-09-30,2023-11-14,1
820380,INTERNATIONAL AUTOMATED SYSTEMS INC,,7372.0,Services-Prepackaged Software,submissions,,1,2018-11-21,positive,4,10,1996-09-30,2016-06-30,2017-05-12,1
821483,"PAR PACIFIC HOLDINGS, INC.",PARR,1311.0,Crude Petroleum & Natural Gas,submissions,NYSE,1,2011-12-15,positive,22,48,2001-06-30,2026-06-30,2026-08-05,1
826773,"UniTek Global Services, Inc.",,4812.0,Radiotelephone Communications,submissions,,1,2014-11-03,positive,4,15,1998-04-30,2014-03-29,2014-05-15,1
827809,NOVELION THERAPEUTICS INC.,,2834.0,Pharmaceutical Preparations,submissions,,1,2019-05-21,positive,15,30,2002-03-31,2019-03-31,2019-05-07,1
830741,"VHGI HOLDINGS, INC.",,7373.0,Services-Computer Integrated Systems Design,submissions,,1,2013-09-30,positive,3,12,1995-03-31,2012-12-31,2013-06-26,1
837173,"Walter Energy, Inc.",,1220.0,Silver Ores,submissions,,1,2015-07-15,positive,5,18,1995-08-31,2015-09-30,2015-11-05,1
837852,"IDEANOMICS, INC.",,3711.0,Motor Vehicles & Passenger Car Bodies,submissions,,1,2024-12-06,positive,19,48,1996-06-30,2023-12-31,2024-06-18,1
839441,IMAGENETIX INC /NV/,,2834.0,Pharmaceutical Preparations,submissions,,1,2012-12-18,positive,4,9,1999-06-30,2015-06-30,2015-08-14,1
84129,"NEW RITE AID, LLC",,5912.0,Retail-Drug Stores and Proprietary Stores,submissions,,1,2023-10-16,positive,16,44,1993-11-27,2023-09-02,2024-07-25,1
844143,Centric Brands Inc.,,2300.0,Apparel & Other Finishd Prods of  Fabrics & Similar Matl,submissions,,1,2020-05-18,positive,10,32,1996-02-29,2019-09-30,2019-11-14,1
844985,POSITRON CORP,POSC,3845.0,Electromedical & Electrotherapeutic Apparatus,submissions,OTC,1,2016-05-10,positive,9,27,1996-06-30,2026-06-30,2026-08-14,1
850261,"Sorrento Therapeutics, Inc.",,2836.0,"Biological Products, (No Diagnostic Substances)",submissions,,1,2023-02-13,positive,20,47,2008-03-31,2023-06-30,2023-08-14,1
851726,Santa Fe Gold CORP,,1000.0,Metal Mining,submissions,,1,2015-08-28,positive,16,38,1996-03-31,2023-03-31,2023-09-06,1
852570,GLOBAL AXCESS CORP,,7389.0,"Services-Business Services, NEC",submissions,,1,2013-08-06,positive,3,15,1999-12-31,2013-03-31,2013-05-15,1
852766,"YTB International, Inc.",,4700.0,Transportation Services,submissions,,1,2013-03-05,positive,1,6,1998-05-31,2011-09-30,2011-11-14,1
853695,DRI CORP,,3669.0,"Communications Equipment, NEC",submissions,,1,2012-03-29,positive,1,7,1996-03-31,2011-09-30,2011-11-21,1
858395,"CAESARS ENTERTAINMENT OPERATING COMPANY, INC.",,7011.0,Hotels & Motels,submissions,,1,2015-01-12,positive,0,2,2014-06-30,2014-09-30,2014-11-14,1
859475,TRIDENT MICROSYSTEMS INC,,3674.0,Semiconductors & Related Devices,submissions,,1,2012-01-04,positive,1,6,1996-03-31,2011-09-30,2011-11-09,1
863456,SEAL123 INC,,5621.0,Retail-Women's Clothing Stores,submissions,,1,2015-01-16,positive,5,15,1996-05-04,2014-11-01,2014-12-10,1
863894,VERU INC.,VERU,2834.0,Pharmaceutical Preparations,submissions,Nasdaq,1,2016-01-04,positive,17,46,1996-03-31,2026-06-30,2026-08-10,1
865570,THQ INC,,7372.0,Services-Prepackaged Software,submissions,,1,2012-12-19,positive,4,8,1996-03-31,2012-09-30,2012-11-13,1
865941,CELADON GROUP INC,,4213.0,Trucking (No Local),submissions,,1,2019-12-19,positive,9,24,1996-03-31,2016-12-31,2017-02-10,1
866439,"DarkPulse, Inc.",DPLS,7372.0,Services-Prepackaged Software,submissions,OTC,1,2023-07-10,positive,17,53,2008-03-31,2026-06-30,2026-08-19,1
866609,ION GEOPHYSICAL CORP,,1382.0,Oil & Gas Field Exploration Services,submissions,,1,2022-04-13,positive,20,38,1996-05-31,2021-09-30,2021-11-03,1
867687,"AMERICA WEST RESOURCES, INC.",,1220.0,Silver Ores,submissions,,1,2013-02-07,positive,4,12,1996-03-31,2012-06-30,2012-08-27,1
867773,SUNPOWER CORP,,3674.0,Semiconductors & Related Devices,submissions,,1,2024-08-06,positive,21,46,2005-12-31,2023-10-01,2023-12-18,1
868725,"RENTECH, INC.",,2870.0,Agricultural Chemicals,submissions,,1,2017-12-19,positive,11,25,1997-06-30,2017-09-30,2017-11-09,1
869487,TANDY BRANDS ACCESSORIES INC,,2300.0,Apparel & Other Finishd Prods of  Fabrics & Similar Matl,submissions,,1,2014-03-17,positive,6,11,1996-03-31,2013-09-30,2013-11-14,1
870826,"Legacy IMBDS, Inc.",,5961.0,Retail-Catalog & Mail-Order Houses,submissions,,1,2023-06-29,positive,13,39,1996-01-31,2022-10-29,2022-12-13,1
872248,PETROQUEST ENERGY INC,,1311.0,Crude Petroleum & Natural Gas,submissions,,1,2018-11-07,positive,11,29,1996-06-30,2019-06-30,2019-08-12,1
874292,ADDVANTAGE TECHNOLOGIES GROUP INC,,5000.0,Wholesale-Durable Goods,submissions,,1,2024-02-01,positive,16,43,2003-12-31,2023-09-30,2023-11-14,1
874499,GULFPORT ENERGY CORP,GPOR,1311.0,Crude Petroleum & Natural Gas,submissions,NYSE,1,2020-11-13,positive,16,46,1996-12-31,2026-06-30,2026-08-04,1
874710,ALLIED HEALTHCARE PRODUCTS INC,,3842.0,"Orthopedic, Prosthetic & Surgical Appliances & Supplies",submissions,,1,2023-05-12,positive,13,37,1996-06-30,2022-06-30,2022-10-07,1
874841,PACIFIC SUNWEAR OF CALIFORNIA INC,,5600.0,Retail-Apparel & Accessory Stores,submissions,,1,2016-04-08,positive,7,19,1996-05-05,2015-10-31,2015-12-08,1
878079,BON TON STORES INC,,5311.0,Retail-Department Stores,submissions,,1,2018-02-04,positive,8,24,1996-05-04,2017-10-28,2017-12-12,1
878726,TUESDAY MORNING CORP/DE,,5331.0,Retail-Variety Stores,submissions,,1,2020-05-27,positive,14,39,1996-06-30,2022-10-01,2022-11-22,1
878802,Quadrant 4 System Corp,,3669.0,"Communications Equipment, NEC",submissions,,1,2017-07-05,positive,7,22,2000-04-30,2016-09-30,2016-11-14,1
880460,"Perfumania Holdings, Inc.",,5900.0,Retail-Miscellaneous Retail,submissions,,1,2017-08-26,positive,10,23,1996-05-04,2017-04-29,2017-06-19,1
881524,VIVUS INC,,2834.0,Pharmaceutical Preparations,submissions,,1,2020-07-07,positive,18,31,1996-06-30,2020-03-31,2020-05-06,1
883943,CHRISTOPHER & BANKS CORP,,5621.0,Retail-Women's Clothing Stores,submissions,,1,2021-01-14,positive,15,33,1996-06-01,2020-10-31,2020-12-14,1
884217,TAILORED BRANDS INC,,5600.0,Retail-Apparel & Accessory Stores,submissions,,1,2020-08-02,positive,11,31,1996-05-04,2020-05-02,2020-07-27,1
884940,STEIN MART INC,,5651.0,Retail-Family Clothing Stores,submissions,,1,2020-08-12,positive,14,34,1996-03-30,2020-05-02,2020-07-16,1
885551,VALENCE TECHNOLOGY INC,,3690.0,"Miscellaneous Electrical Machinery, Equipment & Supplies",submissions,,1,2012-07-13,positive,4,7,1995-09-24,2012-06-30,2012-08-09,1
886158,"20230930-DK-Butterfly-1, Inc.",,5700.0,"Retail-Home Furniture, Furnishings & Equipment Stores",submissions,,1,2023-04-24,positive,15,40,1996-02-25,2023-02-25,2023-06-14,1
886328,E DIGITAL CORP,,3674.0,Semiconductors & Related Devices,submissions,,1,2017-07-07,positive,7,22,2001-06-30,2016-12-31,2017-02-14,1
886835,SUPERIOR ENERGY SERVICES INC,,1389.0,"Oil & Gas Field Services, NEC",submissions,,1,2020-12-07,positive,15,45,1997-09-30,2024-09-30,2024-10-30,1
887150,HAMPSHIRE GROUP LTD,,2253.0,Knit Outerwear Mills,submissions,,1,2016-11-25,positive,7,18,1996-03-30,2015-09-26,2016-03-24,1
887247,DMK PHARMACEUTICALS Corp,,2834.0,Pharmaceutical Preparations,submissions,,1,2024-02-05,positive,26,42,1998-12-31,2023-09-30,2023-11-14,1
887921,REVLON INC /DE/,,2844.0,"Perfumes, Cosmetics & Other Toilet Preparations",submissions,,1,2022-06-15,positive,15,39,1996-06-30,2022-12-31,2023-04-21,1
889423,SATCON TECHNOLOGY CORP,,3674.0,Semiconductors & Related Devices,submissions,,1,2012-10-18,positive,5,10,1996-03-31,2012-06-30,2012-09-07,1
890447,Vertex Energy Inc.,,2911.0,Petroleum Refining,submissions,,1,2024-09-26,positive,16,48,1998-06-30,2024-06-30,2024-08-08,1
890547,REVLON CONSUMER PRODUCTS CORP,,2844.0,"Perfumes, Cosmetics & Other Toilet Preparations",submissions,,1,2022-06-16,positive,15,39,1996-06-30,2022-12-31,2023-04-21,1
892986,WARREN RESOURCES INC,,1311.0,Crude Petroleum & Natural Gas,submissions,,1,2016-06-03,positive,11,21,2001-12-31,2016-12-31,2017-04-28,1
895126,EXPAND ENERGY Corp,EXE,1311.0,Crude Petroleum & Natural Gas,submissions,Nasdaq,1,2020-06-28,positive,19,47,1996-03-31,2026-06-30,2026-07-28,1
895665,"Clearday, Inc.",,8050.0,Services-Nursing & Personal Care Facilities,submissions,,1,2024-04-05,positive,16,43,1996-03-30,2023-09-30,2024-01-16,1
896493,"Hyperscale Data, Inc.",GPUS,3533.0,Oil & Gas Field Machinery & Equipment,submissions,"NYSE,NYSE",1,2023-08-03,positive,26,53,1998-03-31,2026-06-30,2026-08-19,1
896842,OSH 1 LIQUIDATING Corp,,5200.0,"Retail-Building Materials, Hardware, Garden Supply",submissions,,1,2013-06-17,positive,3,4,1994-01-30,2013-02-02,2013-06-03,1
896985,Destination Maternity Corp,,5621.0,Retail-Women's Clothing Stores,submissions,,1,2019-10-25,positive,13,29,1996-06-30,2019-08-03,2019-09-17,1
899647,RIVIERA HOLDINGS CORP,,7011.0,Hotels & Motels,submissions,,1,2010-07-14,positive,5,17,1996-03-31,2014-12-31,2015-03-31,1
902274,LIBBEY INC,,3220.0,"Glass & Glassware, Pressed or  Blown",submissions,,1,2020-06-01,positive,10,32,1996-06-30,2020-06-30,2020-08-10,1
904080,TALOS PETROLEUM LLC,,1311.0,Crude Petroleum & Natural Gas,submissions,,1,2016-12-14,positive,8,25,1996-03-31,2018-03-31,2018-05-07,1
904979,SHILOH INDUSTRIES INC,,3460.0,Metal Forgings & Stampings,submissions,,1,2020-08-31,positive,10,35,1996-04-30,2020-07-31,2020-09-09,1
911002,LODGENET INTERACTIVE CORP,,4899.0,"Communications Services, NEC",submissions,,1,2013-01-27,positive,3,9,1995-12-31,2012-12-31,2013-03-26,1
912365,EVERGREEN ENERGY INC,,1221.0,Bituminous Coal & Lignite Surface Mining,submissions,,1,2012-01-24,positive,1,8,1996-03-31,2011-09-30,2011-11-21,1
918581,"CMTSU Liquidation, Inc.",,7371.0,Services-Computer Programming Services,submissions,,1,2017-04-09,positive,6,21,1996-06-30,2016-09-30,2016-11-09,1
919013,WAVE SYSTEMS CORP,,3577.0,"Computer Peripheral Equipment, NEC",submissions,,1,2016-02-01,positive,5,18,1996-03-31,2015-09-30,2015-11-23,1
920321,"CENVEO, INC",,2670.0,Converted Paper & Paperboard Prods (No Contaners/Boxes),submissions,,1,2018-02-02,positive,8,26,1996-06-30,2017-09-30,2017-11-09,1
920448,BROADVISION INC,,7372.0,Services-Prepackaged Software,submissions,,1,2020-03-27,positive,12,31,1996-06-30,2019-09-30,2019-11-19,1
922358,FERRELLGAS PARTNERS L P,FGPR,5900.0,Retail-Miscellaneous Retail,submissions,OTC,1,2021-01-11,positive,15,46,1994-07-31,2026-04-30,2026-06-05,1
922359,FERRELLGAS L P,,5900.0,Retail-Miscellaneous Retail,submissions,,1,2021-01-11,positive,15,45,1994-07-31,2026-04-30,2026-06-05,1
922475,ITT EDUCATIONAL SERVICES INC,,8200.0,Services-Educational Services,submissions,,1,2016-09-16,positive,8,29,1996-06-30,2016-06-30,2016-07-29,1
928375,Dutch Gold Resources Inc,,1040.0,Gold and Silver Ores,submissions,,1,2014-04-17,positive,4,15,2007-03-31,2012-09-30,2012-11-21,1
930835,EDISON MISSION ENERGY,,4911.0,Electric Services,submissions,,1,2012-12-17,positive,6,12,1996-03-31,2013-12-31,2014-03-24,1
931336,DEAN FOODS CO,,2020.0,Dairy Products,submissions,,1,2019-11-12,positive,10,30,1996-03-31,2019-12-31,2020-03-20,1
93456,STANDARD REGISTER CO,,2761.0,Manifold Business Forms,submissions,,1,2015-03-12,positive,6,15,1994-01-02,2014-09-28,2014-10-31,1
939930,"PYXUS INTERNATIONAL, INC.",PYYX,5150.0,Wholesale-Farm Product Raw Materials,submissions,OTC,1,2020-06-15,positive,16,48,1995-09-30,2026-06-30,2026-08-05,1
941020,GENELINK INC,,8071.0,Services-Medical Laboratories,submissions,,1,2014-04-22,positive,5,12,2003-09-30,2013-09-30,2013-12-17,1
943320,"TRUMP ENTERTAINMENT RESORTS, INC.",,7011.0,Hotels & Motels,submissions,,1,2014-09-09,positive,2,9,1995-12-31,2012-09-30,2012-10-18,1
943861,GOODRICH PETROLEUM CORP,,1311.0,Crude Petroleum & Natural Gas,submissions,,1,2016-04-15,positive,15,37,1995-09-30,2021-09-30,2021-11-08,1
944136,"TC GLOBAL, INC.",,5812.0,Retail-Eating  Places,submissions,,1,2012-10-15,positive,3,7,1999-09-26,2012-01-01,2012-02-15,1
944739,TRANSWITCH CORP /DE,,3674.0,Semiconductors & Related Devices,submissions,,1,2013-11-21,positive,3,14,1996-03-31,2013-06-30,2013-08-14,1
945436,"SUNEDISON, INC.",,3674.0,Semiconductors & Related Devices,submissions,,1,2016-04-21,positive,9,19,1996-06-30,2015-09-30,2015-11-09,1
945764,DENBURY INC,,1311.0,Crude Petroleum & Natural Gas,submissions,,1,2020-07-30,positive,14,42,1996-06-30,2023-09-30,2023-11-21,1
949039,"DIAMOND OFFSHORE DRILLING, INC.",,1381.0,Drilling Oil & Gas Wells,submissions,,1,2020-04-26,positive,17,45,1996-06-30,2024-06-30,2024-08-07,1
96289,RS Legacy Corp,,5731.0,"Retail-Radio, Tv & Consumer Electronics Stores",submissions,,1,2015-02-05,positive,5,18,1993-12-31,2014-11-01,2014-12-12,1
98222,TIDEWATER INC,TDW,4400.0,Water Transportation,submissions,"NYSE,OTC,OTC",1,2017-05-17,positive,18,44,1993-12-31,2026-06-30,2026-08-03,1
1002590,"STAR GROUP, L.P.",SGU,5990.0,"Retail-Retail Stores, NEC",submissions,NYSE,0,,survivor,19,47,1996-03-31,2026-06-30,2026-08-05,1
1005010,ARTHROCARE CORP,,3845.0,Electromedical & Electrotherapeutic Apparatus,submissions,,0,,survivor,5,13,1996-03-30,2014-03-31,2014-05-02,1
100548,UGI UTILITIES INC,,4932.0,Gas & Other Services Combined,submissions,,0,,survivor,10,29,1996-03-31,2019-06-30,2019-08-06,1
1006028,"PURE BIOSCIENCE, INC.",PURE,2890.0,Miscellaneous Chemical Products,submissions,OTC,0,,survivor,16,46,2007-10-31,2026-04-30,2026-06-15,1
1008653,"Ecomax, Inc",,7200.0,Services-Personal Services,submissions,,0,,survivor,7,21,2017-09-30,2024-03-31,2024-05-15,1
100885,UNION PACIFIC CORP,UNP,4011.0,"Railroads, Line-Haul Operating",submissions,NYSE,0,,survivor,15,45,1993-12-31,2026-06-30,2026-07-23,1
1011657,TITANIUM METALS CORP,,3341.0,Secondary Smelting & Refining of  Nonferrous Metals,submissions,,0,,survivor,2,11,1996-06-30,2012-11-09,2012-11-13,1
1011661,SS&C TECHNOLOGIES INC,,7372.0,Services-Prepackaged Software,submissions,,0,,survivor,1,6,1996-06-30,2011-09-30,2011-11-14,1
1011835,"MEDIVATION, INC.",,2834.0,Pharmaceutical Preparations,submissions,,0,,survivor,8,22,1997-09-30,2016-06-30,2016-08-09,1
1015383,Outdoor Holding Co,POWW,7389.0,"Services-Business Services, NEC",submissions,"Nasdaq,Nasdaq",0,,survivor,20,50,1999-03-31,2026-06-30,2026-08-10,1
1018724,AMAZON COM INC,AMZN,5961.0,Retail-Catalog & Mail-Order Houses,submissions,Nasdaq,0,,survivor,16,45,1997-06-30,2026-06-30,2026-07-31,1
1020017,INX Inc,,5045.0,Wholesale-Computers & Peripheral Equipment & Software,submissions,,0,,survivor,1,7,1997-06-30,2011-09-30,2011-11-17,1
102037,UNIVERSAL CORP /VA/,UVV,5150.0,Wholesale-Farm Product Raw Materials,submissions,NYSE,0,,survivor,16,46,1993-12-31,2026-06-30,2026-08-05,1
1022368,"SCHIFF NUTRITION INTERNATIONAL, INC.",,5140.0,Wholesale-Groceries & Related Products,submissions,,0,,survivor,4,9,1997-05-31,2012-08-31,2012-10-03,1
1022671,STEEL DYNAMICS INC,STLD,3312.0,"Steel Works, Blast Furnaces & Rolling Mills (Coke Ovens)",submissions,Nasdaq,0,,survivor,16,46,1997-03-31,2026-06-30,2026-07-28,1
1023024,ANI PHARMACEUTICALS INC,ANIP,2834.0,Pharmaceutical Preparations,submissions,Nasdaq,0,,survivor,16,45,2000-09-30,2026-06-30,2026-08-07,1
1026650,ERESEARCHTECHNOLOGY INC /DE/,,8734.0,Services-Testing Laboratories,submissions,,0,,survivor,3,7,1997-03-31,2012-03-31,2012-05-07,1
1029454,MOBILE AREA NETWORKS INC,,3080.0,Miscellaneous Plastics Products,submissions,,0,,survivor,4,16,2008-06-30,2014-09-30,2014-10-24,1
1035201,CALIFORNIA WATER SERVICE GROUP,CWT,4941.0,Water Supply,submissions,NYSE,0,,survivor,16,46,1998-03-31,2026-06-30,2026-07-30,1
1036044,"Identiv, Inc.",INVE,3577.0,"Computer Peripheral Equipment, NEC",submissions,Nasdaq,0,,survivor,18,47,1997-09-30,2026-06-30,2026-08-13,1
1037115,ORBIT FR INC,,3825.0,Instruments For Meas & Testing of  Electricity & Elec Signals,submissions,,0,,survivor,5,10,1997-06-30,2012-03-31,2012-05-21,1
1037760,CEPHEID,,3826.0,Laboratory Analytical Instruments,submissions,,0,,survivor,6,21,2000-06-30,2016-09-30,2016-11-03,1
103872,"VOLT INFORMATION SCIENCES, INC.",,7363.0,Services-Help Supply Services,submissions,,0,,survivor,12,25,1994-01-28,2022-01-30,2022-03-15,1
1040130,PETMED EXPRESS INC,PETS,5912.0,Retail-Drug Stores and Proprietary Stores,submissions,Nasdaq,0,,survivor,16,47,2003-06-30,2026-06-30,2026-08-13,1
1042728,CPC OF AMERICA INC,,3841.0,Surgical & Medical Instruments & Apparatus,submissions,,0,,survivor,2,7,2005-03-31,2011-09-30,2011-11-17,1
1042773,CENTERPOINT ENERGY RESOURCES CORP,,4923.0,Natural Gas Transmisison & Distribution,submissions,,0,,survivor,15,45,1997-06-30,2026-06-30,2026-07-28,1
1042821,PERVASIVE SOFTWARE INC,,7372.0,Services-Prepackaged Software,submissions,,0,,survivor,3,9,1997-09-30,2012-12-31,2013-01-31,1
1043825,"Iron Eagle Group, Inc.",,1090.0,Miscellaneous Metal Ores,submissions,,0,,survivor,3,11,2007-09-30,2012-06-30,2012-08-23,1
1043873,NOVADEL PHARMA INC,,2834.0,Pharmaceutical Preparations,submissions,,0,,survivor,2,6,2000-07-31,2011-09-30,2011-11-01,1
1043894,WOLF ENERGY SERVICES INC.,,3559.0,"Special Industry Machinery, NEC",submissions,,0,,survivor,13,44,2008-03-31,2023-06-30,2023-08-21,1
1046102,RB GLOBAL INC.,RBA,7389.0,"Services-Business Services, NEC",submissions,NYSE,0,,survivor,10,27,2015-12-31,2026-06-30,2026-08-04,1
1046327,REALNETWORKS INC,,7371.0,Services-Computer Programming Services,submissions,,0,,survivor,25,39,1998-03-31,2022-09-30,2022-11-09,1
1047122,RAYTHEON CO/,,3812.0,"Search, Detection, Navigation, Guidance, Aeronautical Sys",submissions,,0,,survivor,11,32,1997-12-31,2019-12-31,2020-04-01,1
1047127,"AMKOR TECHNOLOGY, INC.",AMKR,3674.0,Semiconductors & Related Devices,submissions,Nasdaq,0,,survivor,15,45,1998-03-31,2026-06-30,2026-07-28,1
1047335,NATIONAL HEALTHCARE CORP,NHC,8051.0,Services-Skilled Nursing Care Facilities,submissions,NYSE,0,,survivor,18,45,1998-03-31,2026-06-30,2026-08-06,1
1049108,DOLLAR THRIFTY AUTOMOTIVE GROUP INC,,7510.0,Services-Auto Rental & Leasing (No Drivers),submissions,,0,,survivor,2,9,1997-12-31,2012-09-30,2012-11-08,1
1050915,"QUANTA SERVICES, INC.",PWR,1731.0,Electrical Work,submissions,NYSE,0,,survivor,16,46,1998-03-31,2026-06-30,2026-07-30,1
1051488,Integrated Healthcare Holdings Inc,,8060.0,Services-Hospitals,submissions,,0,,survivor,4,12,2004-03-31,2013-09-30,2013-11-14,1
1052045,"SERVICEMASTER CO, LLC",,7340.0,Services-To Dwellings & Other Buildings,submissions,,0,,survivor,5,17,1997-12-31,2015-06-30,2015-08-05,1
1054274,"Adynxx, Inc.",,3841.0,Surgical & Medical Instruments & Apparatus,submissions,,0,,survivor,13,34,2000-12-31,2019-09-30,2019-11-14,1
1056239,L 3 COMMUNICATIONS HOLDINGS INC,,3663.0,Radio & Tv Broadcasting & Communications Equipment,submissions,,0,,survivor,7,22,1998-06-30,2016-09-23,2016-10-27,1
1062822,"LEXICON PHARMACEUTICALS, INC.",LXRX,2834.0,Pharmaceutical Preparations,submissions,Nasdaq,0,,survivor,16,47,2000-03-31,2026-06-30,2026-08-06,1
106311,"CATALYST RESOURCE GROUP, INC.",,2300.0,Apparel & Other Finishd Prods of  Fabrics & Similar Matl,submissions,,0,,survivor,5,11,2008-03-31,2012-06-30,2012-10-05,1
1065189,SOCIAL CUBE INC,,3290.0,"Abrasive, Asbestos & Misc Nonmetallic Mineral Prods",submissions,,0,,survivor,6,13,1999-09-30,2013-12-31,2014-04-15,1
1066107,EL PASO LLC,,4922.0,Natural Gas Transmission,submissions,,0,,survivor,3,7,1998-09-30,2012-03-31,2012-05-04,1
1069394,FLEXIBLE SOLUTIONS INTERNATIONAL INC,FSI,2890.0,Miscellaneous Chemical Products,submissions,NYSE,0,,survivor,23,45,2008-03-31,2026-06-30,2026-08-14,1
1069530,"FILANA THERAPEUTICS, INC.",FLNA,2834.0,Pharmaceutical Preparations,submissions,Nasdaq,0,,survivor,15,45,2000-06-30,2026-06-30,2026-07-29,1
1070423,PLAINS ALL AMERICAN PIPELINE LP,PAA,4610.0,Pipe Lines (No Natural Gas),submissions,"Nasdaq,OTC",0,,survivor,15,45,1998-12-31,2026-06-30,2026-08-10,1
1074929,MAVERICK MINERALS CORP,,1000.0,Metal Mining,submissions,,0,,survivor,4,16,1999-03-31,2014-09-30,2014-11-19,1
1075993,"International Building Technologies Group, Inc.",,7990.0,Services-Miscellaneous Amusement & Recreation,submissions,,0,,survivor,1,8,2008-03-31,2011-09-30,2011-12-09,1
1076481,SEQUENOM INC,,3829.0,"Measuring & Controlling Devices, NEC",submissions,,0,,survivor,12,20,2000-03-31,2016-06-30,2016-08-05,1
1076744,"EMAV Holdings, Inc.",,3711.0,Motor Vehicles & Passenger Car Bodies,submissions,,0,,survivor,9,21,2008-10-31,2016-06-30,2016-09-29,1
1077688,HOOKER FURNISHINGS Corp,HOFT,2510.0,Household Furniture,submissions,Nasdaq,0,,survivor,15,45,1999-02-28,2026-05-03,2026-06-12,1
107815,WISCONSIN ELECTRIC POWER CO,WELPP,4911.0,Electric Services,submissions,"OTC,OTC",0,,survivor,15,45,1993-12-31,2026-06-30,2026-08-04,1
107833,WISCONSIN PUBLIC SERVICE CORP,,4931.0,Electric & Other Services Combined,submissions,,0,,survivor,15,46,1993-12-31,2026-06-30,2026-08-04,1
1081091,STUDIO II BRANDS INC,,5812.0,Retail-Eating  Places,submissions,,0,,survivor,9,23,2008-03-31,2015-06-30,2015-09-25,1
1081183,NATION ENERGY INC,,1382.0,Oil & Gas Field Exploration Services,submissions,,0,,survivor,9,23,2007-03-31,2016-12-31,2017-02-14,1
1082506,"Forest Investments, Inc.",,7372.0,Services-Prepackaged Software,submissions,,0,,survivor,12,33,1999-06-30,2020-09-30,2020-11-16,1
1083712,Mecklermedia Corp,,7389.0,"Services-Business Services, NEC",submissions,,0,,survivor,7,18,1999-06-30,2015-09-30,2015-11-06,1
1084267,"Mobiquity Technologies, Inc.",MOBQ,7310.0,Services-Advertising,submissions,"OTC,OTC",0,,survivor,22,49,2008-03-31,2026-06-30,2026-08-14,1
1084415,"HEARTLAND, INC.",,1520.0,General Bldg Contractors - Residential Bldgs,submissions,,0,,survivor,2,8,1999-12-31,2011-09-30,2011-11-14,1
108516,"WORTHINGTON ENTERPRISES, INC.",WOR,3310.0,"Steel Works, Blast Furnaces & Rolling & Finishing Mills",submissions,NYSE,0,,survivor,17,45,1994-01-13,2026-05-31,2026-07-30,1
1086745,"Fabric.AI, Inc.",FABC,4899.0,"Communications Services, NEC",submissions,Nasdaq,0,,survivor,21,51,2000-07-31,2026-06-30,2026-08-14,1
1089590,NEW DRAGON ASIA CORP,,2000.0,Food and Kindred Products,submissions,,0,,survivor,1,6,2000-03-31,2011-09-25,2011-11-08,1
1091801,MARTHA STEWART LIVING OMNIMEDIA INC,,2721.0,Periodicals: Publishing or  Publishing & Printing,submissions,,0,,survivor,7,18,1999-09-30,2015-09-30,2015-11-05,1
1093683,BISON INSTRUMENTS INC,,9995.0,Non-Operating Establishments,submissions,,0,,survivor,5,14,2002-04-30,2014-01-31,2014-03-14,1
1093800,UNR HOLDINGS INC,,1520.0,General Bldg Contractors - Residential Bldgs,submissions,,0,,survivor,2,13,2007-12-31,2012-09-30,2012-12-03,1
1096555,"Myriad Interactive Media, Inc.",,7374.0,Services-Computer Processing & Data Preparation,submissions,,0,,survivor,8,15,2000-03-31,2014-12-31,2015-02-23,1
1096857,"DOCUMENT CAPTURE TECHNOLOGIES, INC.",,7372.0,Services-Prepackaged Software,submissions,,0,,survivor,3,12,2008-03-31,2013-06-30,2013-08-14,1
1096950,"ADVANCED CONTAINER TECHNOLOGIES, INC.",,3080.0,Miscellaneous Plastics Products,submissions,,0,,survivor,9,31,2014-06-30,2022-09-30,2022-11-15,1
1097864,ON SEMICONDUCTOR CORP,ON,3674.0,Semiconductors & Related Devices,submissions,Nasdaq,0,,survivor,15,45,2000-04-01,2026-07-03,2026-08-03,1
1098881,"U.S. RARE EARTHS, INC",,1000.0,Metal Mining,submissions,,0,,survivor,7,25,2008-03-31,2015-09-30,2015-11-23,1
1098972,AGENUS INC,AGEN,2836.0,"Biological Products, (No Diagnostic Substances)",submissions,Nasdaq,0,,survivor,17,45,2000-03-31,2026-06-30,2026-08-07,1
1100412,ARRAY BIOPHARMA INC,,2834.0,Pharmaceutical Preparations,submissions,,0,,survivor,11,30,2000-12-31,2019-03-31,2019-05-07,1
1102432,"VIKING ENERGY GROUP, INC.",,1311.0,Crude Petroleum & Natural Gas,submissions,,0,,survivor,18,53,2008-03-31,2023-03-31,2023-05-12,1
1103021,BIODELIVERY SCIENCES INTERNATIONAL INC,,2834.0,Pharmaceutical Preparations,submissions,,0,,survivor,12,40,2007-12-31,2021-12-31,2022-03-09,1
1103025,TRX INC/GA,,7389.0,"Services-Business Services, NEC",submissions,,0,,survivor,3,10,2005-09-30,2012-09-30,2012-11-14,1
1104280,SANGUI BIOTECH INTERNATIONAL INC,,2834.0,Pharmaceutical Preparations,submissions,,0,,survivor,16,44,2008-09-30,2023-03-31,2023-05-12,1
1104462,"Colambda Technologies, Inc.",,1090.0,Miscellaneous Metal Ores,submissions,,0,,survivor,10,24,2014-12-31,2022-09-30,2022-11-10,1
1104904,XINHUA CHINA LTD,,5190.0,Wholesale-Miscellaneous Nondurable Goods,submissions,,0,,survivor,3,8,2006-03-31,2012-09-30,2012-12-12,1
1105472,"Sonus, Inc.",,7373.0,Services-Computer Integrated Systems Design,submissions,,0,,survivor,7,24,2000-06-30,2017-09-30,2017-10-27,1
1106644,"CHINA PHARMA HOLDINGS, INC.",CPHI,2834.0,Pharmaceutical Preparations,submissions,NYSE,0,,survivor,17,53,2007-12-31,2026-06-30,2026-08-14,1
1107694,"RACKSPACE HOSTING, INC.",,7370.0,"Services-Computer Programming, Data Processing, Etc.",submissions,,0,,survivor,7,24,2008-06-30,2016-09-30,2016-11-09,1
1107843,"QUALYS, INC.",QLYS,7372.0,Services-Prepackaged Software,submissions,Nasdaq,0,,survivor,15,40,2012-09-30,2026-06-30,2026-08-04,1
1107998,CLICKER INC.,,7374.0,Services-Computer Processing & Data Preparation,submissions,,0,,survivor,3,10,2008-08-31,2013-02-28,2013-04-22,1
1108046,AlumiFuel Power Corp,,2860.0,Industrial Organic Chemicals,submissions,,0,,survivor,6,23,2008-04-30,2016-09-30,2021-01-29,1
1108205,CURIS INC,CRIS,2836.0,"Biological Products, (No Diagnostic Substances)",submissions,Nasdaq,0,,survivor,16,46,2000-06-30,2026-06-30,2026-08-14,1
1109486,Endexx Corp,,7389.0,"Services-Business Services, NEC",submissions,,0,,survivor,5,10,2021-03-31,2023-09-30,2024-01-17,1
1111118,Motor Sport Country Club Holdings Inc,,800.0,Forestry,submissions,,0,,survivor,2,14,2008-06-30,2012-06-30,2012-08-14,1
1111284,"GOLD HORSE INTERNATIONAL, INC.",,1531.0,Operative Builders,submissions,,0,,survivor,2,8,2007-12-31,2012-03-31,2012-05-10,1
1114220,KERYX BIOPHARMACEUTICALS INC,,2834.0,Pharmaceutical Preparations,submissions,,0,,survivor,9,28,2000-06-30,2018-09-30,2018-11-13,1
1115128,Quotient Technology Inc.,,7310.0,Services-Advertising,submissions,,0,,survivor,11,29,2014-03-31,2023-06-30,2023-08-09,1
1116927,GEOPETRO RESOURCES CO,,1382.0,Oil & Gas Field Exploration Services,submissions,,0,,survivor,4,16,2006-12-31,2014-09-30,2014-11-14,1
1117228,MASS MEGAWATTS WIND POWER INC,MMMW,4991.0,Cogeneration Services & Small Power Producers,submissions,,0,,survivor,10,23,2008-07-31,2024-01-31,2024-03-14,1
1119897,PCT LTD,,3590.0,Misc Industrial & Commercial Machinery & Equipment,submissions,,0,,survivor,14,46,2007-12-31,2022-09-30,2022-11-14,1
11199,"Amcor Flexibles North America, Inc.",,2670.0,Converted Paper & Paperboard Prods (No Contaners/Boxes),submissions,,0,,survivor,11,28,1993-12-31,2019-03-31,2019-04-26,1
1120370,"BROADWIND, INC.",BWEN,3360.0,Nonferrous Foundries (Castings),submissions,Nasdaq,0,,survivor,15,48,2008-03-31,2026-06-30,2026-08-11,1
1121793,"JAGGED PEAK, INC.",,7372.0,Services-Prepackaged Software,submissions,,0,,survivor,6,18,2008-03-28,2015-09-25,2015-11-09,1
1124941,"QXO BUILDING PRODUCTS, INC.",,5030.0,Wholesale-Lumber & Other Construction Materials,submissions,,0,,survivor,16,45,2004-09-25,2025-03-31,2025-04-28,1
1125053,"InterAmerican Gaming, Inc.",,7948.0,"Services-Racing, Including Track Operation",submissions,,0,,survivor,3,11,2008-12-31,2012-09-30,2013-11-07,1
1128581,Todays Alternative Energy Corp,,2842.0,"Specialty Cleaning, Polishing and Sanitation Preparations",submissions,,0,,survivor,3,12,2001-04-30,2012-07-31,2012-12-10,1
1130598,"Traws Pharma, Inc.",TRAW,2834.0,Pharmaceutical Preparations,submissions,Nasdaq,0,,survivor,18,35,2013-06-30,2026-06-30,2026-08-14,1
1134765,"Charlie's Holdings, Inc.",CHUC,2833.0,Medicinal Chemicals & Botanical Products,submissions,OTC,0,,survivor,15,45,2008-03-31,2026-06-30,2026-08-17,1
1135971,PEPCO HOLDINGS LLC,,4931.0,Electric & Other Services Combined,submissions,,0,,survivor,18,45,2001-06-30,2026-06-30,2026-07-30,1
1136463,FIRST CORP /CN/,,1400.0,Mining & Quarrying of  Nonmetallic Minerals (No Fuels),submissions,,0,,survivor,3,10,2008-03-31,2012-12-31,2013-02-14,1
1136933,MEWBOURNE ENERGY PARTNERS 02-A LP,,1311.0,Crude Petroleum & Natural Gas,submissions,,0,,survivor,4,14,2002-09-30,2014-06-30,2014-08-14,1
1138978,"Novo Integrated Sciences, Inc.",,3510.0,Engines & Turbines,submissions,,0,,survivor,15,47,2008-03-31,2024-08-31,2024-12-18,1
1142801,AMANASU ENVIRONMENT CORP,,4955.0,Hazardous Waste Management,submissions,,0,,survivor,13,42,2008-06-30,2022-09-30,2022-11-14,1
1145604,"NIKA PHARMACEUTICALS, INC",NIKA,2834.0,Pharmaceutical Preparations,submissions,OTC,0,,survivor,6,14,2020-12-31,2026-06-30,2026-08-10,1
1157522,ICON INCOME FUND NINE LLC,,7359.0,"Services-Equipment Rental & Leasing, NEC",submissions,,0,,survivor,5,9,2001-12-31,2014-12-31,2015-03-31,1
1157762,CHINA AUTOMOTIVE SYSTEMS INC/2,,3714.0,Motor Vehicle Parts & Accessories,submissions,,0,,survivor,15,48,2005-03-31,2025-06-30,2025-08-13,1
1160479,Environmental Infrastructure Holdings Corp,,3470.0,"Coating, Engraving & Allied Services",submissions,,0,,survivor,4,13,2007-12-31,2012-09-30,2013-03-13,1
1163003,"MAGNUS INTERNATIONAL RESOURCES, INC.",,1000.0,Metal Mining,submissions,,0,,survivor,4,11,2006-07-31,2013-01-31,2013-06-28,1
1166388,VERINT SYSTEMS INC,,7373.0,Services-Computer Integrated Systems Design,submissions,,0,,survivor,16,45,2002-04-30,2025-07-31,2025-09-02,1
1168195,SOURCEFIRE INC,,7374.0,Services-Computer Processing & Data Preparation,submissions,,0,,survivor,3,11,2007-03-31,2013-06-30,2013-08-02,1
1169445,"TruBridge, Inc.",,7371.0,Services-Computer Programming Services,submissions,,0,,survivor,18,48,2002-06-30,2026-03-31,2026-05-08,1
1171759,RED ROBIN GOURMET BURGERS INC,RRGB,5812.0,Retail-Eating  Places,submissions,Nasdaq,0,,survivor,15,47,2002-07-14,2026-07-12,2026-08-12,1
1172706,"UNIROYAL GLOBAL ENGINEERED PRODUCTS, INC.",,2200.0,Textile Mill Products,submissions,,0,,survivor,16,38,2003-09-30,2022-04-03,2022-05-13,1
1177135,ST JOSEPH INC,,7361.0,Services-Employment Agencies,submissions,,0,,survivor,7,23,2008-06-30,2016-09-30,2018-03-15,1
1177648,ENANTA PHARMACEUTICALS INC,ENTA,2834.0,Pharmaceutical Preparations,submissions,Nasdaq,0,,survivor,13,36,2013-03-31,2026-06-30,2026-08-12,1
1191354,"Paradigm Oil & Gas, Inc.",,1040.0,Gold and Silver Ores,submissions,,0,,survivor,1,6,2008-06-30,2011-09-30,2011-11-23,1
1192448,GLAUKOS Corp,GKOS,3841.0,Surgical & Medical Instruments & Apparatus,submissions,NYSE,0,,survivor,10,29,2015-06-30,2026-06-30,2026-07-29,1
1211524,ALLIED RESOURCES INC,,1311.0,Crude Petroleum & Natural Gas,submissions,,0,,survivor,7,21,2007-12-30,2016-06-30,2016-08-22,1
1213106,Jetblack Corp,,7370.0,"Services-Computer Programming, Data Processing, Etc.",submissions,,0,,survivor,4,14,2008-05-31,2014-05-31,2014-07-21,1
1223112,ADA-ES INC,,2890.0,Miscellaneous Chemical Products,submissions,,0,,survivor,7,16,2006-03-31,2013-03-31,2013-05-10,1
1224952,PDC 2002 D LTD PARTNERSHIP,,1382.0,Oil & Gas Field Exploration Services,submissions,,0,,survivor,1,5,2002-12-31,2011-06-30,2011-08-12,1
1228627,"Opus Genetics, Inc.",IRD,2834.0,Pharmaceutical Preparations,submissions,Nasdaq,0,,survivor,17,45,2008-03-31,2026-06-30,2026-08-06,1
1237746,"Endurance International Group Holdings, Inc.",,7372.0,Services-Prepackaged Software,submissions,,0,,survivor,8,22,2013-09-30,2020-09-30,2020-11-09,1
1251769,"Apollo Endosurgery, Inc.",,3841.0,Surgical & Medical Instruments & Apparatus,submissions,,0,,survivor,15,40,2008-03-31,2022-12-31,2023-03-30,1
1262039,"Fortinet, Inc.",FTNT,3577.0,"Computer Peripheral Equipment, NEC",submissions,Nasdaq,0,,survivor,18,47,2009-12-31,2026-06-30,2026-07-30,1
1262768,"DIVERSEY HOLDINGS, INC.",,2840.0,"Soap, Detergents, Cleang Preparations, Perfumes, Cosmetics",submissions,,0,,survivor,1,5,2004-01-02,2011-07-01,2011-08-08,1
1267391,Modern City Entertainment Inc.,,7829.0,Services-Allied To Motion Picture Distribution,submissions,,0,,survivor,2,9,2007-12-31,2012-03-31,2012-05-15,1
1268659,"PROLOR Biotech, Inc.",,2834.0,Pharmaceutical Preparations,submissions,,0,,survivor,4,11,2008-03-31,2013-06-30,2013-08-09,1
1269026,"Sintx Technologies, Inc.",SINT,3841.0,Surgical & Medical Instruments & Apparatus,submissions,Nasdaq,0,,survivor,15,42,2013-12-31,2026-06-30,2026-08-11,1
1269879,"Dewmar International BMC, Inc.",,2080.0,Beverages,submissions,,0,,survivor,5,19,2008-03-31,2014-09-30,2016-07-11,1
1271024,LINKEDIN CORP,,7370.0,"Services-Computer Programming, Data Processing, Etc.",submissions,,0,,survivor,5,17,2011-06-30,2016-09-30,2016-10-27,1
1278027,"B&G Foods, Inc.",BGS,2000.0,Food and Kindred Products,submissions,NYSE,0,,survivor,16,45,2004-10-02,2026-07-04,2026-08-12,1
1280452,"MONOLITHIC POWER SYSTEMS, INC.",MPWR,3674.0,Semiconductors & Related Devices,submissions,Nasdaq,0,,survivor,15,46,2004-12-31,2026-06-30,2026-08-05,1
1280821,"North China Horticulture, Inc.",,100.0,Agricultural Production-Crops,submissions,,0,,survivor,2,6,2008-01-31,2011-09-30,2011-11-21,1
1282398,WCA WASTE CORP,,4953.0,Refuse Systems,submissions,,0,,survivor,5,6,2004-06-30,2011-12-31,2012-03-20,1
1284454,"Nongfu Shop Digital New Retail Co., Ltd",,3714.0,Motor Vehicle Parts & Accessories,submissions,OTC,0,,survivor,8,25,2006-12-31,2025-09-30,2025-11-19,1
1286613,LINCOLN EDUCATIONAL SERVICES CORP,LINC,8200.0,Services-Educational Services,submissions,Nasdaq,0,,survivor,16,45,2005-06-30,2026-06-30,2026-08-10,1
1288770,XTRA-GOLD RESOURCES CORP,XTGRF,1000.0,Metal Mining,submissions,OTC,0,,survivor,2,9,2007-12-31,2012-09-30,2012-11-13,1
1289496,"CBA Florida, Inc.",,8071.0,Services-Medical Laboratories,submissions,,0,,survivor,10,37,2008-03-31,2020-03-31,2020-05-14,1
1292900,"INTERLINE BRANDS, INC./DE",,5070.0,Wholesale-Hardware & Plumbing & Heating Equipment & Supplies,submissions,,0,,survivor,5,18,2004-12-31,2015-06-26,2015-07-31,1
1293818,CapForce Inc.,CFOR,8071.0,Services-Medical Laboratories,submissions,OTC,0,,survivor,10,31,2015-03-31,2026-06-30,2026-08-19,1
1298824,PetroHunter Energy Corp,,1311.0,Crude Petroleum & Natural Gas,submissions,,0,,survivor,4,15,2006-12-31,2013-06-30,2014-03-10,1
1299139,TearLab Corp,,3841.0,Surgical & Medical Instruments & Apparatus,submissions,,0,,survivor,13,32,2004-12-31,2020-03-31,2020-07-01,1
1302177,"POKERTEK, INC.",,3990.0,Miscellaneous Manufacturing Industries,submissions,,0,,survivor,6,15,2005-09-30,2014-06-30,2014-08-14,1
1303330,"China Housing & Land Development, Inc.",,1520.0,General Bldg Contractors - Residential Bldgs,submissions,,0,,survivor,7,21,2007-12-31,2015-09-30,2015-11-16,1
1304280,Novelis Inc.,,3350.0,Rolling Drawing & Extruding of  Nonferrous Metals,submissions,,0,,survivor,19,45,2004-12-31,2026-06-30,2026-08-05,1
1304421,"Consolidated Communications Holdings, Inc.",,4813.0,Telephone Communications (No Radiotelephone),submissions,,0,,survivor,14,45,2005-06-30,2024-09-30,2024-11-05,1
1307701,"Cono Italiano, Inc.",,2090.0,Miscellaneous Food Preparations & Kindred Products,submissions,,0,,survivor,6,14,2008-04-30,2013-09-30,2014-04-30,1
1309056,TGI Solar Power Group Inc.,,7389.0,"Services-Business Services, NEC",submissions,,0,,survivor,2,6,2016-07-31,2018-01-31,2018-04-23,1
1310114,"CONCENTRIX SREV, INC.",,7389.0,"Services-Business Services, NEC",submissions,,0,,survivor,12,35,2011-03-31,2022-03-31,2022-05-10,1
1314054,"Panache Beverage, Inc.",,2080.0,Beverages,submissions,,0,,survivor,7,19,2008-06-30,2014-06-30,2014-08-28,1
1317839,Umatrin Holding Ltd,,7389.0,"Services-Business Services, NEC",submissions,,0,,survivor,15,40,2008-04-30,2021-09-30,2021-12-30,1
1318484,Citi Trends Inc,CTRN,5600.0,Retail-Apparel & Accessory Stores,submissions,Nasdaq,0,,survivor,16,46,2005-04-30,2026-05-02,2026-06-10,1
1320760,"TSS, Inc.",TSSI,8742.0,Services-Management Consulting Services,submissions,Nasdaq,0,,survivor,15,46,2006-12-31,2026-06-30,2026-08-14,1
1320947,Diamond Foods Inc,,2090.0,Miscellaneous Food Preparations & Kindred Products,submissions,,0,,survivor,9,19,2005-07-31,2015-11-30,2015-12-09,1
1325281,KAPSTONE PAPER & PACKAGING CORP,,2621.0,Paper Mills,submissions,,0,,survivor,8,27,2005-06-30,2018-09-30,2018-10-23,1
1325955,"Alon USA Energy, Inc.",,2911.0,Petroleum Refining,submissions,,0,,survivor,8,22,2005-06-30,2017-03-31,2017-05-09,1
1326917,"Sputnik Enterprises, Inc",,7990.0,Services-Miscellaneous Amusement & Recreation,submissions,,0,,survivor,7,28,2008-03-31,2017-09-30,2017-11-22,1
1327567,Palo Alto Networks Inc,PANW,3577.0,"Computer Peripheral Equipment, NEC",submissions,Nasdaq,0,,survivor,13,38,2012-07-31,2026-04-30,2026-06-03,1
1328143,Adamas Pharmaceuticals Inc,,2834.0,Pharmaceutical Preparations,submissions,,0,,survivor,7,24,2014-03-31,2021-09-30,2021-11-10,1
1328888,"BEFUT International Co., Ltd.",,3490.0,Miscellaneous Fabricated Metal Products,submissions,,0,,survivor,4,11,2005-09-30,2011-12-31,2012-02-14,1
1330421,Bazaarvoice Inc,,7372.0,Services-Prepackaged Software,submissions,,0,,survivor,7,17,2012-04-30,2017-10-31,2017-11-28,1
1332445,Sky Harvest Energy Corp.,,4911.0,Electric Services,submissions,,0,,survivor,6,14,2008-05-31,2013-11-30,2014-01-14,1
1333248,CADENCE PHARMACEUTICALS INC,,2834.0,Pharmaceutical Preparations,submissions,,0,,survivor,4,12,2006-09-30,2013-12-31,2014-02-28,1
1333763,"Chelsea Therapeutics International, Ltd.",,2836.0,"Biological Products, (No Diagnostic Substances)",submissions,,0,,survivor,7,13,2005-06-30,2014-03-31,2014-05-09,1
1333822,SemiLEDs Corp,LEDS,3674.0,Semiconductors & Related Devices,submissions,Nasdaq,0,,survivor,17,43,2010-11-30,2026-05-31,2026-07-14,1
1335950,Chisen Electric Corp,,3690.0,"Miscellaneous Electrical Machinery, Equipment & Supplies",submissions,,0,,survivor,5,12,2008-03-31,2012-09-30,2012-11-19,1
1339005,FEMASYS INC,FEMY,3841.0,Surgical & Medical Instruments & Apparatus,submissions,Nasdaq,0,,survivor,7,11,2021-06-30,2026-06-30,2026-08-14,1
1339256,"Hot Mamas Foods, Inc.",,2090.0,Miscellaneous Food Preparations & Kindred Products,submissions,,0,,survivor,1,4,2007-12-31,2014-03-31,2014-05-28,1
1339455,"Pernix Sleep, Inc.",,2834.0,Pharmaceutical Preparations,submissions,,0,,survivor,2,9,2005-12-31,2012-09-30,2012-11-01,1
1339469,"CHIASMA, INC",,2834.0,Pharmaceutical Preparations,submissions,,0,,survivor,6,18,2015-06-30,2021-03-31,2021-05-05,1
1339947,Viacom Inc.,,4841.0,Cable & Other Pay Television Services,submissions,,0,,survivor,10,29,2005-12-31,2019-09-30,2019-11-14,1
1340476,DIRTT ENVIRONMENTAL SOLUTIONS LTD,DRTTF,7372.0,Services-Prepackaged Software,submissions,OTC,0,,survivor,7,16,2019-09-30,2026-06-30,2026-07-29,1
1340554,Party City Holdings Inc.,,5900.0,Retail-Miscellaneous Retail,submissions,,0,,survivor,2,6,2013-09-30,2015-06-30,2015-08-14,1
1342287,General Finance CORP,,7359.0,"Services-Equipment Rental & Leasing, NEC",submissions,,0,,survivor,12,36,2006-03-31,2021-03-31,2021-05-05,1
1344494,Pregis Holding II CORP,,3089.0,"Plastics Products, NEC",submissions,,0,,survivor,1,6,2007-03-31,2011-09-30,2011-11-14,1
1347078,"Bitzio, Inc.",,2330.0,"Women's, Misses':  and Juniors Outerwear",submissions,,0,,survivor,6,25,2008-03-31,2016-06-30,2016-09-22,1
1347452,"Andalay Solar, Inc.",,3433.0,"Heating Equipment, Except Electric & Warm Air Furnaces",submissions,,0,,survivor,10,18,2008-03-31,2015-09-30,2016-02-05,1
1353307,"China Marketing Media Holdings, Inc.",,2721.0,Periodicals: Publishing or  Publishing & Printing,submissions,,0,,survivor,3,11,2006-03-31,2012-09-30,2012-11-14,1
1354217,Volcano Corp,,3845.0,Electromedical & Electrotherapeutic Apparatus,submissions,,0,,survivor,4,15,2006-06-30,2014-09-30,2014-11-07,1
1355420,USA Graphite Inc.,,1040.0,Gold and Silver Ores,submissions,,0,,survivor,4,13,2008-08-31,2013-08-31,2013-10-21,1
1355677,Mexus Gold US,,1040.0,Gold and Silver Ores,submissions,,0,,survivor,24,51,2008-06-30,2023-03-31,2024-08-02,1
1355754,INSTRUCTURE INC,,7372.0,Services-Prepackaged Software,submissions,,0,,survivor,5,12,2015-12-31,2019-12-31,2020-02-28,1
1356564,"Leo Motors, Inc.",,3711.0,Motor Vehicles & Passenger Car Bodies,submissions,,0,,survivor,9,25,2008-12-31,2017-09-30,2017-11-20,1
1357204,"DUNKIN' BRANDS GROUP, INC.",,5810.0,Retail-Eating & Drinking Places,submissions,,0,,survivor,12,29,2011-06-25,2020-09-26,2020-11-05,1
1358762,REATA PHARMACEUTICALS INC,,2834.0,Pharmaceutical Preparations,submissions,,0,,survivor,7,22,2016-06-30,2023-06-30,2023-08-08,1
1359504,"Bizzingo, Inc.",,1000.0,Metal Mining,submissions,,0,,survivor,4,9,2007-11-30,2012-08-31,2012-10-22,1
1359687,"SOUTH 8 ENERGY, LLC",,2860.0,Industrial Organic Chemicals,submissions,,0,,survivor,18,46,2006-06-30,2025-03-31,2025-05-15,1
1360442,"Dogecoin Cash, Inc.",DOGP,7200.0,Services-Personal Services,submissions,OTC,0,,survivor,21,53,2008-12-31,2026-06-30,2026-08-19,1
1364479,HERC HOLDINGS INC,HRI,7350.0,Services-Miscellaneous Equipment Rental & Leasing,submissions,NYSE,0,,survivor,17,43,2006-12-31,2026-06-30,2026-07-28,1
1364962,IMPERVA INC,,7372.0,Services-Prepackaged Software,submissions,,0,,survivor,7,23,2011-12-31,2018-09-30,2018-11-05,1
1367083,"Sonoma Pharmaceuticals, Inc.",SNOA,3841.0,Surgical & Medical Instruments & Apparatus,submissions,Nasdaq,0,,survivor,15,50,2006-12-31,2026-06-30,2026-08-06,1
1368954,"Reef Global Energy VIII, L.P.",,1381.0,Drilling Oil & Gas Wells,submissions,,0,,survivor,3,12,2006-09-30,2013-09-30,2013-11-12,1
1369233,"UFood Restaurant Group, Inc.",,5812.0,Retail-Eating  Places,submissions,,0,,survivor,3,6,2008-03-30,2011-10-02,2011-11-16,1
1369786,"Sagent Pharmaceuticals, Inc.",,2834.0,Pharmaceutical Preparations,submissions,,0,,survivor,5,17,2011-03-31,2016-06-30,2016-08-05,1
1370030,Bio-AMD Inc.,,1000.0,Metal Mining,submissions,,0,,survivor,6,22,2008-03-31,2016-09-30,2016-11-14,1
1370292,VERIFY SMART CORP.,,1000.0,Metal Mining,submissions,,0,,survivor,4,10,2007-12-31,2012-06-30,2013-03-05,1
1371473,"Znomics, Inc.",,2834.0,Pharmaceutical Preparations,submissions,,0,,survivor,3,12,2007-12-31,2013-09-30,2013-10-30,1
1372375,Millennial Media Inc.,,7311.0,Services-Advertising Agencies,submissions,,0,,survivor,3,12,2012-03-31,2015-06-30,2015-08-10,1
1372533,"GREEN PLANET GROUP, INC.",,2911.0,Petroleum Refining,submissions,,0,,survivor,2,8,2006-09-30,2011-09-30,2011-12-27,1
1372807,BCP Investment Corp,BCIC,,,,Nasdaq,0,,survivor,17,48,2006-12-31,2026-06-30,2026-08-06,1
1373444,iTalk Inc.,,4813.0,Telephone Communications (No Radiotelephone),submissions,,0,,survivor,6,20,2008-05-31,2015-11-30,2016-07-13,1
1375200,NUPATHE INC.,,2834.0,Pharmaceutical Preparations,submissions,,0,,survivor,3,11,2010-06-30,2013-09-30,2013-11-14,1
1375247,"Obagi Medical Products, Inc.",,2834.0,Pharmaceutical Preparations,submissions,,0,,survivor,5,9,2006-12-31,2013-04-23,2013-04-24,1
1375850,Hubei Minkang Pharmaceutical Ltd.,,2834.0,Pharmaceutical Preparations,submissions,,0,,survivor,7,18,2008-09-30,2014-09-30,2014-11-14,1
1377121,"Protagonist Therapeutics, Inc",PTGX,2834.0,Pharmaceutical Preparations,submissions,Nasdaq,0,,survivor,9,26,2016-06-30,2026-06-30,2026-08-05,1
1377145,Wilson Creek Mining Corp.,,1000.0,Metal Mining,submissions,,0,,survivor,2,7,2009-02-28,2011-11-30,2012-03-14,1
1378125,Toga Ltd,,7371.0,Services-Computer Programming Services,submissions,,0,,survivor,15,38,2008-04-30,2020-04-30,2021-04-26,1
1378590,"Bridgeline Digital, Inc.",BLIN,7372.0,Services-Prepackaged Software,submissions,Nasdaq,0,,survivor,20,45,2008-12-31,2026-06-30,2026-08-13,1
1381105,"Plastic2Oil, Inc.",,5064.0,"Wholesale-Electrical Appliances, Tv & Radio Sets",submissions,,0,,survivor,16,36,2008-03-31,2019-09-30,2019-12-16,1
1381325,"BigBand Networks, Inc.",,3663.0,Radio & Tv Broadcasting & Communications Equipment,submissions,,0,,survivor,1,6,2007-03-31,2011-09-30,2011-11-09,1
1381455,Stewart & Stevenson LLC,,3533.0,Oil & Gas Field Machinery & Equipment,submissions,,0,,survivor,3,9,2007-08-04,2012-11-03,2012-12-14,1
1382112,"GME INNOTAINMENT, INC.",,2750.0,Commercial Printing,submissions,,0,,survivor,8,28,2007-12-31,2015-09-30,2015-11-23,1
1383088,CYTTA CORP.,,7372.0,Services-Prepackaged Software,submissions,,0,,survivor,12,33,2008-09-30,2025-06-30,2025-10-31,1
1383414,PENNANTPARK INVESTMENT CORP,PNNT,,,,NYSE,0,,survivor,21,46,2007-03-31,2026-06-30,2026-08-10,1
1385596,"Opencell Biomed, Inc.",,8742.0,Services-Management Consulting Services,submissions,,0,,survivor,1,7,2007-05-31,2011-08-31,2014-01-15,1
1387054,FIRMA HOLDINGS CORP.,,1000.0,Metal Mining,submissions,,0,,survivor,5,20,2008-04-30,2015-06-30,2015-08-19,1
1387467,ALPHA & OMEGA SEMICONDUCTOR Ltd,AOSL,3674.0,Semiconductors & Related Devices,submissions,Nasdaq,0,,survivor,16,41,2011-06-30,2026-06-30,2026-08-27,1
1388133,ShoreTel Inc,,3661.0,Telephone & Telegraph Apparatus,submissions,,0,,survivor,8,22,2007-06-30,2017-06-30,2017-09-08,1
1388319,"U.S. Stem Cell, Inc.",,8731.0,Services-Commercial Physical & Biological Research,submissions,,0,,survivor,18,41,2007-09-30,2022-12-31,2023-04-14,1
1391253,"CHANCERY RESOURCES, INC.",,1090.0,Miscellaneous Metal Ores,submissions,,0,,survivor,1,6,2007-11-30,2011-09-30,2011-11-15,1
1391407,BIOFUELS POWER CORP,,2860.0,Industrial Organic Chemicals,submissions,,0,,survivor,9,25,2007-12-31,2015-12-31,2016-04-20,1
1391426,Clean Vision Corp,CLNV,2860.0,Industrial Organic Chemicals,submissions,OTC,0,,survivor,4,14,2008-06-30,2025-09-30,2025-11-19,1
1394446,Kabe Exploration Inc.,,1040.0,Gold and Silver Ores,submissions,,0,,survivor,3,14,2008-03-31,2013-09-30,2013-11-20,1
1398733,"Aquestive Therapeutics, Inc.",AQST,2834.0,Pharmaceutical Preparations,submissions,Nasdaq,0,,survivor,7,20,2018-06-30,2026-06-30,2026-08-11,1
1399480,VRDT Corp,,1520.0,General Bldg Contractors - Residential Bldgs,submissions,,0,,survivor,9,13,2008-06-30,2012-12-31,2013-08-26,1
1401371,China SHESAYS Medical Cosmetology Inc.,,8062.0,"Services-General Medical & Surgical Hospitals, NEC",submissions,,0,,survivor,3,8,2008-03-31,2012-12-31,2014-04-15,1
1401859,Falconridge Oil Technologies Corp.,,1382.0,Oil & Gas Field Exploration Services,submissions,,0,,survivor,7,25,2008-02-29,2015-11-30,2016-01-21,1
1402366,"LVB Acquisition, Inc.",,3842.0,"Orthopedic, Prosthetic & Surgical Appliances & Supplies",submissions,,0,,survivor,3,12,2011-11-30,2015-02-28,2015-04-14,1
1403568,"Ulta Beauty, Inc.",ULTA,5990.0,"Retail-Retail Stores, NEC",submissions,Nasdaq,0,,survivor,15,45,2007-11-03,2026-08-01,2026-08-27,1
1404973,"Energy XXI Gulf Coast, Inc.",,1311.0,Crude Petroleum & Natural Gas,submissions,,0,,survivor,2,5,2016-12-31,2018-06-30,2018-08-09,1
1405858,"Abtech Holdings, Inc.",,1090.0,Miscellaneous Metal Ores,submissions,,0,,survivor,12,29,2008-05-31,2018-09-30,2018-11-14,1
1406796,ZYTO CORP,,3841.0,Surgical & Medical Instruments & Apparatus,submissions,,0,,survivor,2,8,2010-09-30,2012-09-30,2012-11-14,1
1407539,"Liberty Acquisition Holdings Virginia, Inc.",,4841.0,Cable & Other Pay Television Services,submissions,,0,,survivor,0,3,2007-12-31,2010-09-30,2010-11-08,1
1408057,iCoreConnect Inc.,,7372.0,Services-Prepackaged Software,submissions,,0,,survivor,16,34,2008-06-30,2023-06-30,2023-08-14,1
1408276,Seven Arts Entertainment Inc.,,7812.0,Services-Motion Picture & Video Tape Production,submissions,,0,,survivor,7,13,2011-09-30,2014-03-31,2014-09-15,1
1409624,"HIMALAYA TECHNOLOGIES, INC",,1311.0,Crude Petroleum & Natural Gas,submissions,,0,,survivor,9,30,2008-04-30,2024-04-30,2024-06-20,1
1412067,"Cascadian Therapeutics, Inc.",,8731.0,Services-Commercial Physical & Biological Research,submissions,,0,,survivor,9,25,2007-09-30,2017-12-31,2018-03-08,1
1412212,ITRACKR SYSTEMS INC,,7372.0,Services-Prepackaged Software,submissions,,0,,survivor,4,12,2007-12-31,2012-09-30,2012-11-06,1
1413659,"MainStreetChamber Holdings, Inc.",,1000.0,Metal Mining,submissions,,0,,survivor,5,17,2008-04-30,2015-04-30,2015-06-22,1
1413797,"OxySure Therapeutics, Inc.",,3841.0,Surgical & Medical Instruments & Apparatus,submissions,,0,,survivor,6,15,2011-06-30,2015-09-30,2015-11-16,1
1413898,DallasNews Corp,,2711.0,Newspapers: Publishing or  Publishing & Printing,submissions,,0,,survivor,16,48,2007-12-31,2025-06-30,2025-07-30,1
1415286,"HAWKER ENERGY, INC.",,1311.0,Crude Petroleum & Natural Gas,submissions,,0,,survivor,10,20,2008-11-30,2015-05-31,2015-07-15,1
1415935,Axius Inc.,,3433.0,"Heating Equipment, Except Electric & Warm Air Furnaces",submissions,,0,,survivor,3,11,2008-04-30,2012-07-31,2012-09-19,1
1415936,"LANDMARK ENERGY ENTERPRISE, INC.",,2670.0,Converted Paper & Paperboard Prods (No Contaners/Boxes),submissions,,0,,survivor,5,15,2008-04-30,2012-07-31,2012-09-19,1
1416172,NEXEON MEDSYSTEMS INC,,3845.0,Electromedical & Electrotherapeutic Apparatus,submissions,,0,,survivor,3,7,2016-09-30,2018-09-30,2018-11-19,1
1416729,"Webxu, Inc.",,8742.0,Services-Management Consulting Services,submissions,,0,,survivor,3,11,2008-06-30,2012-12-31,2014-01-15,1
1417664,"Value Exchange International, Inc.",,7380.0,Services-Miscellaneous Business Services,submissions,,0,,survivor,20,50,2008-02-29,2024-09-30,2024-11-14,1
1418091,"TWITTER, INC.",,7370.0,"Services-Computer Programming, Data Processing, Etc.",submissions,,0,,survivor,9,26,2013-12-31,2022-06-30,2022-07-26,1
1418819,Iridium Communications Inc.,IRDM,4899.0,"Communications Services, NEC",submissions,Nasdaq,0,,survivor,19,49,2007-12-31,2026-06-30,2026-07-22,1
1419482,INTERNATIONAL SILVER INC,,1000.0,Metal Mining,submissions,,0,,survivor,8,17,2007-12-31,2014-06-30,2014-08-19,1
1420030,"Targeted Medical Pharma, Inc.",,2834.0,Pharmaceutical Preparations,submissions,,0,,survivor,7,19,2008-10-31,2015-12-31,2016-04-14,1
1420566,Pinnacle Foods Finance LLC,,2000.0,Food and Kindred Products,submissions,,0,,survivor,3,9,2007-12-30,2012-12-30,2013-03-05,1
1420569,Pulse Beverage Corp,,2086.0,Bottled & Canned Soft Drinks & Carbonated Waters,submissions,,0,,survivor,9,29,2008-01-31,2017-09-30,2017-11-13,1
1421461,"Intrepid Potash, Inc.",IPI,1400.0,Mining & Quarrying of  Nonmetallic Minerals (No Fuels),submissions,NYSE,0,,survivor,17,47,2008-03-31,2026-06-30,2026-08-05,1
1422357,"China Printing & Packaging, Inc.",,2631.0,Paperboard Mills,submissions,,0,,survivor,4,9,2008-06-30,2012-06-30,2012-08-20,1
1423586,RORINE INTERNATIONAL HOLDING Corp,,3842.0,"Orthopedic, Prosthetic & Surgical Appliances & Supplies",submissions,,0,,survivor,10,33,2008-02-29,2018-11-30,2020-03-25,1
1424100,"Your Event, Inc.",,7389.0,"Services-Business Services, NEC",submissions,,0,,survivor,7,19,2008-11-30,2015-05-31,2015-11-27,1
1424657,Cuentas Inc.,CUEN,5140.0,Wholesale-Groceries & Related Products,submissions,"OTC,OTC",0,,survivor,22,53,2008-03-31,2026-03-31,2026-06-08,1
1424755,Travelport Worldwide LTD,,4700.0,Transportation Services,submissions,,0,,survivor,5,14,2014-09-30,2019-03-31,2019-05-10,1
1425287,Workhorse Group Inc.,WKHS,3711.0,Motor Vehicles & Passenger Car Bodies,submissions,Nasdaq,0,,survivor,17,48,2008-09-30,2026-06-30,2026-08-13,1
1426506,SMG Industries Inc.,,4700.0,Transportation Services,submissions,,0,,survivor,13,40,2011-03-31,2023-09-30,2023-11-14,1
1426945,"Echo Global Logistics, Inc.",,4731.0,Arrangement of  Transportation of  Freight & Cargo,submissions,,0,,survivor,13,37,2009-09-30,2021-09-30,2021-10-26,1
1428508,UNITED COMMUNICATIONS PARTNERS INC,,7310.0,Services-Advertising,submissions,,0,,survivor,1,6,2008-12-31,2011-09-30,2011-11-10,1
1429592,Guardian 8 Holdings,,7381.0,"Services-Detective, Guard & Armored Car Services",submissions,,0,,survivor,6,18,2008-06-30,2015-09-30,2015-11-13,1
1429764,Blink Charging Co.,BLNK,3690.0,"Miscellaneous Electrical Machinery, Equipment & Supplies",submissions,Nasdaq,0,,survivor,23,51,2008-03-31,2026-06-30,2026-08-07,1
1430306,Tonix Pharmaceuticals Holding Corp.,TNXP,2834.0,Pharmaceutical Preparations,submissions,Nasdaq,0,,survivor,19,45,2008-03-31,2026-06-30,2026-08-10,1
1430602,"Scripps Networks Interactive, Inc.",,4841.0,Cable & Other Pay Television Services,submissions,,0,,survivor,9,24,2008-06-30,2017-12-31,2018-03-06,1
1430683,National Asset Recovery Corp.,,7374.0,Services-Computer Processing & Data Preparation,submissions,,0,,survivor,2,6,2008-06-30,2011-09-30,2011-11-10,1
1431499,"HALL TEES, INC.",,2390.0,Miscellaneous Fabricated Textile Products,submissions,,0,,survivor,5,18,2009-12-31,2014-09-30,2014-11-19,1
1432254,"FIRST CHINA PHARMACEUTICAL GROUP, INC.",,2834.0,Pharmaceutical Preparations,submissions,,0,,survivor,8,14,2008-06-30,2012-09-30,2012-11-19,1
1432732,"TriVascular Technologies, Inc.",,3841.0,Surgical & Medical Instruments & Apparatus,submissions,,0,,survivor,1,6,2014-03-31,2015-09-30,2015-11-09,1
1434768,Aurios Inc.,,3651.0,Household Audio & Video Equipment,submissions,,0,,survivor,4,16,2009-03-31,2014-09-30,2014-11-14,1
1435375,XG SCIENCES INC,,2821.0,"Plastic Materials, Synth Resins & Nonvulcan Elastomers",submissions,,0,,survivor,8,17,2016-03-31,2020-12-31,2021-09-30,1
1435736,"Farm Lands of Africa, Inc.",,7372.0,Services-Prepackaged Software,submissions,,0,,survivor,2,9,2008-06-30,2012-06-30,2012-08-14,1
1435936,"Xun Energy, Inc.",,7389.0,"Services-Business Services, NEC",submissions,,0,,survivor,10,29,2008-08-31,2014-08-31,2014-10-20,1
1436942,MEWBOURNE ENERGY PARTNERS 08-A LP,,1311.0,Crude Petroleum & Natural Gas,submissions,,0,,survivor,10,33,2009-06-30,2020-09-30,2020-11-16,1
1437925,Meridian Holdings Inc./NV,MRDN,7372.0,Services-Prepackaged Software,submissions,Nasdaq,0,,survivor,25,59,2008-10-31,2026-06-30,2026-07-29,1
1438231,Old Digimarc CORP,,7373.0,Services-Computer Integrated Systems Design,submissions,,0,,survivor,17,45,2008-09-30,2026-03-31,2026-05-13,1
1448900,Coronus Solar Inc.,,8200.0,Services-Educational Services,submissions,,0,,survivor,6,16,2008-12-31,2013-12-31,2014-02-14,1
1450552,"DAVI LUXURY BRAND GROUP, INC.",,5122.0,"Wholesale-Drugs, Proprietaries & Druggists' Sundries",submissions,,0,,survivor,4,16,2009-03-31,2014-03-31,2014-05-12,1
1451980,BIOCANCELL THERAPEUTICS INC.,,2834.0,Pharmaceutical Preparations,submissions,,0,,survivor,2,8,2009-06-30,2012-03-31,2012-05-10,1
1452176,"SurePure, Inc.",,3559.0,"Special Industry Machinery, NEC",submissions,,0,,survivor,7,27,2009-09-30,2017-06-30,2017-09-28,1
1454504,Global Resource Energy Inc.,,5031.0,"Wholesale-Lumber, Plywood, Millwork & Wood Panels",submissions,,0,,survivor,6,15,2009-04-30,2014-07-31,2014-11-18,1
1454742,"GOOD GAMING, INC.",GMER,7372.0,Services-Prepackaged Software,submissions,OTC,0,,survivor,21,52,2009-06-30,2026-06-30,2026-08-07,1
1464305,China Executive Education Corp,,8200.0,Services-Educational Services,submissions,,0,,survivor,6,13,2009-07-31,2012-09-30,2012-11-19,1
1464963,"First Eagle Alternative Capital BDC, Inc.",,,,,,0,,survivor,17,38,2010-06-30,2022-09-30,2022-11-08,1
1465062,VIASPACE Green Energy Inc.,,7330.0,"Services-Mailing, Reproduction, Commercial Art & Photography",submissions,,0,,survivor,4,16,2009-12-31,2014-09-30,2014-11-13,1
1465264,"HD SUPPLY, INC.",,5000.0,Wholesale-Durable Goods,submissions,,0,,survivor,13,33,2009-08-02,2020-11-01,2020-12-04,1
1466258,Trane Technologies plc,TT,3822.0,Auto Controls For Regulating Residential & Comml Environments,submissions,NYSE,0,,survivor,15,45,2009-06-30,2026-06-30,2026-07-30,1
1467373,Accenture plc,ACN,7389.0,"Services-Business Services, NEC",submissions,NYSE,0,,survivor,16,45,2009-08-31,2026-05-31,2026-06-18,1
1469114,"LTS Nutraceuticals, Inc.",,2833.0,Medicinal Chemicals & Botanical Products,submissions,,0,,survivor,1,7,2010-03-31,2011-09-30,2011-11-14,1
1469367,Sunrun Inc.,RUN,3690.0,"Miscellaneous Electrical Machinery, Equipment & Supplies",submissions,Nasdaq,0,,survivor,11,30,2015-06-30,2026-06-30,2026-08-05,1
1469412,"Mobilized Entertainment, Inc.",,7389.0,"Services-Business Services, NEC",submissions,,0,,survivor,5,12,2010-09-30,2012-09-30,2012-11-14,1
1469510,Cimarex Resolute LLC,,1311.0,Crude Petroleum & Natural Gas,submissions,,0,,survivor,11,27,2009-09-30,2018-09-30,2018-11-05,1
1469628,Hygea Holdings Corp.,,8011.0,Services-Offices & Clinics of  Doctors of  Medicine,submissions,,0,,survivor,2,3,2011-12-31,2012-12-31,2015-01-02,1
1472091,PDS Biotechnology Corp,PDSB,2834.0,Pharmaceutical Preparations,submissions,Nasdaq,0,,survivor,11,28,2015-09-30,2026-06-30,2026-08-13,1
1472343,"Sorrento Tech, Inc.",,3826.0,Laboratory Analytical Instruments,submissions,,0,,survivor,3,13,2014-06-30,2017-09-30,2017-11-13,1
1472601,RYU APPAREL INC.,,2300.0,Apparel & Other Finishd Prods of  Fabrics & Similar Matl,submissions,,0,,survivor,11,20,2010-12-31,2014-12-31,2015-04-30,1
1473971,"Citadel EFT, Inc.",,7389.0,"Services-Business Services, NEC",submissions,,0,,survivor,6,11,2010-09-30,2013-12-31,2014-02-19,1
1474558,Golkor Inc.,,1040.0,Gold and Silver Ores,submissions,,0,,survivor,5,9,2021-11-30,2025-08-31,2025-10-17,1
1479046,"Tropicana Las Vegas Hotel & Casino, Inc.",,7011.0,Hotels & Motels,submissions,,0,,survivor,5,17,2010-03-31,2015-06-30,2015-07-30,1
1479382,Shenzhen Yidian Double Way of Innovation Culture Media Corp.,,8742.0,Services-Management Consulting Services,submissions,,0,,survivor,6,19,2011-01-31,2017-01-31,2017-04-19,1
1479526,"China Modern Agricultural Information, Inc.",,5013.0,Wholesale-Motor Vehicle Supplies & New Parts,submissions,,0,,survivor,12,24,2010-04-30,2017-12-31,2018-02-14,1
1482075,"Citadel Exploration, Inc.",,1311.0,Crude Petroleum & Natural Gas,submissions,,0,,survivor,11,32,2010-11-12,2019-09-30,2019-11-19,1
1482550,"Clavis Technologies International Co., Ltd.",,3669.0,"Communications Equipment, NEC",submissions,,0,,survivor,1,5,2010-06-30,2011-09-30,2011-11-21,1
1484478,"Furiex Pharmaceuticals, Inc.",,2834.0,Pharmaceutical Preparations,submissions,,0,,survivor,4,13,2010-06-30,2014-03-31,2014-05-09,1
1485003,Carisma Therapeutics Inc.,,2834.0,Pharmaceutical Preparations,submissions,OTC,0,,survivor,13,35,2013-12-31,2025-09-30,2025-11-12,1
1486299,BIQI INTERNATIONAL HOLDINGS CORP,,200.0,Agricultural Prod-Livestock & Animal Specialties,submissions,,0,,survivor,10,26,2010-06-30,2018-09-30,2018-11-28,1
1486315,MIDWEST OIL & GAS INC.,,1382.0,Oil & Gas Field Exploration Services,submissions,,0,,survivor,8,23,2010-04-30,2015-10-31,2015-12-22,1
1486957,"BWX Technologies, Inc.",BWXT,3510.0,Engines & Turbines,submissions,NYSE,0,,survivor,18,44,2010-06-30,2026-06-30,2026-08-05,1
1487197,BARFRESH FOOD GROUP INC.,BRFH,2030.0,"Canned, Frozen & Preservd Fruit, Veg & Food Specialties",submissions,Nasdaq,0,,survivor,15,45,2011-06-30,2026-06-30,2026-08-14,1
1487198,"ASPEN GROUP, INC.",,8200.0,Services-Educational Services,submissions,OTC,0,,survivor,22,42,2010-08-31,2023-01-31,2023-05-16,1
1487371,"GenMark Diagnostics, Inc.",,3841.0,Surgical & Medical Instruments & Apparatus,submissions,,0,,survivor,13,34,2010-06-30,2020-12-31,2021-02-25,1
1487522,"InnoVision Labs, Inc",,7372.0,Services-Prepackaged Software,submissions,,0,,survivor,7,18,2011-12-31,2016-09-30,2016-11-14,1
1489039,CIAO GROUP INC.,,1520.0,General Bldg Contractors - Residential Bldgs,submissions,,0,,survivor,7,17,2010-12-31,2014-03-31,2014-05-15,1
1489136,SemGroup Corp,,1389.0,"Oil & Gas Field Services, NEC",submissions,,0,,survivor,16,28,2010-09-30,2019-09-30,2019-11-07,1
1489979,"Fresh Market, Inc.",,5411.0,Retail-Grocery Stores,submissions,,0,,survivor,8,16,2010-12-30,2016-01-31,2016-03-23,1
1490700,"Varca Ventures, Inc.",,1000.0,Metal Mining,submissions,,0,,survivor,3,8,2010-09-30,2012-08-31,2012-10-19,1
1492168,NORTH SPRINGS RESOURCES CORP.,,1381.0,Drilling Oil & Gas Wells,submissions,,0,,survivor,1,9,2010-10-31,2012-01-31,2012-03-27,1
1492617,"FLYWHEEL ADVANCED TECHNOLOGY, INC.",FWFW,7380.0,Services-Miscellaneous Business Services,submissions,OTC,0,,survivor,9,30,2010-06-30,2026-06-30,2026-08-14,1
1492633,Nielsen Holdings plc,,7389.0,"Services-Business Services, NEC",submissions,,0,,survivor,14,36,2010-12-31,2022-09-30,2022-10-27,1
1493109,ZOOM COMPANIES INC.,,7812.0,Services-Motion Picture & Video Tape Production,submissions,,0,,survivor,3,11,2012-06-30,2015-09-30,2015-11-23,1
1494562,China Inc,,3674.0,Semiconductors & Related Devices,submissions,,0,,survivor,1,4,2012-03-31,2013-03-31,2013-05-14,1
1497572,Nano Labs Corp.,,3281.0,Cut Stone & Stone Products,submissions,,0,,survivor,7,17,2011-03-31,2015-03-31,2015-05-20,1
1498148,Artificial Intelligence Technology Solutions Inc.,AITX,7372.0,Services-Prepackaged Software,submissions,OTC,0,,survivor,29,60,2010-11-30,2026-05-31,2026-07-17,1
1499197,Powder River Coal Corp.,,5160.0,Wholesale-Chemicals & Allied Products,submissions,,0,,survivor,3,11,2010-12-31,2013-09-30,2014-01-27,1
1499200,"Sabine Pass Liquefaction, LLC",,4924.0,Natural Gas Distribution,submissions,,0,,survivor,13,38,2013-12-31,2026-06-30,2026-08-06,1
1499361,"DTS8 COFFEE COMPANY, LTD.",,5141.0,"Wholesale-Groceries, General Line",submissions,,0,,survivor,6,21,2011-01-31,2017-01-31,2019-11-13,1
1499501,"Native American Energy Group, Inc.",,1311.0,Crude Petroleum & Natural Gas,submissions,,0,,survivor,5,12,2010-09-30,2013-09-30,2014-04-22,1
1501112,"MIX 1 LIFE, INC.",,2834.0,Pharmaceutical Preparations,submissions,,0,,survivor,5,19,2011-08-31,2016-05-31,2016-07-20,1
1501919,SSI Investments II Ltd,,7372.0,Services-Prepackaged Software,submissions,,0,,survivor,4,11,2010-10-31,2014-01-31,2014-04-08,1
1503227,"FIRST LEVEL ENTERTAINMENT GROUP, INC.",,3652.0,Phonograph Records & Prerecorded Audio Tapes & Disks,submissions,,0,,survivor,7,21,2011-02-28,2017-05-31,2017-07-14,1
1504239,"Point of Care Nano-Technology, Inc.",,2836.0,"Biological Products, (No Diagnostic Substances)",submissions,,0,,survivor,10,23,2011-04-30,2024-04-30,2024-12-23,1
1505892,"POW! ENTERTAINMENT, INC.",,7812.0,Services-Motion Picture & Video Tape Production,submissions,,0,,survivor,7,19,2010-12-31,2016-09-30,2016-11-14,1
1506439,"SharpSpring, Inc.",,7372.0,Services-Prepackaged Software,submissions,,0,,survivor,14,32,2010-12-31,2021-06-30,2021-08-16,1
1506522,"Press Ventures, Inc.",,1000.0,Metal Mining,submissions,,0,,survivor,2,6,2011-10-31,2013-07-31,2013-09-16,1
1506929,"VERDE RESOURCES, INC.",VRDR,1040.0,Gold and Silver Ores,submissions,OTC,0,,survivor,16,43,2011-06-30,2026-03-31,2026-06-03,1
1507571,American Petroleum Tankers Parent LLC,,4400.0,Water Transportation,submissions,,0,,survivor,2,6,2011-03-31,2012-12-31,2013-03-28,1
1510518,Genufood Energy Enzymes Corp.,,2833.0,Medicinal Chemicals & Botanical Products,submissions,,0,,survivor,8,25,2012-03-31,2023-12-31,2024-02-20,1
1511735,YAPPN CORP.,,5000.0,Wholesale-Durable Goods,submissions,,0,,survivor,7,15,2012-05-31,2017-05-31,2017-07-27,1
1514183,"Silo Pharma, Inc.",SILO,2834.0,Pharmaceutical Preparations,submissions,Nasdaq,0,,survivor,15,41,2011-06-30,2026-06-30,2026-08-13,1
1514418,Integrated Drilling Equipment Holdings Corp,,3533.0,Oil & Gas Field Machinery & Equipment,submissions,,0,,survivor,4,12,2011-03-31,2014-12-31,2015-04-10,1
1515673,Ultragenyx Pharmaceutical Inc.,RARE,2834.0,Pharmaceutical Preparations,submissions,Nasdaq,0,,survivor,12,34,2013-12-31,2026-06-30,2026-08-05,1
1516580,XUNNA INFORMATION TECHNOLOGY INC.,,7373.0,Services-Computer Integrated Systems Design,submissions,,0,,survivor,1,6,2012-03-31,2013-09-30,2013-11-29,1
1518720,"BIGtoken, Inc.",,5990.0,"Retail-Retail Stores, NEC",submissions,,0,,survivor,15,34,2011-07-31,2021-09-30,2021-11-15,1
1518985,"West Texas Resources, Inc.",,1311.0,Crude Petroleum & Natural Gas,submissions,,0,,survivor,6,19,2012-03-31,2017-09-30,2018-01-16,1
1519472,"SolarMax Technology, Inc.",SMXT,1700.0,Construction - Special Trade Contractors,submissions,Nasdaq,0,,survivor,2,3,2023-12-31,2026-03-31,2026-05-15,1
1520006,Matador Resources Co,MTDR,1311.0,Crude Petroleum & Natural Gas,submissions,NYSE,0,,survivor,14,40,2011-12-31,2026-06-30,2026-08-07,1
1520007,JOYMAIN INTERNATIONAL DEVELOPMENT GROUP INC.,,5070.0,Wholesale-Hardware & Plumbing & Heating Equipment & Supplies,submissions,,0,,survivor,7,16,2011-10-31,2016-04-30,2016-08-22,1
1520592,Lotus Bio-Technology Development Corp.,,700.0,Agricultural Services,submissions,,0,,survivor,9,26,2012-03-31,2017-12-31,2021-04-07,1
1521013,"Pulse Network, Inc.",,7372.0,Services-Prepackaged Software,submissions,,0,,survivor,9,17,2011-09-30,2017-12-31,2019-06-24,1
1521420,PROTO SCRIPT PHARMACEUTICAL CORP,,7330.0,"Services-Mailing, Reproduction, Commercial Art & Photography",submissions,,0,,survivor,8,21,2011-08-31,2017-09-30,2018-03-08,1
1522538,"RAINBOW INTERNATIONAL, CORP.",,3231.0,"Glass Products, Made of  Purchased Glass",submissions,,0,,survivor,3,12,2011-08-31,2014-02-28,2014-04-17,1
1523733,PetroLogistics LP,,2890.0,Miscellaneous Chemical Products,submissions,,0,,survivor,2,9,2012-03-31,2014-06-30,2014-08-11,1
1524471,Exelis Inc.,,3669.0,"Communications Equipment, NEC",submissions,,0,,survivor,5,12,2011-09-30,2015-03-31,2015-05-06,1
1524774,Empress Mining Inc.,,1000.0,Metal Mining,submissions,,0,,survivor,3,10,2011-11-30,2014-11-30,2015-04-29,1
1527675,WUNONG ASIA PACIFIC Co Ltd,,7389.0,"Services-Business Services, NEC",submissions,,0,,survivor,9,25,2011-12-31,2019-03-31,2019-05-15,1
1527728,Lunai Bioworks Inc.,LNAI,2834.0,Pharmaceutical Preparations,submissions,Nasdaq,0,,survivor,21,44,2011-09-30,2026-03-31,2026-05-15,1
1529433,"nycaMedia, Inc.",,2790.0,Service Industries For The Printing Trade,submissions,,0,,survivor,2,3,2011-12-31,2012-12-31,2013-04-16,1
1530981,Probility Media Corp,,8200.0,Services-Educational Services,submissions,,0,,survivor,8,16,2013-05-31,2018-07-31,2018-10-26,1
1531152,"BJ's Wholesale Club Holdings, Inc.",BJ,5331.0,Retail-Variety Stores,submissions,NYSE,0,,survivor,6,21,2018-08-04,2026-08-01,2026-08-25,1
1531978,"Paragon 28, Inc.",,3841.0,Surgical & Medical Instruments & Apparatus,submissions,,0,,survivor,6,11,2021-09-30,2024-12-31,2025-04-21,1
1534120,"Avalo Therapeutics, Inc.",AVTX,2834.0,Pharmaceutical Preparations,submissions,Nasdaq,0,,survivor,13,31,2015-09-30,2026-06-30,2026-08-06,1
1534154,authID Inc.,AUID,7372.0,Services-Prepackaged Software,submissions,Nasdaq,0,,survivor,16,45,2011-12-31,2026-06-30,2026-08-14,1
1534248,Chemomab Therapeutics Ltd.,CMMB,2834.0,Pharmaceutical Preparations,submissions,Nasdaq,0,,survivor,4,10,2019-12-31,2023-03-31,2023-05-11,1
1536643,Webfolio Inc.,,7372.0,Services-Prepackaged Software,submissions,,0,,survivor,2,6,2013-02-28,2014-08-31,2014-10-15,1
1537048,SKOOKUM SAFETY SOLUTIONS CORP.,,2390.0,Miscellaneous Fabricated Textile Products,submissions,,0,,survivor,4,11,2012-02-29,2015-08-31,2016-02-17,1
1537054,Gogo Inc.,GOGO,4899.0,"Communications Services, NEC",submissions,Nasdaq,0,,survivor,12,39,2013-06-30,2026-06-30,2026-08-06,1
1537689,"Comp Services, Inc.",,5734.0,Retail-Computer & Computer Software Stores,submissions,,0,,survivor,1,5,2010-10-31,2013-07-31,2013-09-23,1
1537951,Edgen Group Inc.,,5051.0,Wholesale-Metals Service Centers & of fices,submissions,,0,,survivor,1,6,2012-03-31,2013-09-30,2013-11-14,1
1540684,Atlas Lithium Corp,ATLX,1400.0,Mining & Quarrying of  Nonmetallic Minerals (No Fuels),submissions,Nasdaq,0,,survivor,21,44,2012-05-31,2026-06-30,2026-08-14,1
1543739,APT Systems Inc,,8742.0,Services-Management Consulting Services,submissions,,0,,survivor,11,30,2012-10-31,2018-10-31,2018-12-21,1
1543916,"ForgeRock, Inc.",,7372.0,Services-Prepackaged Software,submissions,,0,,survivor,2,6,2021-09-30,2023-06-30,2023-08-08,1
1544116,"Durata Therapeutics, Inc.",,2834.0,Pharmaceutical Preparations,submissions,,0,,survivor,2,8,2012-06-30,2014-09-30,2014-11-07,1
1547021,"US-BLH BIO-ENGINEERING INT'L, INC.",,3531.0,Construction Machinery & Equip,submissions,,0,,survivor,1,2,2013-03-31,2013-12-31,2014-03-07,1
1548805,"Barrier 4, Inc.",,5190.0,Wholesale-Miscellaneous Nondurable Goods,submissions,,0,,survivor,0,2,2012-06-30,2012-09-30,2012-11-16,1
1551206,Patagonia Gold Corp.,,1040.0,Gold and Silver Ores,submissions,,0,,survivor,11,16,2015-12-31,2020-03-31,2020-11-18,1
1551887,DUESENBERG TECHNOLOGIES INC.,,7372.0,Services-Prepackaged Software,submissions,,0,,survivor,11,34,2012-07-31,2023-07-31,2023-12-27,1
1552797,"Delek Logistics Partners, LP",DKL,4610.0,Pipe Lines (No Natural Gas),submissions,NYSE,0,,survivor,14,40,2012-09-30,2026-06-30,2026-08-05,1
1555560,AZURE HOLDING GROUP CORP.,,5500.0,Retail-Auto Dealers & Gasoline Stations,submissions,,0,,survivor,1,3,2013-02-28,2013-11-30,2013-12-23,1
1555877,Boomer Ventures Inc.,,7370.0,"Services-Computer Programming, Data Processing, Etc.",submissions,,0,,survivor,1,9,2014-10-31,2017-04-30,2017-06-20,1
1556169,Anchor CNGo,,5500.0,Retail-Auto Dealers & Gasoline Stations,submissions,,0,,survivor,0,2,2013-05-31,2013-05-31,2013-07-23,1
1557340,"Optec International, Inc.",,2834.0,Pharmaceutical Preparations,submissions,,0,,survivor,5,13,2015-03-31,2018-12-31,2019-02-14,1
1558465,"PETROGRESS, INC",,4412.0,Deep Sea Foreign Transportation of  Freight,submissions,,0,,survivor,11,30,2013-06-30,2021-12-31,2022-03-30,1
1559053,PROTHENA CORP PUBLIC LTD CO,PRTA,2834.0,Pharmaceutical Preparations,submissions,Nasdaq,0,,survivor,14,37,2012-12-31,2026-06-30,2026-08-06,1
1559270,"Starz, LLC",,4841.0,Cable & Other Pay Television Services,submissions,,0,,survivor,4,12,2012-12-31,2016-09-30,2016-11-08,1
1559432,"TXO Partners, L.P.",TXO,1311.0,Crude Petroleum & Natural Gas,submissions,NYSE,0,,survivor,3,6,2022-12-31,2026-06-30,2026-08-04,1
1561180,PETROTEQ ENERGY INC.,,1381.0,Drilling Oil & Gas Wells,submissions,,0,,survivor,6,16,2019-05-31,2021-11-30,2022-01-19,1
1564408,Snap Inc,SNAP,7370.0,"Services-Computer Programming, Data Processing, Etc.",submissions,NYSE,0,,survivor,8,24,2017-03-31,2026-06-30,2026-08-04,1
1566826,"LogicMark, Inc.",LGMK,3842.0,"Orthopedic, Prosthetic & Surgical Appliances & Supplies",submissions,OTC,0,,survivor,14,39,2013-03-31,2026-06-30,2026-08-19,1
1568139,Bio-En Holdings Corp.,,2050.0,Bakery Products,submissions,,0,,survivor,9,32,2013-03-31,2022-09-30,2022-11-14,1
1568427,"Global Tech Solutions, Inc.",,7372.0,Services-Prepackaged Software,submissions,,0,,survivor,2,1,2013-07-31,2013-10-31,2014-02-24,1
1570279,Double Down Holdings Inc.,,7990.0,Services-Miscellaneous Amusement & Recreation,submissions,,0,,survivor,6,18,2014-07-31,2020-03-31,2020-10-09,1
1571274,"Continental Cement Company, L.L.C.",,1540.0,General Bldg Contractors - Nonresidential Bldgs,submissions,,0,,survivor,2,6,2013-06-29,2015-03-28,2015-05-05,1
1571996,Dell Technologies Inc.,DELL,3571.0,Electronic Computers,submissions,NYSE,0,,survivor,8,27,2016-04-29,2026-05-01,2026-06-09,1
1574094,"RenovoRx, Inc.",RNXT,2834.0,Pharmaceutical Preparations,submissions,Nasdaq,0,,survivor,4,10,2021-09-30,2026-06-30,2026-08-13,1
1574235,"Pulmatrix, Inc.",PULM,2834.0,Pharmaceutical Preparations,submissions,Nasdaq,0,,survivor,16,32,2014-03-31,2026-06-30,2026-08-13,1
1574946,"Soellingen Advisory Group, Inc.",,8742.0,Services-Management Consulting Services,submissions,,0,,survivor,2,6,2013-09-30,2015-06-30,2015-10-22,1
1575571,LIN Media LLC,,4833.0,Television Broadcasting Stations,submissions,,0,,survivor,1,5,2013-06-30,2014-09-30,2014-11-10,1
1575574,SHENGDATECH LIQUIDATING TRUST,,2860.0,Industrial Organic Chemicals,submissions,,0,,survivor,3,11,2013-03-31,2016-06-30,2016-08-15,1
1578305,"XLI Technologies, Inc.",,1040.0,Gold and Silver Ores,submissions,,0,,survivor,2,8,2013-11-30,2016-02-29,2016-04-22,1
1579214,"Emerald Holding, Inc.",,7389.0,"Services-Business Services, NEC",submissions,NYSE,0,,survivor,9,27,2017-03-31,2026-03-31,2026-05-11,1
1579733,"Vital Farms, Inc.",VITL,2000.0,Food and Kindred Products,submissions,Nasdaq,0,,survivor,5,14,2020-06-28,2026-06-28,2026-08-06,1
1581760,"Life360, Inc.",LIF,7374.0,Services-Computer Processing & Data Preparation,submissions,"Nasdaq,OTC",0,,survivor,4,8,2022-06-30,2026-06-30,2026-08-10,1
1581990,PLAINS GP HOLDINGS LP,PAGP,4610.0,Pipe Lines (No Natural Gas),submissions,Nasdaq,0,,survivor,12,34,2013-09-30,2026-06-30,2026-08-10,1
1583744,Zenith Energy Logistics Partners LP,,5171.0,Wholesale-Petroleum Bulk Stations & Terminals,submissions,,0,,survivor,4,13,2013-09-30,2017-09-30,2017-11-08,1
1585521,"Zoom Communications, Inc.",ZM,7370.0,"Services-Computer Programming, Data Processing, Etc.",submissions,Nasdaq,0,,survivor,5,18,2019-04-30,2026-07-31,2026-08-26,1
1585790,"Advanced Disposal Services, Inc.",,4953.0,Refuse Systems,submissions,,0,,survivor,7,21,2013-09-30,2020-06-30,2020-07-31,1
1590364,FTAI Aviation Ltd.,FTAI,7350.0,Services-Miscellaneous Equipment Rental & Leasing,submissions,"Nasdaq,Nasdaq",0,,survivor,11,32,2015-03-31,2026-06-30,2026-07-31,1
1590895,"Caesars Entertainment, Inc.",CZR,7011.0,Hotels & Motels,submissions,Nasdaq,0,,survivor,14,31,2014-09-30,2026-06-30,2026-07-28,1
1591096,Presbia PLC,,3841.0,Surgical & Medical Instruments & Apparatus,submissions,,0,,survivor,5,12,2014-12-31,2018-12-31,2019-04-12,1
1591698,Paylocity Holding Corp,PCTY,7372.0,Services-Prepackaged Software,submissions,Nasdaq,0,,survivor,12,33,2014-03-31,2026-06-30,2026-08-05,1
1591768,"KM WEDDING EVENTS MANAGEMENT, INC.",,7200.0,Services-Personal Services,submissions,,0,,survivor,3,8,2014-03-31,2016-09-30,2016-11-21,1
1591913,"Innovative Payment Solutions, Inc.",IPSI,5961.0,Retail-Catalog & Mail-Order Houses,submissions,OTC,0,,survivor,12,38,2014-01-31,2026-06-30,2026-08-14,1
1592365,Instride Inc,,5940.0,Retail-Miscellaneous Shopping Goods Stores,submissions,,0,,survivor,1,4,2014-03-31,2014-12-31,2015-03-31,1
1592411,DKG Capital Inc.,,7990.0,Services-Miscellaneous Amusement & Recreation,submissions,,0,,survivor,4,14,2015-03-31,2018-12-31,2019-05-16,1
1594219,PRESTON CORP.,,1040.0,Gold and Silver Ores,submissions,,0,,survivor,2,8,2014-03-31,2016-06-30,2016-08-12,1
1594485,"Royal Bakery Holdings, Inc.",,5812.0,Retail-Eating  Places,submissions,,0,,survivor,2,4,2014-09-30,2015-12-31,2016-04-14,1
1597483,"Visual Acumen, Inc.",,7370.0,"Services-Computer Programming, Data Processing, Etc.",submissions,,0,,survivor,0,1,2014-03-31,2014-03-31,2014-05-13,1
1597929,"SocialPlay USA, Inc.",,5960.0,Retail-Nonstore Retailers,submissions,,0,,survivor,5,12,2014-03-31,2017-12-31,2018-06-18,1
1599489,Veritiv Corp,,5110.0,Wholesale-Paper & Paper Products,submissions,,0,,survivor,9,29,2014-06-30,2023-09-30,2023-11-03,1
1599947,"TerraForm Power NY Holdings, Inc.",,4911.0,Electric Services,submissions,,0,,survivor,10,21,2014-06-30,2020-06-30,2020-08-07,1
1602065,"VNOM Sub, Inc.",,1311.0,Crude Petroleum & Natural Gas,submissions,,0,,survivor,13,32,2014-06-30,2025-06-30,2025-08-06,1
1603793,"Norris Industries, Inc.",NRIS,1311.0,Crude Petroleum & Natural Gas,submissions,OTC,0,,survivor,10,31,2014-11-30,2026-05-31,2026-07-15,1
1605810,"Porter Holding International, Inc.",,5810.0,Retail-Eating & Drinking Places,submissions,,0,,survivor,10,23,2014-08-31,2022-03-31,2022-05-16,1
1607281,ELITE GROUP INC.,,5190.0,Wholesale-Miscellaneous Nondurable Goods,submissions,,0,,survivor,3,11,2014-09-30,2017-12-31,2018-02-20,1
1607962,Lifeward Ltd.,LFWD,3842.0,"Orthopedic, Prosthetic & Surgical Appliances & Supplies",submissions,Nasdaq,0,,survivor,16,27,2015-12-31,2026-06-30,2026-08-14,1
1609151,"Weave Communications, Inc.",WEAV,7372.0,Services-Prepackaged Software,submissions,NYSE,0,,survivor,4,10,2021-09-30,2026-06-30,2026-08-06,1
1610607,Jiucaitong Group Ltd,,7374.0,Services-Computer Processing & Data Preparation,submissions,,0,,survivor,3,12,2015-03-31,2018-06-30,2018-08-10,1
1611046,ModuLink Inc.,MDLK,7000.0,"Hotels, Rooming Houses, Camps & Other Lodging Places",submissions,OTC,0,,survivor,4,5,2015-09-30,2026-06-30,2026-08-21,1
1611647,"Freshpet, Inc.",FRPT,2040.0,Grain Mill Products,submissions,Nasdaq,0,,survivor,22,31,2014-09-30,2026-06-30,2026-08-05,1
1613103,Medtronic plc,MDT,3845.0,Electromedical & Electrotherapeutic Apparatus,submissions,NYSE,0,,survivor,10,30,2015-01-23,2026-04-24,2026-06-18,1
1616156,"WEWARDS, INC.",WEWA,7370.0,"Services-Computer Programming, Data Processing, Etc.",submissions,OTC,0,,survivor,13,33,2014-08-31,2026-02-28,2026-03-17,1
1616741,"PATRIOT TRANSPORTATION HOLDING, INC.",,4210.0,Trucking & Courier Services (No Air),submissions,,0,,survivor,10,27,2014-12-31,2023-09-30,2023-12-12,1
1617686,OranjTek Co.,,5960.0,Retail-Nonstore Retailers,submissions,,0,,survivor,0,2,2015-01-31,2015-04-30,2015-06-15,1
1619856,"Caribou Biosciences, Inc.",CRBU,2836.0,"Biological Products, (No Diagnostic Substances)",submissions,Nasdaq,0,,survivor,4,13,2021-06-30,2026-06-30,2026-08-13,1
1620053,Vodka Brands Corp,,2080.0,Beverages,submissions,,0,,survivor,2,8,2015-06-30,2017-03-31,2017-05-22,1
1620463,"LeonaBio, Inc.",LONA,2836.0,"Biological Products, (No Diagnostic Substances)",submissions,Nasdaq,0,,survivor,5,14,2020-09-30,2026-06-30,2026-08-14,1
1622879,"Medicine Man Technologies, Inc.",,8742.0,Services-Management Consulting Services,submissions,,0,,survivor,15,31,2015-09-30,2023-12-31,2024-03-27,1
1623077,PixarBio Corp,,7997.0,Services-Membership Sports & Recreation Clubs,submissions,,0,,survivor,1,9,2015-06-30,2016-09-30,2016-11-15,1
1624140,"CORETAG, INC.",,3100.0,Leather & Leather Products,submissions,,0,,survivor,5,18,2015-06-30,2024-06-30,2025-04-04,1
1625288,"NEXIEN BIOPHARMA, INC.",,2834.0,Pharmaceutical Preparations,submissions,,0,,survivor,10,31,2014-12-31,2025-03-31,2025-05-14,1
1627041,VISIBER57 CORP.,,7372.0,Services-Prepackaged Software,submissions,,0,,survivor,8,23,2015-08-31,2023-02-28,2023-04-28,1
1627554,"Pedro's List, Inc.",,3949.0,"Sporting & Athletic Goods, NEC",submissions,,0,,survivor,12,28,2015-01-31,2023-07-31,2023-09-14,1
1629261,Long Blockchain Corp.,,2080.0,Beverages,submissions,,0,,survivor,4,11,2015-06-30,2018-09-30,2019-04-25,1
1632275,CAT9 Group Inc.,,2833.0,Medicinal Chemicals & Botanical Products,submissions,,0,,survivor,7,22,2015-03-31,2021-09-30,2021-11-22,1
1633932,ESSA Pharma Inc.,,2834.0,Pharmaceutical Preparations,submissions,,0,,survivor,5,13,2020-09-30,2025-06-30,2025-08-13,1
1634424,PowerComm Holdings Inc.,,1700.0,Construction - Special Trade Contractors,submissions,,0,,survivor,4,12,2015-03-31,2018-12-31,2019-04-16,1
1635088,Roivant Sciences Ltd.,ROIV,2834.0,Pharmaceutical Preparations,submissions,Nasdaq,0,,survivor,3,12,2021-06-30,2026-06-30,2026-08-06,1
1635863,"Caesars Resort Collection, LLC",,7011.0,Hotels & Motels,submissions,,0,,survivor,4,8,2015-06-30,2017-09-30,2017-11-02,1
1636519,Madison Square Garden Sports Corp.,MSGS,7990.0,Services-Miscellaneous Amusement & Recreation,submissions,NYSE,0,,survivor,9,29,2015-09-30,2026-06-30,2026-08-13,1
1637197,"Wari, Inc.",,5500.0,Retail-Auto Dealers & Gasoline Stations,submissions,,0,,survivor,4,16,2015-05-31,2019-08-31,2019-10-22,1
1637873,ACV Auctions Inc.,ACVA,7389.0,"Services-Business Services, NEC",submissions,NYSE,0,,survivor,4,12,2021-03-31,2026-06-30,2026-08-10,1
1638097,Entera Bio Ltd.,ENTX,2836.0,"Biological Products, (No Diagnostic Substances)",submissions,Nasdaq,0,,survivor,5,9,2021-12-31,2026-06-30,2026-08-07,1
1641521,Mondovita Corp.,,7900.0,Services-Amusement & Recreation Services,submissions,,0,,survivor,0,2,2015-06-30,2015-09-30,2015-11-16,1
1643194,"DD's Deluxe Rod Holder, Inc.",,8300.0,Services-Social Services,submissions,,0,,survivor,4,12,2015-09-30,2019-03-31,2019-05-15,1
1643301,"Avenir Wellness Solutions, Inc.",,2834.0,Pharmaceutical Preparations,submissions,,0,,survivor,10,34,2015-09-30,2024-09-30,2024-11-19,1
1643848,Patheon N.V.,,2834.0,Pharmaceutical Preparations,submissions,,0,,survivor,1,3,2016-07-31,2017-04-30,2017-06-09,1
1644488,SHARING SERVICES GLOBAL Corp,,5122.0,"Wholesale-Drugs, Proprietaries & Druggists' Sundries",submissions,,0,,survivor,11,31,2015-10-31,2024-09-30,2024-11-13,1
1645316,Kirin Corp.,,5944.0,Retail-Jewelry Stores,submissions,,0,,survivor,0,1,2015-07-31,2015-07-31,2015-09-21,1
1645666,"Kezar Life Sciences, Inc.",,2834.0,Pharmaceutical Preparations,submissions,Nasdaq,0,,survivor,7,20,2018-06-30,2026-03-31,2026-05-11,1
1648960,"Myseum.AI, Inc.",MYSE,4822.0,Telegraph & Other Message Communications,submissions,"Nasdaq,Nasdaq",0,,survivor,5,11,2021-06-30,2026-06-30,2026-08-14,1
1650739,"Ajia Innogroup Holdings, Ltd.",,7200.0,Services-Personal Services,submissions,,0,,survivor,13,25,2015-12-31,2023-06-30,2024-02-15,1
1651562,"Coursera, Inc.",COUR,7372.0,Services-Prepackaged Software,submissions,NYSE,0,,survivor,4,12,2021-03-31,2026-06-30,2026-08-05,1
1651958,EOS INC.,,2844.0,"Perfumes, Cosmetics & Other Toilet Preparations",submissions,,0,,survivor,16,31,2015-09-30,2024-06-30,2025-04-02,1
1651992,"Appsoft Technologies, Inc.",ASFT,7372.0,Services-Prepackaged Software,submissions,OTC,0,,survivor,10,30,2016-03-31,2026-06-30,2026-08-19,1
1653710,APEX RESOURCES INC/NV,,5090.0,Wholesale-Misc Durable Goods,submissions,,0,,survivor,6,13,2016-09-30,2019-06-30,2020-01-23,1
1656239,"Pinnacle Entertainment, Inc.",,7011.0,Hotels & Motels,submissions,,0,,survivor,2,8,2016-03-31,2018-06-30,2018-08-07,1
1657564,Gabbit Corp.,,7990.0,Services-Miscellaneous Amusement & Recreation,submissions,,0,,survivor,1,8,2016-05-31,2021-11-30,2022-01-14,1
1657737,"REACH Genetics, Inc.",,100.0,Agricultural Production-Crops,submissions,,0,,survivor,1,1,2017-09-30,2017-12-31,2018-05-04,1
1658247,"Crinetics Pharmaceuticals, Inc.",CRNX,2834.0,Pharmaceutical Preparations,submissions,Nasdaq,0,,survivor,7,20,2018-06-30,2026-06-30,2026-08-03,1
1660334,Verrica Pharmaceuticals Inc.,VRCA,2834.0,Pharmaceutical Preparations,submissions,Nasdaq,0,,survivor,7,20,2018-06-30,2026-06-30,2026-08-06,1
1661053,enVVeno Medical Corp,NVNO,3841.0,Surgical & Medical Instruments & Apparatus,submissions,Nasdaq,0,,survivor,9,21,2018-06-30,2026-06-30,2026-07-30,1
1662382,BRAIN SCIENTIFIC INC.,,3841.0,Surgical & Medical Instruments & Apparatus,submissions,,0,,survivor,8,24,2016-03-31,2022-12-31,2023-03-31,1
1662579,"C4 Therapeutics, Inc.",CCCC,2836.0,"Biological Products, (No Diagnostic Substances)",submissions,Nasdaq,0,,survivor,5,13,2020-09-30,2026-06-30,2026-08-11,1
1664127,"ALTITUDE INTERNATIONAL HOLDINGS, INC.",,7363.0,Services-Help Supply Services,submissions,,0,,survivor,8,24,2016-03-31,2022-12-31,2023-03-22,1
1666267,"Arrestage International, Inc.",,2844.0,"Perfumes, Cosmetics & Other Toilet Preparations",submissions,,0,,survivor,2,7,2018-06-30,2019-12-31,2020-09-09,1
1667153,CPG OpCo GP LLC,,4922.0,Natural Gas Transmission,submissions,,0,,survivor,2,3,2016-03-31,2016-12-31,2017-03-01,1
1668397,"Medpace Holdings, Inc.",MEDP,8731.0,Services-Commercial Physical & Biological Research,submissions,Nasdaq,0,,survivor,9,25,2016-09-30,2026-06-30,2026-07-23,1
1669600,"Liberty Expedia Holdings, Inc.",,5960.0,Retail-Nonstore Retailers,submissions,,0,,survivor,5,8,2016-09-30,2019-03-31,2019-05-03,1
1671077,MED SPA VACATIONS INC.,,4700.0,Transportation Services,submissions,,0,,survivor,7,19,2016-09-30,2022-12-31,2023-03-16,1
1672619,"Enliven Therapeutics, Inc.",ELVN,2834.0,Pharmaceutical Preparations,submissions,Nasdaq,0,,survivor,5,15,2020-03-31,2026-06-30,2026-08-05,1
16732,CAMPBELL'S Co,CPB,2000.0,Food and Kindred Products,submissions,Nasdaq,0,,survivor,15,45,1994-01-30,2026-05-03,2026-06-08,1
1676725,"IDEAYA Biosciences, Inc.",IDYA,2834.0,Pharmaceutical Preparations,submissions,Nasdaq,0,,survivor,6,18,2019-06-30,2026-06-30,2026-08-04,1
1688667,Frankly Inc,,7370.0,"Services-Computer Programming, Data Processing, Etc.",submissions,,0,,survivor,2,5,2017-06-30,2018-09-30,2018-11-14,1
1690585,"Dianthus Therapeutics, Inc. /DE/",DNTH,2834.0,Pharmaceutical Preparations,submissions,Nasdaq,0,,survivor,8,20,2018-06-30,2026-06-30,2026-08-04,1
1692412,Playa Hotels & Resorts N.V.,,7011.0,Hotels & Motels,submissions,,0,,survivor,9,24,2017-03-31,2025-03-31,2025-05-05,1
1693256,"Select Water Solutions, Inc.",WTTR,1389.0,"Oil & Gas Field Services, NEC",submissions,NYSE,0,,survivor,8,24,2017-03-31,2026-06-30,2026-08-05,1
1696195,KINETIC GROUP INC.,,7310.0,Services-Advertising,submissions,,0,,survivor,8,25,2017-03-31,2024-09-30,2025-08-27,1
1697500,"Solaris Energy Infrastructure, Inc.",SEI,3533.0,Oil & Gas Field Machinery & Equipment,submissions,NYSE,0,,survivor,9,25,2017-03-31,2026-06-30,2026-08-06,1
1697935,"MAPTELLIGENT, INC.",,4700.0,Transportation Services,submissions,,0,,survivor,7,19,2017-09-30,2023-09-30,2023-12-27,1
1701040,CISION LTD.,,7372.0,Services-Prepackaged Software,submissions,,0,,survivor,5,8,2017-06-30,2019-09-30,2019-11-08,1
1701732,Altair Engineering Inc.,,7372.0,Services-Prepackaged Software,submissions,,0,,survivor,9,22,2017-09-30,2024-12-31,2025-03-25,1
1701963,Versus Systems Inc.,VS,7374.0,Services-Computer Processing & Data Preparation,submissions,Nasdaq,0,,survivor,2,3,2023-12-31,2026-06-30,2026-08-14,1
1705873,Berry Corp (bry),,1311.0,Crude Petroleum & Natural Gas,submissions,,0,,survivor,7,20,2018-06-30,2025-09-30,2025-11-05,1
1712041,YAPPA WORLD INCOPORATED,,7373.0,Services-Computer Integrated Systems Design,submissions,,0,,survivor,1,2,2017-12-31,2018-06-30,2018-08-20,1
1712184,Liberty Latin America Ltd.,LILA,4841.0,Cable & Other Pay Television Services,submissions,"Nasdaq,Nasdaq,OTC,Nasdaq",0,,survivor,9,21,2017-12-31,2026-06-30,2026-08-05,1
1713210,Agape ATP Corp,ATPC,8000.0,Services-Health Services,submissions,Nasdaq,0,,survivor,11,25,2017-09-30,2026-06-30,2026-08-14,1
1713683,"Zscaler, Inc.",ZS,7371.0,Services-Computer Programming Services,submissions,Nasdaq,0,,survivor,7,20,2018-04-30,2026-04-30,2026-05-26,1
1713909,"Water Now, Inc.",,3580.0,Refrigeration & Service Industry Machinery,submissions,,0,,survivor,3,10,2017-09-30,2020-09-30,2021-04-08,1
1714798,Prevail Therapeutics Inc.,,2836.0,"Biological Products, (No Diagnostic Substances)",submissions,,0,,survivor,1,5,2019-06-30,2020-09-30,2020-11-13,1
1716947,"Ensysce Biosciences, Inc.",ENSC,2834.0,Pharmaceutical Preparations,submissions,Nasdaq,0,,survivor,10,22,2017-09-30,2026-06-30,2026-08-13,1
1718227,"Construction Partners, Inc.",ROAD,1600.0,Heavy Construction Other Than Bldg Const - Contractors,submissions,Nasdaq,0,,survivor,7,21,2018-03-31,2026-06-30,2026-08-07,1
1718500,"Axil Brands, Inc.",AXIL,2844.0,"Perfumes, Cosmetics & Other Toilet Preparations",submissions,NYSE,0,,survivor,8,24,2017-11-30,2026-05-31,2026-08-18,1
1718512,Gates Industrial Corp Ltd.,GTES,3560.0,General Industrial Machinery & Equipment,submissions,NYSE,0,,survivor,8,21,2017-12-30,2026-06-27,2026-07-31,1
1719406,"NRX Pharmaceuticals, Inc.",NRXP,2834.0,Pharmaceutical Preparations,submissions,Nasdaq,0,,survivor,14,23,2017-12-31,2026-06-30,2026-08-14,1
1720420,IBEX Ltd,IBEX,7374.0,Services-Computer Processing & Data Preparation,submissions,Nasdaq,0,,survivor,2,5,2023-06-30,2026-03-31,2026-05-06,1
1723059,Bio Essence Corp,BIOE,2834.0,Pharmaceutical Preparations,submissions,OTC,0,,survivor,5,18,2020-12-31,2026-06-30,2026-08-14,1
1724344,Entasis Therapeutics Holdings Inc.,,2834.0,Pharmaceutical Preparations,submissions,,0,,survivor,6,11,2018-09-30,2022-03-31,2022-05-02,1
1724787,ZAMEE CORP.,,7372.0,Services-Prepackaged Software,submissions,,0,,survivor,0,2,2019-05-31,2019-08-31,2019-10-08,1
1728688,"i3 Verticals, Inc.",IIIV,7372.0,Services-Prepackaged Software,submissions,Nasdaq,0,,survivor,7,20,2018-06-30,2026-06-30,2026-08-07,1
1729427,"CNS Pharmaceuticals, Inc.",CNSP,2834.0,Pharmaceutical Preparations,submissions,Nasdaq,0,,survivor,11,16,2019-09-30,2026-06-30,2026-08-12,1
1731727,"LMP Automotive Holdings, Inc.",,5500.0,Retail-Auto Dealers & Gasoline Stations,submissions,,0,,survivor,3,6,2019-12-31,2021-09-30,2021-11-16,1
1738758,"Cheer Holding, Inc.",CHR,7374.0,Services-Computer Processing & Data Preparation,submissions,Nasdaq,0,,survivor,2,6,2018-09-30,2020-03-31,2020-05-12,1
1738827,"KLX Energy Services Holdings, Inc.",KLXE,1389.0,"Oil & Gas Field Services, NEC",submissions,Nasdaq,0,,survivor,8,20,2018-07-31,2026-06-30,2026-08-11,1
1739174,BiomX Inc.,PHGE,2836.0,"Biological Products, (No Diagnostic Substances)",submissions,NYSE,0,,survivor,8,18,2018-12-31,2026-06-30,2026-08-19,1
1739936,MOMENTIVE GLOBAL INC.,,7370.0,"Services-Computer Programming, Data Processing, Etc.",submissions,,0,,survivor,6,14,2018-09-30,2023-03-31,2023-05-04,1
1740547,Urovant Sciences Ltd.,,2834.0,Pharmaceutical Preparations,submissions,,0,,survivor,2,8,2018-09-30,2020-12-31,2021-02-12,1
1743745,"Greenlane Holdings, Inc.",GNLN,5099.0,"Wholesale-Durable Goods, NEC",submissions,Nasdaq,0,,survivor,10,22,2019-03-31,2026-06-30,2026-08-14,1
1744895,Churchill Capital Corp,,7374.0,Services-Computer Processing & Data Preparation,submissions,,0,,survivor,1,2,2018-09-30,2019-03-31,2019-05-10,1
1745931,JS BEAUTY LAND NETWORK TECHNOLOGY INC,,5944.0,Retail-Jewelry Stores,submissions,,0,,survivor,3,14,2018-09-30,2021-09-30,2021-11-15,1
1745999,Beam Therapeutics Inc.,BEAM,2836.0,"Biological Products, (No Diagnostic Substances)",submissions,Nasdaq,0,,survivor,6,15,2019-12-31,2026-06-30,2026-08-04,1
1746214,BIOPLUS LIFE CORP.,,5912.0,Retail-Drug Stores and Proprietary Stores,submissions,,0,,survivor,3,8,2019-06-30,2021-12-31,2022-11-28,1
1746278,"GoLogiq, Inc.",,7370.0,"Services-Computer Programming, Data Processing, Etc.",submissions,,0,,survivor,9,29,2019-09-30,2023-09-30,2024-06-27,1
1747777,Blue Owl Technology Finance Corp.,OTF,,,,NYSE,0,,survivor,7,19,2018-09-30,2026-06-30,2026-08-05,1
1749723,New Fortress Energy Inc.,NFE,4924.0,Natural Gas Distribution,submissions,Nasdaq,0,,survivor,8,18,2018-12-31,2026-06-30,2026-08-06,1
1749849,Organic Agricultural Co Ltd,,100.0,Agricultural Production-Crops,submissions,,0,,survivor,5,17,2018-09-30,2023-12-31,2024-03-04,1
1750149,"Inhibikase Therapeutics, Inc.",IKT,2836.0,"Biological Products, (No Diagnostic Substances)",submissions,Nasdaq,0,,survivor,7,12,2020-12-31,2026-06-30,2026-08-11,1
1753373,"M2i Global, Inc.",MTWO,5050.0,Wholesale-Metals & Minerals (No Petroleum),submissions,OTC,0,,survivor,6,16,2019-08-31,2026-06-30,2026-08-27,1
1756262,"TransMedics Group, Inc.",TMDX,3845.0,Electromedical & Electrotherapeutic Apparatus,submissions,Nasdaq,0,,survivor,6,18,2019-03-30,2026-06-30,2026-08-04,1
1759138,"Cabaletta Bio, Inc.",CABA,2836.0,"Biological Products, (No Diagnostic Substances)",submissions,Nasdaq,0,,survivor,6,16,2019-09-30,2026-06-30,2026-08-13,1
1760689,"Microvast Holdings, Inc.",MVST,3690.0,"Miscellaneous Electrical Machinery, Equipment & Supplies",submissions,Nasdaq,0,,survivor,8,20,2018-12-31,2026-06-30,2026-08-10,1
1761534,Golden Royal Development Inc.,,1311.0,Crude Petroleum & Natural Gas,submissions,,0,,survivor,6,17,2019-03-31,2024-09-30,2025-01-10,1
1763329,"AIBOTICS, INC.",AIBT,2833.0,Medicinal Chemicals & Botanical Products,submissions,OTC,0,,survivor,8,20,2019-06-30,2026-06-30,2026-08-19,1
1771077,"Telemynd, Inc.",,8090.0,"Services-Misc Health & Allied Services, NEC",submissions,,0,,survivor,0,1,2019-06-30,2019-06-30,2019-08-14,1
1771910,ADC Therapeutics SA,ADCT,2834.0,Pharmaceutical Preparations,submissions,NYSE,0,,survivor,2,3,2023-12-31,2026-06-30,2026-08-13,1
1772720,SPRUCE POWER HOLDING CORP,SPRU,4911.0,Electric Services,submissions,NYSE,0,,survivor,8,17,2019-06-30,2026-06-30,2026-08-13,1
1777319,"CISO Global, Inc.",CISO,8742.0,Services-Management Consulting Services,submissions,Nasdaq,0,,survivor,7,15,2019-12-31,2026-06-30,2026-08-14,1
1779523,"Muzinich BDC, Inc.",,,,,,0,,survivor,6,16,2019-09-30,2026-06-30,2026-08-13,1
1781162,Momentus Inc.,MNTS,3760.0,Guided Missiles & Space Vehicles & Parts,submissions,"Nasdaq,Nasdaq",0,,survivor,9,16,2019-12-31,2026-06-30,2026-08-11,1
1783032,"Elevation Oncology, Inc.",,2836.0,"Biological Products, (No Diagnostic Substances)",submissions,,0,,survivor,4,11,2021-06-30,2025-03-31,2025-05-15,1
1784254,Mediaco Holding Inc.,MDIA,4832.0,Radio Broadcasting Stations,submissions,Nasdaq,0,,survivor,8,16,2019-09-30,2026-06-30,2026-08-14,1
1788717,F45 Training Holdings Inc.,,5040.0,Wholesale-Professional & Commercial Equipment & Supplies,submissions,,0,,survivor,2,8,2021-06-30,2023-06-30,2023-11-07,1
1790169,ZeroStack Corp.,ZSTK,5122.0,"Wholesale-Drugs, Proprietaries & Druggists' Sundries",submissions,Nasdaq,0,,survivor,4,6,2022-12-31,2026-06-30,2026-07-31,1
1796297,Bymax Corp.,,8742.0,Services-Management Consulting Services,submissions,,0,,survivor,1,4,2021-01-31,2022-01-31,2022-05-11,1
1799208,"Dun & Bradstreet Holdings, Inc.",,7320.0,"Services-Consumer Credit Reporting, Collection Agencies",submissions,,0,,survivor,6,14,2020-06-30,2025-06-30,2025-08-11,1
1800392,MicroAlgo Inc.,MLGO,7371.0,Services-Computer Programming Services,submissions,"Nasdaq,OTC",0,,survivor,3,9,2020-12-31,2023-03-31,2023-05-08,1
18061,CASCADE CORP,,3537.0,"Industrial Trucks, Tractors, Trailors & Stackers",submissions,,0,,survivor,3,9,1995-01-31,2012-10-31,2012-11-30,1
1806310,"Taysha Gene Therapies, Inc.",TSHA,2836.0,"Biological Products, (No Diagnostic Substances)",submissions,Nasdaq,0,,survivor,6,13,2020-09-30,2026-06-30,2026-08-11,1
1809987,"Mirion Technologies, Inc.",MIR,3829.0,"Measuring & Controlling Devices, NEC",submissions,NYSE,0,,survivor,6,14,2020-06-30,2026-06-30,2026-07-29,1
1810019,"Rackspace Technology, Inc.",RXT,7370.0,"Services-Computer Programming, Data Processing, Etc.",submissions,Nasdaq,0,,survivor,5,14,2020-06-30,2026-06-30,2026-08-10,1
1815184,RedBall Acquisition Corp.,,7990.0,Services-Miscellaneous Amusement & Recreation,submissions,,0,,survivor,4,7,2020-09-30,2022-06-30,2022-08-12,1
1818383,"MediaAlpha, Inc.",MAX,7389.0,"Services-Business Services, NEC",submissions,NYSE,0,,survivor,5,14,2020-09-30,2026-06-30,2026-07-29,1
1818550,Incordex Corp.,,7200.0,Services-Personal Services,submissions,,0,,survivor,4,12,2021-03-31,2025-03-31,2026-01-30,1
1818794,"Dyne Therapeutics, Inc.",DYN,2834.0,Pharmaceutical Preparations,submissions,Nasdaq,0,,survivor,5,13,2020-09-30,2026-06-30,2026-07-29,1
1819438,"ESS Tech, Inc.",GWH,3690.0,"Miscellaneous Electrical Machinery, Equipment & Supplies",submissions,"NYSE,OTC",0,,survivor,7,15,2020-09-30,2026-06-30,2026-08-11,1
1820201,Redbox Entertainment Inc.,,7841.0,Services-Video Tape Rental,submissions,,0,,survivor,4,8,2020-09-30,2022-06-30,2022-08-12,1
1822523,Advanced Flower Capital Inc.,AFCG,,,,Nasdaq,0,,survivor,4,12,2021-03-31,2026-06-30,2026-08-13,1
1824893,"Surrozen, Inc./DE",SRZN,2836.0,"Biological Products, (No Diagnostic Substances)",submissions,"Nasdaq,Nasdaq",0,,survivor,7,14,2020-09-30,2026-06-30,2026-08-06,1
1826000,"Latch, Inc.",LTCH,5072.0,Wholesale-Hardware,submissions,OTC,0,,survivor,6,12,2020-12-31,2026-06-30,2026-08-10,1
1826667,"TriSalus Life Sciences, Inc.",TLSI,3841.0,Surgical & Medical Instruments & Apparatus,submissions,"Nasdaq,Nasdaq",0,,survivor,8,13,2020-12-31,2026-06-30,2026-08-06,1
1828182,"Signify Health, Inc.",,8082.0,Services-Home Health Care Services,submissions,,0,,survivor,4,7,2020-12-31,2022-12-31,2023-02-27,1
1828318,Enovix Corp,ENVX,3690.0,"Miscellaneous Electrical Machinery, Equipment & Supplies",submissions,Nasdaq,0,,survivor,6,12,2020-12-31,2026-07-05,2026-08-12,1
1828723,"Altus Power, Inc.",,4911.0,Electric Services,submissions,,0,,survivor,6,12,2020-12-31,2024-12-31,2025-03-17,1
1829247,"BullFrog AI Holdings, Inc.",BFRG,2834.0,Pharmaceutical Preparations,submissions,"Nasdaq,Nasdaq",0,,survivor,3,6,2022-12-31,2026-06-30,2026-08-14,1
1829635,"Transcode Therapeutics, Inc.",RNAZ,2834.0,Pharmaceutical Preparations,submissions,Nasdaq,0,,survivor,5,11,2021-06-30,2026-06-30,2026-08-14,1
1832168,"Longboard Pharmaceuticals, Inc.",,2834.0,Pharmaceutical Preparations,submissions,,0,,survivor,3,12,2021-03-31,2024-09-30,2024-11-07,1
1833498,"Spectral AI, Inc.",MDAI,3841.0,Surgical & Medical Instruments & Apparatus,submissions,"Nasdaq,Nasdaq",0,,survivor,4,12,2021-03-31,2026-06-30,2026-08-11,1
1836875,Nuvve Holding Corp.,NVVE,3690.0,"Miscellaneous Electrical Machinery, Equipment & Supplies",submissions,OTC,0,,survivor,6,15,2021-03-31,2026-06-30,2026-08-14,1
1838108,RMG Acquisition Corp. III,,3620.0,Electrical Industrial Apparatus,submissions,,0,,survivor,2,9,2021-03-31,2023-09-30,2023-11-20,1
1838128,Lowell Farms Inc.,,100.0,Agricultural Production-Crops,submissions,,0,,survivor,3,12,2021-03-31,2024-09-30,2024-11-14,1
1840877,"Envoy Medical, Inc.",COCH,3842.0,"Orthopedic, Prosthetic & Surgical Appliances & Supplies",submissions,"Nasdaq,Nasdaq",0,,survivor,4,14,2021-03-31,2026-06-30,2026-08-10,1
1841330,Pasithea Therapeutics Corp.,KTTA,2834.0,Pharmaceutical Preparations,submissions,"Nasdaq,Nasdaq",0,,survivor,6,10,2021-09-30,2026-06-30,2026-08-14,1
1846809,OceanTech Acquisitions I Corp.,,3842.0,"Orthopedic, Prosthetic & Surgical Appliances & Supplies",submissions,,0,,survivor,4,11,2021-03-31,2024-03-31,2024-05-28,1
1847367,ALUMIS INC.,ALMS,2834.0,Pharmaceutical Preparations,submissions,Nasdaq,0,,survivor,2,2,2024-06-30,2026-06-30,2026-08-13,1
1851277,Carlyle Secured Lending III,,,,,,0,,survivor,3,10,2021-09-30,2024-09-30,2024-11-13,1
1851657,"Vaxxinity, Inc.",,2834.0,Pharmaceutical Preparations,submissions,,0,,survivor,4,7,2021-09-30,2023-12-31,2024-04-29,1
1852633,"Pinstripes Holdings, Inc.",,5810.0,Retail-Eating & Drinking Places,submissions,,0,,survivor,3,9,2021-12-31,2025-01-05,2025-02-19,1
1852973,Borealis Foods Inc.,BRLS,2000.0,Food and Kindred Products,submissions,"Nasdaq,Nasdaq",0,,survivor,6,10,2021-09-30,2026-03-31,2026-07-29,1
1853506,"JANGIT ENTERPRISES, INC.",,7372.0,Services-Prepackaged Software,submissions,,0,,survivor,0,2,2022-01-31,2022-04-30,2022-08-18,1
1856485,Sylvamo Corp,SLVM,2621.0,Paper Mills,submissions,NYSE,0,,survivor,4,10,2021-09-30,2026-06-30,2026-08-07,1
1857044,"Indaptus Therapeutics, Inc.",INDP,2834.0,Pharmaceutical Preparations,submissions,Nasdaq,0,,survivor,4,12,2021-03-31,2026-06-30,2026-08-13,1
1857853,"Traeger, Inc.",COOK,3630.0,Household Appliances,submissions,NYSE,0,,survivor,4,12,2021-06-30,2026-06-30,2026-08-06,1
1860742,Bausch & Lomb Corp,BLCO,3851.0,Ophthalmic Goods,submissions,NYSE,0,,survivor,3,9,2022-03-31,2026-06-30,2026-07-29,1
1865107,A.K.A. BRANDS HOLDING CORP.,AKA,5961.0,Retail-Catalog & Mail-Order Houses,submissions,NYSE,0,,survivor,4,10,2021-09-30,2026-06-30,2026-08-05,1
1865631,NEXTNAV INC.,NN,3812.0,"Search, Detection, Navigation, Guidance, Aeronautical Sys",submissions,"Nasdaq,OTC",0,,survivor,4,10,2021-09-30,2026-06-30,2026-08-11,1
1866226,Evolution Metals & Technologies Corp.,EMAT,3690.0,"Miscellaneous Electrical Machinery, Equipment & Supplies",submissions,Nasdaq,0,,survivor,4,9,2021-12-31,2026-06-30,2026-08-17,1
18672,CLECO POWER LLC,,4911.0,Electric Services,submissions,,0,,survivor,19,46,1993-12-31,2026-06-30,2026-08-07,1
1874138,"Sparx Holdings Group, Inc.",SHGI,3585.0,Air-Cond & Warm Air Heatg Equip & Comm & Indl Refrig Equip,submissions,,0,,survivor,2,7,2021-09-30,2023-09-30,2023-11-14,1
1875493,CSLM ACQUISITION CORP.,,7373.0,Services-Computer Integrated Systems Design,submissions,,0,,survivor,4,9,2021-12-31,2025-06-30,2025-08-14,1
1888012,"HilleVax, Inc.",,2836.0,"Biological Products, (No Diagnostic Substances)",submissions,,0,,survivor,3,9,2022-03-31,2025-06-30,2025-08-06,1
1888447,"Excelerate Energy, Inc.",EE,4924.0,Natural Gas Distribution,submissions,NYSE,0,,survivor,3,9,2022-03-31,2026-06-30,2026-08-06,1
1888654,"5E Advanced Materials, Inc.",FEAM,1400.0,Mining & Quarrying of  Nonmetallic Minerals (No Fuels),submissions,"Nasdaq,OTC",0,,survivor,7,9,2022-03-31,2026-03-31,2026-05-12,1
1888886,Structure Therapeutics Inc.,GPCR,2834.0,Pharmaceutical Preparations,submissions,Nasdaq,0,,survivor,3,8,2022-12-31,2026-06-30,2026-08-06,1
1891101,BRC Inc.,BRCC,2080.0,Beverages,submissions,NYSE,0,,survivor,6,10,2021-12-31,2026-06-30,2026-08-03,1
1892480,"Hempacco Co., Inc.",,2111.0,Cigarettes,submissions,,0,,survivor,2,5,2022-09-30,2023-12-31,2024-08-09,1
18926,"Lumen Technologies, Inc.",LUMN,4813.0,Telephone Communications (No Radiotelephone),submissions,NYSE,0,,survivor,16,46,1993-12-31,2026-06-30,2026-08-04,1
1895251,"Sustainable Green Team, Ltd.",,700.0,Agricultural Services,submissions,OTC,0,,survivor,0,1,2023-06-30,2023-06-30,2023-08-14,1
1901297,ZRCN Inc.,,3690.0,"Miscellaneous Electrical Machinery, Equipment & Supplies",submissions,,0,,survivor,4,10,2021-12-31,2025-12-31,2026-07-07,1
1902733,"nCino, Inc.",NCNO,7372.0,Services-Prepackaged Software,submissions,Nasdaq,0,,survivor,3,9,2022-01-31,2026-07-31,2026-08-25,1
1905824,PIMCO Capital Solutions BDC Corp.,,,,,,0,,survivor,3,7,2022-09-30,2026-06-30,2026-08-11,1
1910851,R1 RCM Inc. /DE,,8741.0,Services-Management Services,submissions,,0,,survivor,3,10,2022-06-30,2024-09-30,2024-11-05,1
1922947,Wellings Real Estate Income Fund,,,,,,0,,survivor,2,9,2022-06-30,2025-03-31,2025-06-30,1
1930679,KKR FS Income Trust,,,,,,0,,survivor,2,5,2023-06-30,2026-06-30,2026-08-12,1
1933567,"Neuraxis, INC",NRXS,3845.0,Electromedical & Electrotherapeutic Apparatus,submissions,NYSE,0,,survivor,2,5,2023-06-30,2026-06-30,2026-08-11,1
1941365,"MasterBrand, Inc.",MBC,2511.0,"Wood Household Furniture, (No Upholstered)",submissions,NYSE,0,,survivor,3,6,2022-12-25,2026-06-28,2026-08-05,1
1947861,Nature's Miracle Holding Inc.,NMHI,3523.0,Farm Machinery & Equipment,submissions,OTC,0,,survivor,2,3,2023-12-31,2026-03-31,2026-05-27,1
1950572,BIP Ventures Evergreen BDC,,,,,,0,,survivor,2,4,2023-09-30,2026-06-30,2026-08-07,1
1952073,Madison Square Garden Entertainment Corp.,MSGE,7990.0,Services-Miscellaneous Amusement & Recreation,submissions,NYSE,0,,survivor,2,6,2023-03-31,2026-06-30,2026-08-12,1
1955010,OHA Senior Private Lending Fund (U) LLC,,,,,,0,,survivor,4,6,2022-12-31,2026-06-30,2026-08-14,1
1971213,"Sinclair, Inc.",SBGI,4833.0,Television Broadcasting Stations,submissions,Nasdaq,0,,survivor,2,5,2023-06-30,2026-06-30,2026-08-05,1
1975222,SSHT S&T Group Ltd.,SSHT,8742.0,Services-Management Consulting Services,submissions,,0,,survivor,0,1,2024-09-30,2024-09-30,2024-11-14,1
1982518,Smith Douglas Homes Corp.,SDHC,1531.0,Operative Builders,submissions,NYSE,0,,survivor,2,3,2023-12-31,2026-06-30,2026-08-06,1
1998768,"Proficient Auto Logistics, Inc",PAL,4700.0,Transportation Services,submissions,Nasdaq,0,,survivor,1,3,2024-03-31,2026-06-30,2026-08-14,1
1998781,IB Acquisition Corp.,IBAC,8731.0,Services-Commercial Physical & Biological Research,submissions,"Nasdaq,Nasdaq",0,,survivor,1,3,2024-03-31,2026-06-30,2026-08-14,1
2000410,Eureka Acquisition Corp,EURK,4400.0,Water Transportation,submissions,"Nasdaq,Nasdaq,Nasdaq",0,,survivor,1,2,2024-06-30,2026-06-30,2026-07-23,1
2000775,Black Hawk Acquisition Corp,BKHA,2836.0,"Biological Products, (No Diagnostic Substances)",submissions,"Nasdaq,Nasdaq,Nasdaq",0,,survivor,2,3,2024-02-29,2026-05-31,2026-07-15,1
2001184,"PACS Group, Inc.",PACS,8051.0,Services-Skilled Nursing Care Facilities,submissions,NYSE,0,,survivor,1,4,2024-03-31,2026-06-30,2026-08-04,1
2011134,Kioni Holdings Ltd,,8741.0,Services-Management Services,submissions,,0,,survivor,1,3,2024-03-31,2026-06-30,2026-08-06,1
2011498,AGL Private Credit Income Fund,,,,,,0,,survivor,1,2,2024-06-30,2026-06-30,2026-08-05,1
2023554,Sandisk Corp,SNDK,3572.0,Computer Storage Devices,submissions,Nasdaq,0,,survivor,0,2,2024-12-27,2026-07-03,2026-08-17,1
2024306,JFB Construction Holdings,JFB,1540.0,General Bldg Contractors - Nonresidential Bldgs,submissions,Nasdaq,0,,survivor,1,0,2024-12-31,2026-06-30,2026-08-13,1
2026478,Newsmax Inc.,NMAX,4833.0,Television Broadcasting Stations,submissions,NYSE,0,,survivor,2,0,2024-12-31,2026-06-30,2026-08-13,1
203248,SOUTHERN UNION CO,,4922.0,Natural Gas Transmission,submissions,,0,,survivor,4,12,1993-12-31,2013-09-30,2013-11-07,1
20629,CSS INDUSTRIES INC,,2771.0,Greeting Cards,submissions,,0,,survivor,10,30,1995-03-31,2019-12-31,2020-02-14,1
20740,CLARCOR INC.,,3714.0,Motor Vehicle Parts & Accessories,submissions,,0,,survivor,7,21,1993-11-27,2016-12-03,2017-01-27,1
21239,COASTAL CARIBBEAN OILS & MINERALS LTD,,1311.0,Crude Petroleum & Natural Gas,submissions,,0,,survivor,4,15,1996-06-30,2014-09-30,2014-11-14,1
23632,CONSOLIDATED EDISON CO OF NEW YORK INC,,4931.0,Electric & Other Services Combined,submissions,,0,,survivor,15,45,1993-12-31,2026-06-30,2026-08-06,1
2488,ADVANCED MICRO DEVICES INC,AMD,3674.0,Semiconductors & Related Devices,submissions,Nasdaq,0,,survivor,15,48,1993-12-26,2026-06-27,2026-08-05,1
29915,DOW CHEMICAL CO /DE/,,2821.0,"Plastic Materials, Synth Resins & Nonvulcan Elastomers",submissions,,0,,survivor,15,45,1994-12-31,2026-06-30,2026-07-24,1
3146,SPIRE ALABAMA INC,,4924.0,Natural Gas Distribution,submissions,,0,,survivor,16,47,1993-12-31,2026-06-30,2026-08-05,1
350846,SUPREME INDUSTRIES INC,,3713.0,Truck & Bus Bodies,submissions,,0,,survivor,8,25,1995-03-31,2017-07-01,2017-08-04,1
3673,"ALLEGHENY ENERGY, INC",,4911.0,Electric Services,submissions,,0,,survivor,1,3,1993-12-31,2010-12-31,2011-02-23,1
40211,GATX CORP,GATX,4700.0,Transportation Services,submissions,NYSE,0,,survivor,20,46,1993-12-31,2026-06-30,2026-07-31,1
42136,"Chang-On International, Inc.",,2400.0,Lumber & Wood Products (No Furniture),submissions,,0,,survivor,4,18,1996-01-31,2014-06-30,2014-08-27,1
46080,"HASBRO, INC.",HAS,3944.0,"Games, Toys & Children's Vehicles (No Dolls & Bicycles)",submissions,Nasdaq,0,,survivor,15,48,1993-12-26,2026-06-28,2026-07-30,1
4611,AMERICAN BILTRITE INC,,3089.0,"Plastics Products, NEC",submissions,,0,,survivor,3,7,1995-04-01,2011-12-31,2012-04-10,1
46129,ALLIENT INC,ALNT,3825.0,Instruments For Meas & Testing of  Electricity & Elec Signals,submissions,Nasdaq,0,,survivor,16,47,1995-03-31,2026-06-30,2026-08-05,1
46619,HEICO CORP,HEI,3724.0,Aircraft Engines & Engine Parts,submissions,"NYSE,NYSE",0,,survivor,15,45,1995-01-31,2026-07-31,2026-08-27,1
48287,HNI CORP,HNI,2522.0,Office Furniture (No Wood),submissions,NYSE,0,,survivor,17,45,1994-04-02,2026-07-04,2026-08-04,1
4904,AMERICAN ELECTRIC POWER CO INC,AEP,4911.0,Electric Services,submissions,,0,,survivor,15,45,1994-03-31,2026-06-30,2026-07-30,1
49938,IMPERIAL OIL LTD,IMO,2911.0,Petroleum Refining,submissions,NYSE,0,,survivor,15,45,2001-12-31,2026-06-30,2026-08-03,1
53456,JERSEY CENTRAL POWER & LIGHT CO,,4911.0,Electric Services,submissions,,0,,survivor,3,9,1993-12-31,2026-06-30,2026-07-28,1
54507,"EVERGY KANSAS CENTRAL, INC.",,4931.0,Electric & Other Services Combined,submissions,,0,,survivor,17,45,1993-12-31,2026-06-30,2026-08-06,1
55234,"Global Asset Management Group, Inc.",GAMG,7990.0,Services-Miscellaneous Amusement & Recreation,submissions,OTC,0,,survivor,8,19,1998-12-31,2026-06-30,2026-08-19,1
55387,KENTUCKY UTILITIES CO,,4911.0,Electric Services,submissions,,0,,survivor,14,42,1993-12-31,2026-06-30,2026-08-07,1
55772,KIMBALL INTERNATIONAL INC,,2510.0,Household Furniture,submissions,,0,,survivor,13,40,1993-12-31,2023-03-31,2023-05-08,1
56873,KROGER CO,KR,5411.0,Retail-Grocery Stores,submissions,NYSE,0,,survivor,17,45,1994-01-01,2026-05-23,2026-06-26,1
59440,VECTOR GROUP LTD,,2111.0,Cigarettes,submissions,,0,,survivor,16,44,1995-03-31,2024-06-30,2024-08-02,1
60849,LUFKIN INDUSTRIES INC,,3560.0,General Industrial Machinery & Equipment,submissions,,0,,survivor,3,11,1994-03-31,2013-03-31,2013-05-10,1
63908,MCDONALDS CORP,MCD,5812.0,Retail-Eating  Places,submissions,NYSE,0,,survivor,15,45,1993-12-31,2026-06-30,2026-08-07,1
6494,ANDREA ELECTRONICS CORP,,3663.0,Radio & Tv Broadcasting & Communications Equipment,submissions,,0,,survivor,13,41,1994-12-31,2022-12-31,2023-03-30,1
67716,MDU RESOURCES GROUP INC,MDU,1400.0,Mining & Quarrying of  Nonmetallic Minerals (No Fuels),submissions,NYSE,0,,survivor,15,45,1993-12-31,2026-06-30,2026-08-06,1
6845,"APOGEE ENTERPRISES, INC.",APOG,3231.0,"Glass Products, Made of  Purchased Glass",submissions,Nasdaq,0,,survivor,17,45,1993-11-27,2026-05-30,2026-06-30,1
68505,"Motorola Solutions, Inc.",MSI,3663.0,Radio & Tv Broadcasting & Communications Equipment,submissions,NYSE,0,,survivor,15,47,1993-12-31,2026-07-04,2026-08-05,1
68622,QWEST CORP,CTGG,4813.0,Telephone Communications (No Radiotelephone),submissions,,0,,survivor,15,45,1993-12-31,2026-03-31,2026-05-05,1
6951,APPLIED MATERIALS INC /DE,AMAT,3674.0,Semiconductors & Related Devices,submissions,Nasdaq,0,,survivor,15,47,1994-01-30,2026-07-26,2026-08-20,1
6955,ENERPAC TOOL GROUP CORP,EPAC,3590.0,Misc Industrial & Commercial Machinery & Equipment,submissions,NYSE,0,,survivor,15,46,1993-11-30,2026-05-31,2026-07-09,1
700764,"VICTORY CLEAN ENERGY, INC.",,1311.0,Crude Petroleum & Natural Gas,submissions,,0,,survivor,17,46,2008-03-31,2024-09-30,2024-11-19,1
700815,"SOAFEE, Inc.",,5171.0,Wholesale-Petroleum Bulk Stations & Terminals,submissions,,0,,survivor,5,11,2007-12-31,2012-12-31,2013-04-26,1
702165,NORFOLK SOUTHERN CORP,NSC,4011.0,"Railroads, Line-Haul Operating",submissions,NYSE,0,,survivor,15,45,1993-12-31,2026-06-30,2026-07-23,1
704415,"TIVITY HEALTH, INC.",,8090.0,"Services-Misc Health & Allied Services, NEC",submissions,,0,,survivor,14,39,1996-05-31,2022-03-31,2022-05-05,1
706688,AARON'S INC,,7359.0,"Services-Equipment Rental & Leasing, NEC",submissions,,0,,survivor,12,32,1994-03-31,2020-06-30,2020-07-29,1
708850,DIONEX CORP /DE,,3823.0,"Industrial Instruments For Measurement, Display, and Control",submissions,,0,,survivor,1,4,1995-03-31,2011-03-31,2011-05-06,1
715788,"EVIO, INC.",,7600.0,Services-Miscellaneous Repair Services,submissions,,0,,survivor,5,21,2014-12-31,2020-06-30,2020-09-09,1
719135,Apyx Medical Corp,APYX,3841.0,Surgical & Medical Instruments & Apparatus,submissions,Nasdaq,0,,survivor,21,49,1995-06-30,2026-06-30,2026-08-06,1
72162,"NLI HOLDINGS, INC.",NL,2810.0,Industrial Inorganic Chemicals,submissions,NYSE,0,,survivor,15,45,1993-12-31,2026-06-30,2026-08-05,1
728391,"IPALCO ENTERPRISES, INC.",,4911.0,Electric Services,submissions,,0,,survivor,26,46,1993-12-31,2026-06-30,2026-08-04,1
728447,"EVO Transportation & Energy Services, Inc.",,5500.0,Retail-Auto Dealers & Gasoline Stations,submissions,,0,,survivor,15,36,2010-12-31,2022-12-31,2023-11-16,1
730349,TOFUTTI BRANDS INC,TOFB,2024.0,Ice Cream & Frozen Desserts,submissions,OTC,0,,survivor,18,45,2008-03-29,2026-06-27,2026-08-11,1
73048,BROADVIEW INSTITUTE INC,,8200.0,Services-Educational Services,submissions,,0,,survivor,5,15,2000-06-30,2014-12-31,2015-02-17,1
732485,GENZYME CORP,,2836.0,"Biological Products, (No Diagnostic Substances)",submissions,,0,,survivor,2,5,1994-12-31,2010-12-31,2011-03-24,1
738214,"AEMETIS, INC",AMTX,2860.0,Industrial Organic Chemicals,submissions,Nasdaq,0,,survivor,16,43,2007-12-31,2026-06-30,2026-08-06,1
752634,EARTH SEARCH SCIENCES INC,,1311.0,Crude Petroleum & Natural Gas,submissions,,0,,survivor,9,14,1996-03-31,2015-09-30,2015-11-23,1
754813,"HealthWarehouse.com, Inc.",,5912.0,Retail-Drug Stores and Proprietary Stores,submissions,,0,,survivor,8,21,2008-03-31,2016-12-31,2017-03-21,1
75829,PALL CORP,,3569.0,"General Industrial Machinery & Equipment, NEC",submissions,,0,,survivor,5,17,1994-01-29,2015-04-30,2015-05-21,1
764065,CLEVELAND-CLIFFS INC.,CLF,1000.0,Metal Mining,submissions,NYSE,0,,survivor,17,49,1993-12-31,2026-06-30,2026-07-23,1
764839,"PureSafe Water Systems, Inc.",,3580.0,Refrigeration & Service Industry Machinery,submissions,,0,,survivor,5,21,2000-12-31,2015-09-30,2015-11-25,1
769520,MIDDLEBY Corp,MIDD,3580.0,Refrigeration & Service Industry Machinery,submissions,Nasdaq,0,,survivor,16,45,1995-04-01,2026-07-04,2026-08-13,1
772320,"Gene Biotherapeutics, Inc.",,2836.0,"Biological Products, (No Diagnostic Substances)",submissions,,0,,survivor,10,25,1996-06-30,2020-12-31,2022-04-14,1
773717,"American Clean Resources Group, Inc.",ACRG,1400.0,Mining & Quarrying of  Nonmetallic Minerals (No Fuels),submissions,OTC,0,,survivor,15,44,2008-09-30,2026-06-30,2026-08-14,1
77476,PEPSICO INC,PEP,2080.0,Beverages,submissions,Nasdaq,0,,survivor,15,45,1994-12-31,2026-06-13,2026-07-09,1
77543,TUTOR PERINI CORP,TPC,1540.0,General Bldg Contractors - Nonresidential Bldgs,submissions,NYSE,0,,survivor,16,45,1993-12-31,2026-06-30,2026-08-05,1
778165,"Rock Energy Resources, Inc.",,1000.0,Metal Mining,submissions,,0,,survivor,2,9,1995-12-31,2012-09-30,2012-11-21,1
778734,Measurement Specialties Inc,,3829.0,"Measuring & Controlling Devices, NEC",submissions,,0,,survivor,6,13,1997-06-30,2014-06-30,2014-08-06,1
779152,JACK HENRY & ASSOCIATES INC,JKHY,7373.0,Services-Computer Integrated Systems Design,submissions,Nasdaq,0,,survivor,17,46,1995-03-31,2026-06-30,2026-08-28,1
785956,J&J SNACK FOODS CORP,JJSF,2052.0,Cookies & Crackers,submissions,Nasdaq,0,,survivor,15,46,1995-03-25,2026-06-27,2026-08-06,1
786947,"ACURA PHARMACEUTICALS, INC",,2834.0,Pharmaceutical Preparations,submissions,,0,,survivor,12,38,1995-03-31,2021-12-31,2023-06-30,1
788816,OGLETHORPE POWER CORP,,4911.0,Electric Services,submissions,,0,,survivor,15,45,1993-12-31,2026-06-30,2026-08-13,1
789944,Independence Resources PLC,,1311.0,Crude Petroleum & Natural Gas,submissions,,0,,survivor,3,12,1996-06-30,2013-06-30,2014-03-26,1
791907,LINEAR TECHNOLOGY CORP /CA/,,3674.0,Semiconductors & Related Devices,submissions,,0,,survivor,7,23,1995-01-01,2017-01-01,2017-01-31,1
791915,CYPRESS SEMICONDUCTOR CORP /DE/,,3674.0,Semiconductors & Related Devices,submissions,,0,,survivor,13,31,1994-01-03,2019-12-29,2020-04-15,1
792987,ASTEC INDUSTRIES INC,ASTE,3531.0,Construction Machinery & Equip,submissions,Nasdaq,0,,survivor,15,47,1994-03-31,2026-06-30,2026-08-05,1
795266,KB HOME,KBH,1531.0,Operative Builders,submissions,NYSE,0,,survivor,15,45,1994-11-30,2026-05-31,2026-07-09,1
797468,OCCIDENTAL PETROLEUM CORP /DE/,OXY,1311.0,Crude Petroleum & Natural Gas,submissions,"NYSE,NYSE",0,,survivor,16,45,1995-03-31,2026-06-30,2026-08-05,1
799850,AMERICAS CARMART INC,CRMT,5500.0,Retail-Auto Dealers & Gasoline Stations,submissions,Nasdaq,0,,survivor,15,45,1995-01-31,2026-04-30,2026-07-14,1
802510,"ENERKON SOLAR INTERNATIONAL, INC.",,3590.0,Misc Industrial & Commercial Machinery & Equipment,submissions,,0,,survivor,6,13,2013-09-30,2017-12-31,2018-01-26,1
804753,CERNER Corp,,7373.0,Services-Computer Integrated Systems Design,submissions,,0,,survivor,13,37,1994-12-31,2022-03-31,2022-05-03,1
808326,EMCORE CORP,,3674.0,Semiconductors & Related Devices,submissions,,0,,survivor,18,46,1997-03-31,2024-12-31,2025-02-14,1
808362,Baker Hughes Holdings LLC,,3533.0,Oil & Gas Field Machinery & Equipment,submissions,,0,,survivor,15,42,1993-12-31,2023-09-30,2023-10-26,1
811532,CEDAR FAIR L P,,7990.0,Services-Miscellaneous Amusement & Recreation,submissions,,0,,survivor,19,43,1993-12-31,2024-03-31,2024-05-09,1
81362,QUAKER CHEMICAL CORP,KWR,2990.0,Miscellaneous Products of  Petroleum & Coal,submissions,NYSE,0,,survivor,17,47,1993-12-31,2026-06-30,2026-07-30,1
813621,AMCOL INTERNATIONAL CORP,,1400.0,Mining & Quarrying of  Nonmetallic Minerals (No Fuels),submissions,,0,,survivor,8,13,1994-12-31,2013-12-31,2014-04-18,1
819926,SHARING ECONOMY INTERNATIONAL INC.,SEII,7373.0,Services-Computer Integrated Systems Design,submissions,OTC,0,,survivor,16,49,2008-03-31,2026-06-30,2026-08-14,1
821189,EOG RESOURCES INC,EOG,1311.0,Crude Petroleum & Natural Gas,submissions,NYSE,0,,survivor,15,46,1993-12-31,2026-06-30,2026-08-04,1
823094,SOTHEBYS,,7389.0,"Services-Business Services, NEC",submissions,,0,,survivor,9,32,1993-12-31,2019-09-30,2019-11-13,1
827054,MICROCHIP TECHNOLOGY INC,MCHP,3674.0,Semiconductors & Related Devices,submissions,"Nasdaq,Nasdaq",0,,survivor,17,45,1996-06-30,2026-06-30,2026-08-06,1
82811,REGAL REXNORD CORP,RRX,3569.0,"General Industrial Machinery & Equipment, NEC",submissions,NYSE,0,,survivor,17,47,1994-12-31,2026-06-30,2026-08-05,1
828146,INTERLINK ELECTRONICS INC,LINK,3577.0,"Computer Peripheral Equipment, NEC",submissions,Nasdaq,0,,survivor,8,22,1996-06-30,2026-06-30,2026-08-13,1
830616,"SCI Engineered Materials, Inc.",SCIA,3620.0,Electrical Industrial Apparatus,submissions,OTC,0,,survivor,15,45,2008-03-31,2026-06-30,2026-07-30,1
831489,SCORES HOLDING CO INC,,7900.0,Services-Amusement & Recreation Services,submissions,,0,,survivor,15,45,2008-03-31,2024-12-31,2026-06-30,1
837342,CORDIA CORP,,4813.0,Telephone Communications (No Radiotelephone),submissions,,0,,survivor,2,7,2000-03-31,2022-09-30,2023-01-25,1
842295,TOR MINERALS INTERNATIONAL INC,,2810.0,Industrial Inorganic Chemicals,submissions,,0,,survivor,8,24,1995-03-31,2017-12-31,2018-03-27,1
850429,TREDEGAR CORP,TG,3350.0,Rolling Drawing & Extruding of  Nonferrous Metals,submissions,NYSE,0,,survivor,17,45,1993-12-31,2026-06-30,2026-08-07,1
850693,ALLERGAN INC,,2834.0,Pharmaceutical Preparations,submissions,,0,,survivor,5,15,1993-12-31,2014-12-31,2015-02-19,1
851968,MOHAWK INDUSTRIES INC,MHK,2273.0,Carpets & Rugs,submissions,NYSE,0,,survivor,16,45,1996-03-30,2026-07-04,2026-07-31,1
854398,XRS Corp,,3571.0,Electronic Computers,submissions,,0,,survivor,6,14,1996-03-31,2014-06-30,2014-08-08,1
854800,"Tingo Group, Inc.",,2000.0,Food and Kindred Products,submissions,,0,,survivor,14,43,2008-03-31,2023-09-30,2023-11-20,1
855658,LATTICE SEMICONDUCTOR CORP,LSCC,3674.0,Semiconductors & Related Devices,submissions,Nasdaq,0,,survivor,17,45,1994-12-31,2026-07-04,2026-08-04,1
858748,OP TECH ENVIRONMENTAL SERVICES INC,,4955.0,Hazardous Waste Management,submissions,,0,,survivor,3,13,1996-03-31,2013-03-31,2013-06-10,1
860518,ITEX CORP,,7389.0,"Services-Business Services, NEC",submissions,,0,,survivor,7,24,1996-04-09,2017-04-30,2017-06-13,1
862668,ESCALON MEDICAL CORP,ESMC,3845.0,Electromedical & Electrotherapeutic Apparatus,submissions,OTC,0,,survivor,28,45,1996-06-30,2026-03-31,2026-05-15,1
863015,ISLE OF CAPRI CASINOS INC,,7011.0,Hotels & Motels,submissions,,0,,survivor,9,22,1996-01-31,2017-01-22,2017-02-24,1
864264,SIMON WORLDWIDE INC,,2300.0,Apparel & Other Finishd Prods of  Fabrics & Similar Matl,submissions,,0,,survivor,5,18,1996-06-30,2015-09-30,2015-11-13,1
866706,ESCO TECHNOLOGIES INC,ESE,3669.0,"Communications Equipment, NEC",submissions,NYSE,0,,survivor,15,46,1996-03-31,2026-06-30,2026-08-10,1
868082,EVERFLOW EASTERN PARTNERS LP,,1311.0,Crude Petroleum & Natural Gas,submissions,,0,,survivor,16,45,1996-06-30,2026-06-30,2026-08-11,1
868267,FOOD TECHNOLOGY SERVICE INC,,7389.0,"Services-Business Services, NEC",submissions,,0,,survivor,3,13,1996-06-30,2013-09-30,2013-11-14,1
868278,"ProPhase Labs, Inc.",PRPH,2834.0,Pharmaceutical Preparations,submissions,OTC,0,,survivor,19,49,1998-03-31,2026-06-30,2026-08-19,1
869495,DEEP WELL OIL & GAS INC,,1311.0,Crude Petroleum & Natural Gas,submissions,,0,,survivor,12,32,2001-12-31,2020-09-30,2021-09-27,1
872589,"REGENERON PHARMACEUTICALS, INC.",REGN,2834.0,Pharmaceutical Preparations,submissions,Nasdaq,0,,survivor,15,45,1996-06-30,2026-06-30,2026-07-30,1
874016,JONES GROUP INC,,2330.0,"Women's, Misses':  and Juniors Outerwear",submissions,,0,,survivor,6,12,1996-03-31,2013-12-31,2014-04-01,1
875355,"BLOOMIA HOLDINGS, INC.",TULP,100.0,Agricultural Production-Crops,submissions,Nasdaq,0,,survivor,21,48,1996-06-30,2026-03-31,2026-05-13,1
87565,SCHULMAN A INC,,2821.0,"Plastic Materials, Synth Resins & Nonvulcan Elastomers",submissions,,0,,survivor,8,26,1993-11-30,2018-05-31,2018-06-28,1
876134,"Redify Group, Inc.",,7372.0,Services-Prepackaged Software,submissions,,0,,survivor,4,18,2008-03-31,2014-09-30,2014-11-19,1
878560,"CalAtlantic Group, LLC",,1531.0,Operative Builders,submissions,,0,,survivor,7,24,1996-03-31,2017-09-30,2017-11-09,1
880446,VITESSE SEMICONDUCTOR CORP,,3674.0,Semiconductors & Related Devices,submissions,,0,,survivor,6,15,1996-03-31,2014-12-31,2015-02-03,1
880984,"ACORN ENERGY, INC.",ACFN,8711.0,Services-Engineering Services,submissions,Nasdaq,0,,survivor,16,49,1996-03-31,2026-06-30,2026-08-06,1
882291,AETHLON MEDICAL INC,AEMD,3841.0,Surgical & Medical Instruments & Apparatus,submissions,Nasdaq,0,,survivor,17,47,2008-03-31,2026-06-30,2026-08-13,1
882800,"Pacific Ventures Group, Inc.",,2080.0,Beverages,submissions,,0,,survivor,15,46,1996-03-31,2023-09-30,2023-11-21,1
884650,INFINITE GROUP INC,,7372.0,Services-Prepackaged Software,submissions,,0,,survivor,17,47,1996-09-30,2025-09-30,2026-02-23,1
886137,FINISH LINE INC /IN/,,5661.0,Retail-Shoe Stores,submissions,,0,,survivor,9,24,1996-05-31,2018-03-03,2018-05-11,1
888719,China Lithium Technologies Inc.,,3690.0,"Miscellaneous Electrical Machinery, Equipment & Supplies",submissions,,0,,survivor,4,13,2008-06-30,2012-03-31,2012-05-15,1
890908,DYNACQ HEALTHCARE INC,,8011.0,Services-Offices & Clinics of  Doctors of  Medicine,submissions,,0,,survivor,7,18,2001-11-30,2015-11-30,2016-01-14,1
891024,"PATTERSON COMPANIES, INC.",,5047.0,"Wholesale-Medical, Dental & Hospital Equipment & Supplies",submissions,,0,,survivor,15,46,1996-04-27,2025-01-25,2025-02-26,1
891456,PLAINS EXPLORATION & PRODUCTION CO,,1311.0,Crude Petroleum & Natural Gas,submissions,,0,,survivor,6,11,2002-12-31,2013-03-31,2013-05-06,1
891482,FULL HOUSE RESORTS INC,FLL,7011.0,Hotels & Motels,submissions,Nasdaq,0,,survivor,15,45,2008-03-31,2026-06-30,2026-08-06,1
894871,"Arena Group Holdings, Inc.",AREN,4841.0,Cable & Other Pay Television Services,submissions,NYSE,0,,survivor,17,45,2000-06-30,2026-06-30,2026-08-10,1
896878,INTUIT INC.,INTU,7372.0,Services-Prepackaged Software,submissions,Nasdaq,0,,survivor,15,45,1996-04-30,2026-04-30,2026-05-20,1
89800,SHERWIN WILLIAMS CO,SHW,5200.0,"Retail-Building Materials, Hardware, Garden Supply",submissions,NYSE,0,,survivor,15,45,1993-12-31,2026-06-30,2026-07-28,1
901219,HUMAN GENOME SCIENCES INC,,2836.0,"Biological Products, (No Diagnostic Substances)",submissions,,0,,survivor,2,8,1995-12-31,2012-06-30,2012-07-26,1
908598,"ATRM Holdings, Inc.",,2452.0,Prefabricated Wood Bldgs & Components,submissions,,0,,survivor,9,30,1996-03-31,2019-06-30,2019-08-14,1
909832,COSTCO WHOLESALE CORP /NEW,COST,5331.0,Retail-Variety Stores,submissions,Nasdaq,0,,survivor,16,47,1993-11-21,2026-05-10,2026-06-03,1
910267,TITAN PHARMACEUTICALS INC,,2836.0,"Biological Products, (No Diagnostic Substances)",submissions,,0,,survivor,18,46,1997-12-31,2025-06-30,2025-08-14,1
91142,SMITH A O CORP,AOS,3630.0,Household Appliances,submissions,NYSE,0,,survivor,15,45,1993-12-31,2026-06-30,2026-07-30,1
912263,TALBOTS INC,,5621.0,Retail-Women's Clothing Stores,submissions,,0,,survivor,4,7,1996-05-04,2012-04-28,2012-06-07,1
913277,Clarus Corp,CLAR,3949.0,"Sporting & Athletic Goods, NEC",submissions,Nasdaq,0,,survivor,17,45,1998-06-30,2026-06-30,2026-08-06,1
914397,GREAT LAKES AVIATION LTD,,4512.0,"Air Transportation, Scheduled",submissions,,0,,survivor,5,19,1995-12-31,2015-09-30,2015-11-23,1
915735,STRATASYS INC,,3577.0,"Computer Peripheral Equipment, NEC",submissions,,0,,survivor,3,11,1999-03-31,2012-09-30,2012-11-09,1
915840,BEAZER HOMES USA INC,BZH,1531.0,Operative Builders,submissions,NYSE,0,,survivor,15,46,1996-03-31,2026-06-30,2026-08-07,1
91882,"DOMINION ENERGY SOUTH CAROLINA, INC.",,4931.0,Electric & Other Services Combined,submissions,,0,,survivor,15,46,1993-12-31,2026-06-30,2026-07-31,1
920033,BANK JOS A CLOTHIERS INC /DE/,,5600.0,Retail-Apparel & Accessory Stores,submissions,,0,,survivor,6,15,1996-05-04,2014-05-03,2014-06-06,1
92416,SOUTHWEST GAS CORP,,4923.0,Natural Gas Transmisison & Distribution,submissions,,0,,survivor,15,45,1993-12-31,2026-06-30,2026-08-05,1
924383,Genasys Inc.,GNSS,3651.0,Household Audio & Video Equipment,submissions,Nasdaq,0,,survivor,18,45,1998-12-31,2026-06-30,2026-08-13,1
924717,SURMODICS INC,,3841.0,Surgical & Medical Instruments & Apparatus,submissions,,0,,survivor,17,47,1999-12-31,2025-06-30,2025-08-08,1
925535,CITIZENS CAPITAL CORP,,2080.0,Beverages,submissions,,0,,survivor,2,4,2010-12-31,2012-03-31,2012-05-14,1
927066,DAVITA INC.,DVA,8090.0,"Services-Misc Health & Allied Services, NEC",submissions,NYSE,0,,survivor,17,48,1996-03-31,2026-06-30,2026-08-04,1
927569,ATEL CASH DISTRIBUTION FUND VI LP,,7359.0,"Services-Equipment Rental & Leasing, NEC",submissions,,0,,survivor,4,12,1996-03-31,2013-12-31,2014-03-11,1
927720,SPANISH BROADCASTING SYSTEM INC,,4832.0,Radio Broadcasting Stations,submissions,,0,,survivor,12,31,1996-03-31,2020-03-31,2020-07-06,1
928576,MIDAMERICAN ENERGY CO,,4911.0,Electric Services,submissions,,0,,survivor,15,45,1995-06-30,2026-06-30,2026-08-10,1
931799,"GlyEco, Inc.",,2890.0,Miscellaneous Chemical Products,submissions,,0,,survivor,10,29,2008-06-30,2019-03-31,2019-05-15,1
932021,GLOBAL TECHNOLOGIES LTD,GTLL,3663.0,Radio & Tv Broadcasting & Communications Equipment,submissions,OTC,0,,survivor,5,15,1998-10-31,2026-03-31,2026-06-03,1
934473,GENVEC INC,,2834.0,Pharmaceutical Preparations,submissions,,0,,survivor,7,22,2000-12-31,2017-03-31,2017-05-10,1
941436,MODERN HOLDINGS Inc,,7372.0,Services-Prepackaged Software,submissions,,0,,survivor,1,4,2014-03-31,2015-03-31,2015-05-14,1
944508,"INVENTURE FOODS, INC.",,2090.0,Miscellaneous Food Preparations & Kindred Products,submissions,,0,,survivor,8,24,1998-09-30,2017-09-30,2017-11-09,1
946581,TAKE TWO INTERACTIVE SOFTWARE INC,TTWO,7372.0,Services-Prepackaged Software,submissions,Nasdaq,0,,survivor,15,49,1997-07-31,2026-06-30,2026-08-07,1
949189,"FORU Holdings, Inc.",,2835.0,In Vitro & In Vivo Diagnostic Substances,submissions,,0,,survivor,2,8,2008-09-30,2011-09-30,2011-11-21,1
949721,Attis Industries Inc.,,2860.0,Industrial Organic Chemicals,submissions,,0,,survivor,9,28,2008-03-31,2018-06-30,2019-07-10,1
96021,SYSCO CORP,SYY,5140.0,Wholesale-Groceries & Related Products,submissions,NYSE,0,,survivor,16,45,1994-01-01,2026-06-27,2026-08-21,1
96793,SUNLINK HEALTH SYSTEMS INC,,8062.0,"Services-General Medical & Surgical Hospitals, NEC",submissions,,0,,survivor,18,48,1994-12-31,2025-03-31,2025-05-13,1
96831,TECUMSEH PRODUCTS CO,,3585.0,Air-Cond & Warm Air Heatg Equip & Comm & Indl Refrig Equip,submissions,,0,,survivor,7,17,1993-12-31,2015-06-30,2015-08-04,1
97134,TENNANT CO,TNC,3580.0,Refrigeration & Service Industry Machinery,submissions,NYSE,0,,survivor,15,45,1995-03-31,2026-06-30,2026-08-06,1
98618,ALANCO TECHNOLOGIES INC,,4953.0,Refuse Systems,submissions,,0,,survivor,10,24,1995-06-30,2017-03-31,2017-05-22,1
9892,BARD C R INC /NJ/,,3841.0,Surgical & Medical Instruments & Apparatus,submissions,,0,,survivor,7,25,1993-12-31,2017-09-30,2017-10-26,1
